{
  "day": "2023-11-01",
  "data": {
    "0": 0.0501,
    "1": 0.04679,
    "2": 0.03863,
    "3": 0.03792,
    "4": 0.03807,
    "5": 0.03838,
    "6": 0.03776,
    "7": 0.03806,
    "8": 0.03961,
    "9": 0.03499,
    "10": 0.0302,
    "11": 0.02257,
    "12": 0.02193,
    "13": 0.02168,
    "14": 0.02186,
    "15": 0.02322,
    "16": 0.0277,
    "17": 0.03096,
    "18": 0.03088,
    "19": 0.0317,
    "20": 0.03577,
    "21": 0.04069,
    "22": 0.03341,
    "23": 0.03085
  }
}