{
  "day": "2023-11-02",
  "data": {
    "0": 0.03492,
    "1": 0.03647,
    "2": 0.03397,
    "3": 0.0351,
    "4": 0.03458,
    "5": 0.03573,
    "6": 0.03602,
    "7": 0.03224,
    "8": 0.05737,
    "9": 0.05356,
    "10": 0.09961,
    "11": 0.10004,
    "12": 0.09997,
    "13": 0.09985,
    "14": 0.05422,
    "15": 0.0543,
    "16": 0.05534,
    "17": 0.05361,
    "18": 0.09863,
    "19": 0.10289,
    "20": 0.10166,
    "21": 0.09562,
    "22": 0.05046,
    "23": 0.05175
  }
}