{
  "day": "2023-11-04",
  "data": {
    "0": 0.03437,
    "1": 0.03128,
    "2": 0.03127,
    "3": 0.03237,
    "4": 0.03223,
    "5": 0.03017,
    "6": 0.03021,
    "7": 0.02914,
    "8": 0.03348,
    "9": 0.02715,
    "10": 0.02434,
    "11": 0.01974,
    "12": 0.02111,
    "13": 0.02086,
    "14": 0.02089,
    "15": 0.02384,
    "16": 0.02516,
    "17": 0.025,
    "18": 0.02391,
    "19": 0.026,
    "20": 0.0257,
    "21": 0.02452,
    "22": 0.02167,
    "23": 0.01684
  }
}