{
  "day": "2023-11-10",
  "data": {
    "0": 0.10255,
    "1": 0.0979,
    "2": 0.09151,
    "3": 0.08376,
    "4": 0.08302,
    "5": 0.08796,
    "6": 0.08063,
    "7": 0.096,
    "8": 0.13194,
    "9": 0.10888,
    "10": 0.13229,
    "11": 0.12584,
    "12": 0.12402,
    "13": 0.11822,
    "14": 0.07238,
    "15": 0.08684,
    "16": 0.1015,
    "17": 0.1203,
    "18": 0.18491,
    "19": 0.20665,
    "20": 0.21407,
    "21": 0.18773,
    "22": 0.12439,
    "23": 0.10803
  }
}