{
  "day": "2023-11-13",
  "data": {
    "0": 0.0783,
    "1": 0.07399,
    "2": 0.06239,
    "3": 0.06349,
    "4": 0.06511,
    "5": 0.07936,
    "6": 0.08561,
    "7": 0.12617,
    "8": 0.17136,
    "9": 0.10948,
    "10": 0.14667,
    "11": 0.14102,
    "12": 0.12014,
    "13": 0.11602,
    "14": 0.07391,
    "15": 0.09576,
    "16": 0.10776,
    "17": 0.14842,
    "18": 0.19919,
    "19": 0.2124,
    "20": 0.19345,
    "21": 0.16688,
    "22": 0.11324,
    "23": 0.10251
  }
}