{
  "day": "2023-11-14",
  "data": {
    "0": 0.08055,
    "1": 0.07634,
    "2": 0.07532,
    "3": 0.07906,
    "4": 0.07905,
    "5": 0.07799,
    "6": 0.0888,
    "7": 0.11518,
    "8": 0.14921,
    "9": 0.14014,
    "10": 0.14659,
    "11": 0.13853,
    "12": 0.13811,
    "13": 0.13695,
    "14": 0.09185,
    "15": 0.09448,
    "16": 0.12804,
    "17": 0.15799,
    "18": 0.22522,
    "19": 0.22733,
    "20": 0.22823,
    "21": 0.2185,
    "22": 0.15227,
    "23": 0.15121
  }
}