{
  "day": "2023-11-15",
  "data": {
    "0": 0.11994,
    "1": 0.11601,
    "2": 0.11477,
    "3": 0.1166,
    "4": 0.11675,
    "5": 0.12205,
    "6": 0.13306,
    "7": 0.14971,
    "8": 0.17997,
    "9": 0.16151,
    "10": 0.19673,
    "11": 0.18786,
    "12": 0.18732,
    "13": 0.18566,
    "14": 0.14089,
    "15": 0.1434,
    "16": 0.16284,
    "17": 0.18265,
    "18": 0.23973,
    "19": 0.22941,
    "20": 0.22594,
    "21": 0.20956,
    "22": 0.15031,
    "23": 0.14623
  }
}