{
  "day": "2023-11-16",
  "data": {
    "0": 0.12786,
    "1": 0.12587,
    "2": 0.12592,
    "3": 0.12506,
    "4": 0.13003,
    "5": 0.1357,
    "6": 0.13719,
    "7": 0.15667,
    "8": 0.19028,
    "9": 0.17943,
    "10": 0.21231,
    "11": 0.22221,
    "12": 0.22025,
    "13": 0.20563,
    "14": 0.15159,
    "15": 0.14897,
    "16": 0.15459,
    "17": 0.17359,
    "18": 0.2287,
    "19": 0.23493,
    "20": 0.23008,
    "21": 0.22247,
    "22": 0.17343,
    "23": 0.16342
  }
}