{
  "day": "2023-11-18",
  "data": {
    "0": 0.15522,
    "1": 0.14485,
    "2": 0.13951,
    "3": 0.13644,
    "4": 0.13312,
    "5": 0.13298,
    "6": 0.13523,
    "7": 0.13963,
    "8": 0.15033,
    "9": 0.13608,
    "10": 0.10995,
    "11": 0.10797,
    "12": 0.10543,
    "13": 0.10541,
    "14": 0.10072,
    "15": 0.11047,
    "16": 0.12166,
    "17": 0.14816,
    "18": 0.14734,
    "19": 0.14921,
    "20": 0.15076,
    "21": 0.14739,
    "22": 0.12757,
    "23": 0.11912
  }
}