{
  "day": "2023-11-19",
  "data": {
    "0": 0.12594,
    "1": 0.12282,
    "2": 0.12399,
    "3": 0.12595,
    "4": 0.12562,
    "5": 0.12558,
    "6": 0.12813,
    "7": 0.12579,
    "8": 0.11968,
    "9": 0.10914,
    "10": 0.07547,
    "11": 0.05204,
    "12": 0.05643,
    "13": 0.07146,
    "14": 0.0733,
    "15": 0.07945,
    "16": 0.10956,
    "17": 0.13423,
    "18": 0.1442,
    "19": 0.14304,
    "20": 0.15404,
    "21": 0.14387,
    "22": 0.13283,
    "23": 0.13459
  }
}