{
  "day": "2023-11-20",
  "data": {
    "0": 0.13637,
    "1": 0.14226,
    "2": 0.14195,
    "3": 0.14381,
    "4": 0.14087,
    "5": 0.14115,
    "6": 0.14847,
    "7": 0.16986,
    "8": 0.18731,
    "9": 0.17359,
    "10": 0.20031,
    "11": 0.18577,
    "12": 0.19362,
    "13": 0.18289,
    "14": 0.12546,
    "15": 0.12682,
    "16": 0.15447,
    "17": 0.16276,
    "18": 0.22489,
    "19": 0.22443,
    "20": 0.22429,
    "21": 0.20625,
    "22": 0.14803,
    "23": 0.1214
  }
}