{
  "day": "2023-11-21",
  "data": {
    "0": 0.0798,
    "1": 0.07628,
    "2": 0.07397,
    "3": 0.07567,
    "4": 0.07573,
    "5": 0.07845,
    "6": 0.08595,
    "7": 0.08115,
    "8": 0.12172,
    "9": 0.09825,
    "10": 0.14007,
    "11": 0.12182,
    "12": 0.11661,
    "13": 0.11185,
    "14": 0.05921,
    "15": 0.06354,
    "16": 0.07693,
    "17": 0.09836,
    "18": 0.14871,
    "19": 0.16048,
    "20": 0.18101,
    "21": 0.1776,
    "22": 0.10282,
    "23": 0.09711
  }
}