{
  "day": "2023-11-22",
  "data": {
    "0": 0.06593,
    "1": 0.06542,
    "2": 0.06128,
    "3": 0.06079,
    "4": 0.06044,
    "5": 0.05865,
    "6": 0.064,
    "7": 0.06017,
    "8": 0.08784,
    "9": 0.08267,
    "10": 0.11934,
    "11": 0.1104,
    "12": 0.10697,
    "13": 0.10702,
    "14": 0.05716,
    "15": 0.06085,
    "16": 0.07382,
    "17": 0.09406,
    "18": 0.16771,
    "19": 0.14502,
    "20": 0.16002,
    "21": 0.14018,
    "22": 0.10397,
    "23": 0.08641
  }
}