{
  "day": "2023-11-24",
  "data": {
    "0": 0.07264,
    "1": 0.06922,
    "2": 0.06547,
    "3": 0.06598,
    "4": 0.06577,
    "5": 0.07117,
    "6": 0.10872,
    "7": 0.13153,
    "8": 0.16253,
    "9": 0.12946,
    "10": 0.16829,
    "11": 0.15375,
    "12": 0.15427,
    "13": 0.15421,
    "14": 0.10885,
    "15": 0.11132,
    "16": 0.13847,
    "17": 0.14593,
    "18": 0.20985,
    "19": 0.21254,
    "20": 0.20354,
    "21": 0.18714,
    "22": 0.14335,
    "23": 0.14066
  }
}