{
  "day": "2023-11-29",
  "data": {
    "0": 0.13247,
    "1": 0.13168,
    "2": 0.13274,
    "3": 0.12794,
    "4": 0.12256,
    "5": 0.12321,
    "6": 0.13036,
    "7": 0.12802,
    "8": 0.15687,
    "9": 0.15514,
    "10": 0.19934,
    "11": 0.18495,
    "12": 0.16812,
    "13": 0.16208,
    "14": 0.11486,
    "15": 0.11735,
    "16": 0.12919,
    "17": 0.15414,
    "18": 0.20576,
    "19": 0.20281,
    "20": 0.20719,
    "21": 0.20491,
    "22": 0.15556,
    "23": 0.1504
  }
}