{
  "day": "2025-11-01",
  "data": {
    "0": 0.10854,
    "1": 0.08807,
    "2": 0.08992,
    "3": 0.09547,
    "4": 0.09612,
    "5": 0.09917,
    "6": 0.11102,
    "7": 0.11839,
    "8": 0.12964,
    "9": 0.08934,
    "10": 0.0772,
    "11": 0.07285,
    "12": 0.06859,
    "13": 0.07442,
    "14": 0.07526,
    "15": 0.08516,
    "16": 0.10738,
    "17": 0.13109,
    "18": 0.14536,
    "19": 0.16238,
    "20": 0.16368,
    "21": 0.15907,
    "22": 0.13739,
    "23": 0.13073
  }
}