{
  "day": "2025-11-02",
  "data": {
    "0": 0.14308,
    "1": 0.12497,
    "2": 0.10644,
    "3": 0.09374,
    "4": 0.0936,
    "5": 0.09387,
    "6": 0.10345,
    "7": 0.11051,
    "8": 0.10749,
    "9": 0.08192,
    "10": 0.0669,
    "11": 0.06588,
    "12": 0.06547,
    "13": 0.06553,
    "14": 0.06589,
    "15": 0.0685,
    "16": 0.07644,
    "17": 0.11279,
    "18": 0.14763,
    "19": 0.17211,
    "20": 0.17747,
    "21": 0.18001,
    "22": 0.1702,
    "23": 0.16782
  }
}