{
  "day": "2025-11-03",
  "data": {
    "0": 0.13088,
    "1": 0.12693,
    "2": 0.12737,
    "3": 0.1276,
    "4": 0.12753,
    "5": 0.12891,
    "6": 0.14716,
    "7": 0.1799,
    "8": 0.18346,
    "9": 0.13295,
    "10": 0.15812,
    "11": 0.14367,
    "12": 0.1401,
    "13": 0.13448,
    "14": 0.07467,
    "15": 0.09167,
    "16": 0.12248,
    "17": 0.17291,
    "18": 0.26292,
    "19": 0.28936,
    "20": 0.29436,
    "21": 0.26238,
    "22": 0.16717,
    "23": 0.15298
  }
}