{
  "day": "2025-11-06",
  "data": {
    "0": 0.08643,
    "1": 0.08067,
    "2": 0.08251,
    "3": 0.07557,
    "4": 0.07044,
    "5": 0.07898,
    "6": 0.10728,
    "7": 0.13157,
    "8": 0.15138,
    "9": 0.10139,
    "10": 0.15156,
    "11": 0.14875,
    "12": 0.14863,
    "13": 0.14574,
    "14": 0.08141,
    "15": 0.08455,
    "16": 0.10245,
    "17": 0.16336,
    "18": 0.26212,
    "19": 0.2813,
    "20": 0.27146,
    "21": 0.24754,
    "22": 0.17687,
    "23": 0.16614
  }
}