{
  "day": "2025-11-07",
  "data": {
    "0": 0.10924,
    "1": 0.10423,
    "2": 0.10256,
    "3": 0.08649,
    "4": 0.08183,
    "5": 0.09136,
    "6": 0.11187,
    "7": 0.12402,
    "8": 0.16166,
    "9": 0.14201,
    "10": 0.1907,
    "11": 0.18193,
    "12": 0.18102,
    "13": 0.17189,
    "14": 0.11482,
    "15": 0.12759,
    "16": 0.14776,
    "17": 0.16459,
    "18": 0.25124,
    "19": 0.25237,
    "20": 0.24718,
    "21": 0.23243,
    "22": 0.15829,
    "23": 0.14192
  }
}