{
  "day": "2025-11-09",
  "data": {
    "0": 0.12278,
    "1": 0.11848,
    "2": 0.1141,
    "3": 0.11398,
    "4": 0.11414,
    "5": 0.1172,
    "6": 0.12725,
    "7": 0.13393,
    "8": 0.1331,
    "9": 0.10128,
    "10": 0.0547,
    "11": 0.05181,
    "12": 0.0526,
    "13": 0.0545,
    "14": 0.05606,
    "15": 0.07293,
    "16": 0.11429,
    "17": 0.14165,
    "18": 0.14813,
    "19": 0.15785,
    "20": 0.16401,
    "21": 0.16878,
    "22": 0.15544,
    "23": 0.14286
  }
}