{
  "day": "2025-11-11",
  "data": {
    "0": 0.14253,
    "1": 0.14138,
    "2": 0.14293,
    "3": 0.13956,
    "4": 0.13962,
    "5": 0.13807,
    "6": 0.13926,
    "7": 0.14138,
    "8": 0.16347,
    "9": 0.11731,
    "10": 0.14349,
    "11": 0.14306,
    "12": 0.14537,
    "13": 0.13835,
    "14": 0.06989,
    "15": 0.078,
    "16": 0.10689,
    "17": 0.14692,
    "18": 0.22992,
    "19": 0.23711,
    "20": 0.2376,
    "21": 0.22954,
    "22": 0.15595,
    "23": 0.13916
  }
}