{
  "day": "2025-11-12",
  "data": {
    "0": 0.10878,
    "1": 0.09022,
    "2": 0.08764,
    "3": 0.0798,
    "4": 0.07585,
    "5": 0.08088,
    "6": 0.10842,
    "7": 0.11788,
    "8": 0.13739,
    "9": 0.09987,
    "10": 0.1548,
    "11": 0.15344,
    "12": 0.15787,
    "13": 0.15465,
    "14": 0.09006,
    "15": 0.09278,
    "16": 0.10472,
    "17": 0.13408,
    "18": 0.20794,
    "19": 0.21679,
    "20": 0.22521,
    "21": 0.21777,
    "22": 0.13704,
    "23": 0.11913
  }
}