{
  "day": "2025-11-13",
  "data": {
    "0": 0.09004,
    "1": 0.0892,
    "2": 0.08569,
    "3": 0.08008,
    "4": 0.07952,
    "5": 0.08193,
    "6": 0.09741,
    "7": 0.10499,
    "8": 0.13834,
    "9": 0.1302,
    "10": 0.18246,
    "11": 0.17258,
    "12": 0.17475,
    "13": 0.17081,
    "14": 0.10692,
    "15": 0.11475,
    "16": 0.12428,
    "17": 0.1311,
    "18": 0.20477,
    "19": 0.20398,
    "20": 0.19869,
    "21": 0.19067,
    "22": 0.11461,
    "23": 0.10465
  }
}