{
  "day": "2025-11-15",
  "data": {
    "0": 0.09159,
    "1": 0.0899,
    "2": 0.09045,
    "3": 0.08784,
    "4": 0.08808,
    "5": 0.0889,
    "6": 0.08894,
    "7": 0.08912,
    "8": 0.1066,
    "9": 0.09575,
    "10": 0.08749,
    "11": 0.08135,
    "12": 0.08754,
    "13": 0.08844,
    "14": 0.09534,
    "15": 0.10292,
    "16": 0.10866,
    "17": 0.11396,
    "18": 0.12773,
    "19": 0.1167,
    "20": 0.10527,
    "21": 0.10113,
    "22": 0.09765,
    "23": 0.09684
  }
}