{
  "day": "2025-11-16",
  "data": {
    "0": 0.09774,
    "1": 0.09276,
    "2": 0.09173,
    "3": 0.0897,
    "4": 0.08853,
    "5": 0.08841,
    "6": 0.08806,
    "7": 0.09564,
    "8": 0.09484,
    "9": 0.08013,
    "10": 0.06334,
    "11": 0.05919,
    "12": 0.06252,
    "13": 0.06173,
    "14": 0.06153,
    "15": 0.06582,
    "16": 0.08476,
    "17": 0.12015,
    "18": 0.1345,
    "19": 0.1446,
    "20": 0.15359,
    "21": 0.15721,
    "22": 0.13882,
    "23": 0.12349
  }
}