{
  "day": "2025-11-18",
  "data": {
    "0": 0.12109,
    "1": 0.11916,
    "2": 0.11668,
    "3": 0.11127,
    "4": 0.11031,
    "5": 0.10954,
    "6": 0.13058,
    "7": 0.14475,
    "8": 0.17009,
    "9": 0.13968,
    "10": 0.16849,
    "11": 0.13929,
    "12": 0.13484,
    "13": 0.14335,
    "14": 0.0848,
    "15": 0.1105,
    "16": 0.1458,
    "17": 0.17389,
    "18": 0.26757,
    "19": 0.26875,
    "20": 0.27073,
    "21": 0.27155,
    "22": 0.18421,
    "23": 0.16525
  }
}