{
  "day": "2025-11-21",
  "data": {
    "0": 0.1215,
    "1": 0.11327,
    "2": 0.11237,
    "3": 0.10582,
    "4": 0.10543,
    "5": 0.09885,
    "6": 0.10647,
    "7": 0.1249,
    "8": 0.15288,
    "9": 0.09568,
    "10": 0.13381,
    "11": 0.1342,
    "12": 0.13407,
    "13": 0.13202,
    "14": 0.06812,
    "15": 0.08078,
    "16": 0.1088,
    "17": 0.16156,
    "18": 0.25915,
    "19": 0.29463,
    "20": 0.28524,
    "21": 0.2525,
    "22": 0.17754,
    "23": 0.17225
  }
}