{
  "day": "2025-11-22",
  "data": {
    "0": 0.14028,
    "1": 0.13113,
    "2": 0.12834,
    "3": 0.12008,
    "4": 0.11707,
    "5": 0.11714,
    "6": 0.12309,
    "7": 0.13092,
    "8": 0.12798,
    "9": 0.08177,
    "10": 0.04692,
    "11": 0.04593,
    "12": 0.04634,
    "13": 0.04679,
    "14": 0.04556,
    "15": 0.04881,
    "16": 0.09133,
    "17": 0.13982,
    "18": 0.15349,
    "19": 0.15977,
    "20": 0.14542,
    "21": 0.14263,
    "22": 0.13833,
    "23": 0.13139
  }
}