{
  "day": "2025-11-24",
  "data": {
    "0": 0.08443,
    "1": 0.06779,
    "2": 0.06126,
    "3": 0.06125,
    "4": 0.06078,
    "5": 0.05928,
    "6": 0.07243,
    "7": 0.10023,
    "8": 0.1428,
    "9": 0.12945,
    "10": 0.18453,
    "11": 0.177,
    "12": 0.17324,
    "13": 0.17682,
    "14": 0.11632,
    "15": 0.12482,
    "16": 0.13599,
    "17": 0.14125,
    "18": 0.21859,
    "19": 0.22196,
    "20": 0.22998,
    "21": 0.22192,
    "22": 0.14951,
    "23": 0.14348
  }
}