{
  "day": "2025-11-26",
  "data": {
    "0": 0.12382,
    "1": 0.11575,
    "2": 0.11038,
    "3": 0.10824,
    "4": 0.10755,
    "5": 0.11778,
    "6": 0.12484,
    "7": 0.13946,
    "8": 0.17449,
    "9": 0.13441,
    "10": 0.16377,
    "11": 0.13383,
    "12": 0.13229,
    "13": 0.12968,
    "14": 0.06502,
    "15": 0.07969,
    "16": 0.13377,
    "17": 0.16811,
    "18": 0.2627,
    "19": 0.28619,
    "20": 0.26858,
    "21": 0.24345,
    "22": 0.16615,
    "23": 0.15775
  }
}