{
  "day": "2025-11-29",
  "data": {
    "0": 0.14357,
    "1": 0.1394,
    "2": 0.13854,
    "3": 0.13326,
    "4": 0.12395,
    "5": 0.12255,
    "6": 0.12335,
    "7": 0.1269,
    "8": 0.14057,
    "9": 0.11893,
    "10": 0.09892,
    "11": 0.08489,
    "12": 0.08518,
    "13": 0.07882,
    "14": 0.08249,
    "15": 0.09502,
    "16": 0.11458,
    "17": 0.14664,
    "18": 0.13894,
    "19": 0.14157,
    "20": 0.14166,
    "21": 0.13858,
    "22": 0.12604,
    "23": 0.12039
  }
}