{
  "day": "2025-11-30",
  "data": {
    "0": 0.11827,
    "1": 0.11341,
    "2": 0.11262,
    "3": 0.11108,
    "4": 0.11144,
    "5": 0.11186,
    "6": 0.10908,
    "7": 0.11238,
    "8": 0.12164,
    "9": 0.12491,
    "10": 0.11116,
    "11": 0.09664,
    "12": 0.08233,
    "13": 0.08885,
    "14": 0.09206,
    "15": 0.10466,
    "16": 0.12591,
    "17": 0.14437,
    "18": 0.14624,
    "19": 0.14872,
    "20": 0.14308,
    "21": 0.13659,
    "22": 0.13218,
    "23": 0.12562
  }
}