{
  "day": "2022-06-01",
  "data": {
    "0": 0.27019,
    "1": 0.26025,
    "2": 0.2523,
    "3": 0.24831,
    "4": 0.24141,
    "5": 0.24541,
    "6": 0.28037,
    "7": 0.30101,
    "8": 0.32257,
    "9": 0.29973,
    "10": 0.32731,
    "11": 0.32275,
    "12": 0.31328,
    "13": 0.29517,
    "14": 0.24089,
    "15": 0.23818,
    "16": 0.23587,
    "17": 0.23901,
    "18": 0.29373,
    "19": 0.32313,
    "20": 0.37436,
    "21": 0.39076,
    "22": 0.32982,
    "23": 0.31008
  }
}