{
  "day": "2022-06-04",
  "data": {
    "0": 0.29099,
    "1": 0.29267,
    "2": 0.27345,
    "3": 0.26818,
    "4": 0.26046,
    "5": 0.26856,
    "6": 0.26834,
    "7": 0.27714,
    "8": 0.25645,
    "9": 0.24083,
    "10": 0.24349,
    "11": 0.23753,
    "12": 0.22773,
    "13": 0.22382,
    "14": 0.21567,
    "15": 0.20181,
    "16": 0.19846,
    "17": 0.20353,
    "18": 0.22619,
    "19": 0.24496,
    "20": 0.26174,
    "21": 0.29858,
    "22": 0.30388,
    "23": 0.29723
  }
}