{
  "day": "2022-06-06",
  "data": {
    "0": 0.26588,
    "1": 0.24852,
    "2": 0.23632,
    "3": 0.23708,
    "4": 0.23445,
    "5": 0.23674,
    "6": 0.2633,
    "7": 0.27285,
    "8": 0.28714,
    "9": 0.25725,
    "10": 0.30081,
    "11": 0.29535,
    "12": 0.29059,
    "13": 0.28914,
    "14": 0.24374,
    "15": 0.24045,
    "16": 0.23824,
    "17": 0.23699,
    "18": 0.28696,
    "19": 0.32086,
    "20": 0.33604,
    "21": 0.3629,
    "22": 0.31389,
    "23": 0.29277
  }
}