{
  "day": "2022-06-08",
  "data": {
    "0": 0.23249,
    "1": 0.21546,
    "2": 0.21245,
    "3": 0.21496,
    "4": 0.21469,
    "5": 0.21737,
    "6": 0.24119,
    "7": 0.25848,
    "8": 0.286,
    "9": 0.27273,
    "10": 0.30306,
    "11": 0.30091,
    "12": 0.28628,
    "13": 0.27929,
    "14": 0.22512,
    "15": 0.22217,
    "16": 0.22214,
    "17": 0.22394,
    "18": 0.27568,
    "19": 0.30333,
    "20": 0.33212,
    "21": 0.33093,
    "22": 0.28292,
    "23": 0.26964
  }
}