{
  "day": "2022-06-10",
  "data": {
    "0": 0.24253,
    "1": 0.2224,
    "2": 0.21584,
    "3": 0.21638,
    "4": 0.21677,
    "5": 0.23526,
    "6": 0.25381,
    "7": 0.25876,
    "8": 0.28483,
    "9": 0.26738,
    "10": 0.29949,
    "11": 0.30708,
    "12": 0.31278,
    "13": 0.30606,
    "14": 0.24762,
    "15": 0.23707,
    "16": 0.23729,
    "17": 0.26514,
    "18": 0.3209,
    "19": 0.33031,
    "20": 0.34267,
    "21": 0.33822,
    "22": 0.28942,
    "23": 0.2786
  }
}