{
  "day": "2022-06-15",
  "data": {
    "0": 0.31185,
    "1": 0.31004,
    "2": 0.30945,
    "3": 0.30839,
    "4": 0.30925,
    "5": 0.31724,
    "6": 0.30679,
    "7": 0.30117,
    "8": 0.31853,
    "9": 0.29399,
    "10": 0.32321,
    "11": 0.31803,
    "12": 0.31849,
    "13": 0.3193,
    "14": 0.26774,
    "15": 0.25779,
    "16": 0.26146,
    "17": 0.26072,
    "18": 0.30983,
    "19": 0.32861,
    "20": 0.35612,
    "21": 0.35824,
    "22": 0.30905,
    "23": 0.28286
  }
}