{
  "day": "2022-06-16",
  "data": {
    "0": 0.35179,
    "1": 0.32779,
    "2": 0.32578,
    "3": 0.32918,
    "4": 0.33376,
    "5": 0.34387,
    "6": 0.33722,
    "7": 0.35095,
    "8": 0.3652,
    "9": 0.32758,
    "10": 0.36639,
    "11": 0.35413,
    "12": 0.35111,
    "13": 0.35157,
    "14": 0.29485,
    "15": 0.29718,
    "16": 0.29873,
    "17": 0.3106,
    "18": 0.36285,
    "19": 0.405,
    "20": 0.41849,
    "21": 0.42898,
    "22": 0.38498,
    "23": 0.37963
  }
}