{
  "day": "2022-06-18",
  "data": {
    "0": 0.38247,
    "1": 0.34978,
    "2": 0.3404,
    "3": 0.34176,
    "4": 0.34585,
    "5": 0.34384,
    "6": 0.33359,
    "7": 0.31878,
    "8": 0.27388,
    "9": 0.24912,
    "10": 0.24811,
    "11": 0.22301,
    "12": 0.20013,
    "13": 0.1928,
    "14": 0.17632,
    "15": 0.16965,
    "16": 0.16459,
    "17": 0.16743,
    "18": 0.17845,
    "19": 0.20671,
    "20": 0.25664,
    "21": 0.28658,
    "22": 0.30492,
    "23": 0.29312
  }
}