{
  "day": "2022-06-20",
  "data": {
    "0": 0.3898,
    "1": 0.39263,
    "2": 0.40082,
    "3": 0.40591,
    "4": 0.40832,
    "5": 0.39456,
    "6": 0.37708,
    "7": 0.37473,
    "8": 0.38265,
    "9": 0.34903,
    "10": 0.38044,
    "11": 0.3464,
    "12": 0.33398,
    "13": 0.3124,
    "14": 0.2526,
    "15": 0.2435,
    "16": 0.23521,
    "17": 0.24375,
    "18": 0.30224,
    "19": 0.33224,
    "20": 0.38249,
    "21": 0.41294,
    "22": 0.38452,
    "23": 0.37282
  }
}