{
  "day": "2022-06-21",
  "data": {
    "0": 0.39439,
    "1": 0.3845,
    "2": 0.39301,
    "3": 0.39599,
    "4": 0.40489,
    "5": 0.40549,
    "6": 0.38895,
    "7": 0.39317,
    "8": 0.39651,
    "9": 0.35173,
    "10": 0.37293,
    "11": 0.36129,
    "12": 0.35363,
    "13": 0.34344,
    "14": 0.29023,
    "15": 0.28443,
    "16": 0.28637,
    "17": 0.28752,
    "18": 0.34008,
    "19": 0.35069,
    "20": 0.38241,
    "21": 0.4276,
    "22": 0.38647,
    "23": 0.36488
  }
}