{
  "day": "2022-06-30",
  "data": {
    "0": 0.27579,
    "1": 0.27833,
    "2": 0.2867,
    "3": 0.29435,
    "4": 0.29705,
    "5": 0.29223,
    "6": 0.29227,
    "7": 0.28703,
    "8": 0.29416,
    "9": 0.27393,
    "10": 0.31135,
    "11": 0.29743,
    "12": 0.29049,
    "13": 0.28045,
    "14": 0.22642,
    "15": 0.22346,
    "16": 0.21333,
    "17": 0.21405,
    "18": 0.26493,
    "19": 0.28938,
    "20": 0.33477,
    "21": 0.35692,
    "22": 0.31496,
    "23": 0.31676
  }
}