{
  "day": "2026-03-01",
  "data": {
    "0": 0.10939,
    "1": 0.11052,
    "2": 0.10728,
    "3": 0.10728,
    "4": 0.10846,
    "5": 0.1075,
    "6": 0.10722,
    "7": 0.1071,
    "8": 0.1051,
    "9": 0.0842,
    "10": 0.07816,
    "11": 0.07669,
    "12": 0.07607,
    "13": 0.07696,
    "14": 0.07535,
    "15": 0.07844,
    "16": 0.07806,
    "17": 0.07674,
    "18": 0.09317,
    "19": 0.12827,
    "20": 0.12057,
    "21": 0.10028,
    "22": 0.09958,
    "23": 0.0943
  }
}