{
  "day": "2026-03-05",
  "data": {
    "0": 0.12886,
    "1": 0.12015,
    "2": 0.12081,
    "3": 0.11129,
    "4": 0.1144,
    "5": 0.12676,
    "6": 0.16532,
    "7": 0.2175,
    "8": 0.23576,
    "9": 0.18496,
    "10": 0.2258,
    "11": 0.18733,
    "12": 0.16538,
    "13": 0.16119,
    "14": 0.09433,
    "15": 0.10335,
    "16": 0.13138,
    "17": 0.17204,
    "18": 0.29645,
    "19": 0.32888,
    "20": 0.27537,
    "21": 0.23733,
    "22": 0.15442,
    "23": 0.13498
  }
}