{
  "day": "2026-03-08",
  "data": {
    "0": 0.15907,
    "1": 0.15195,
    "2": 0.14914,
    "3": 0.1434,
    "4": 0.14113,
    "5": 0.14276,
    "6": 0.14007,
    "7": 0.14518,
    "8": 0.14667,
    "9": 0.12226,
    "10": 0.07759,
    "11": 0.05705,
    "12": 0.04632,
    "13": 0.05195,
    "14": 0.05352,
    "15": 0.05976,
    "16": 0.07359,
    "17": 0.12152,
    "18": 0.21709,
    "19": 0.2515,
    "20": 0.21796,
    "21": 0.20433,
    "22": 0.18709,
    "23": 0.18604
  }
}