{
  "day": "2026-03-10",
  "data": {
    "0": 0.15817,
    "1": 0.14814,
    "2": 0.13495,
    "3": 0.12084,
    "4": 0.12097,
    "5": 0.14001,
    "6": 0.16266,
    "7": 0.20397,
    "8": 0.23525,
    "9": 0.18743,
    "10": 0.22189,
    "11": 0.20289,
    "12": 0.20148,
    "13": 0.19669,
    "14": 0.12785,
    "15": 0.1333,
    "16": 0.15244,
    "17": 0.16338,
    "18": 0.29321,
    "19": 0.33739,
    "20": 0.39427,
    "21": 0.36801,
    "22": 0.24526,
    "23": 0.21443
  }
}