{
  "day": "2026-03-12",
  "data": {
    "0": 0.15119,
    "1": 0.14635,
    "2": 0.13864,
    "3": 0.13783,
    "4": 0.13865,
    "5": 0.14253,
    "6": 0.16982,
    "7": 0.18306,
    "8": 0.1933,
    "9": 0.11561,
    "10": 0.1278,
    "11": 0.12308,
    "12": 0.12392,
    "13": 0.12394,
    "14": 0.05581,
    "15": 0.05585,
    "16": 0.05691,
    "17": 0.07803,
    "18": 0.23814,
    "19": 0.30129,
    "20": 0.33945,
    "21": 0.31592,
    "22": 0.21092,
    "23": 0.19449
  }
}