{
  "day": "2026-03-15",
  "data": {
    "0": 0.08859,
    "1": 0.09016,
    "2": 0.09331,
    "3": 0.09353,
    "4": 0.09328,
    "5": 0.09304,
    "6": 0.0907,
    "7": 0.0914,
    "8": 0.1031,
    "9": 0.09118,
    "10": 0.08533,
    "11": 0.08482,
    "12": 0.08448,
    "13": 0.08594,
    "14": 0.08603,
    "15": 0.08892,
    "16": 0.08739,
    "17": 0.08807,
    "18": 0.09466,
    "19": 0.11754,
    "20": 0.13581,
    "21": 0.13306,
    "22": 0.12319,
    "23": 0.11648
  }
}