{
  "day": "2026-03-16",
  "data": {
    "0": 0.07441,
    "1": 0.07673,
    "2": 0.07558,
    "3": 0.07557,
    "4": 0.075,
    "5": 0.07518,
    "6": 0.08538,
    "7": 0.10537,
    "8": 0.09731,
    "9": 0.07615,
    "10": 0.14513,
    "11": 0.14562,
    "12": 0.14604,
    "13": 0.14624,
    "14": 0.07798,
    "15": 0.07811,
    "16": 0.0785,
    "17": 0.08646,
    "18": 0.23001,
    "19": 0.37125,
    "20": 0.3863,
    "21": 0.34913,
    "22": 0.24132,
    "23": 0.21512
  }
}