{
  "day": "2026-03-18",
  "data": {
    "0": 0.10273,
    "1": 0.09357,
    "2": 0.10184,
    "3": 0.09555,
    "4": 0.09558,
    "5": 0.09596,
    "6": 0.1286,
    "7": 0.15043,
    "8": 0.14852,
    "9": 0.10212,
    "10": 0.1546,
    "11": 0.15253,
    "12": 0.15205,
    "13": 0.15215,
    "14": 0.08363,
    "15": 0.0828,
    "16": 0.08463,
    "17": 0.09653,
    "18": 0.21356,
    "19": 0.24213,
    "20": 0.25521,
    "21": 0.23565,
    "22": 0.14357,
    "23": 0.12307
  }
}