{
  "day": "2026-03-20",
  "data": {
    "0": 0.0796,
    "1": 0.08957,
    "2": 0.08616,
    "3": 0.07926,
    "4": 0.08678,
    "5": 0.10176,
    "6": 0.11121,
    "7": 0.13404,
    "8": 0.15049,
    "9": 0.12427,
    "10": 0.17237,
    "11": 0.15534,
    "12": 0.15686,
    "13": 0.15317,
    "14": 0.08561,
    "15": 0.08754,
    "16": 0.09796,
    "17": 0.13033,
    "18": 0.24084,
    "19": 0.28096,
    "20": 0.27663,
    "21": 0.25874,
    "22": 0.18902,
    "23": 0.17891
  }
}