{
  "day": "2026-03-21",
  "data": {
    "0": 0.11395,
    "1": 0.10829,
    "2": 0.1131,
    "3": 0.10739,
    "4": 0.10866,
    "5": 0.11528,
    "6": 0.1249,
    "7": 0.11998,
    "8": 0.10615,
    "9": 0.07572,
    "10": 0.06616,
    "11": 0.0624,
    "12": 0.0604,
    "13": 0.05765,
    "14": 0.05808,
    "15": 0.05808,
    "16": 0.06127,
    "17": 0.08375,
    "18": 0.1455,
    "19": 0.18535,
    "20": 0.17256,
    "21": 0.15094,
    "22": 0.15333,
    "23": 0.14398
  }
}