{
  "day": "2026-03-27",
  "data": {
    "0": 0.0812,
    "1": 0.08126,
    "2": 0.08578,
    "3": 0.08618,
    "4": 0.0856,
    "5": 0.08439,
    "6": 0.07858,
    "7": 0.07971,
    "8": 0.10467,
    "9": 0.10446,
    "10": 0.1755,
    "11": 0.17509,
    "12": 0.17465,
    "13": 0.17475,
    "14": 0.10635,
    "15": 0.1078,
    "16": 0.11012,
    "17": 0.11134,
    "18": 0.18325,
    "19": 0.21152,
    "20": 0.24762,
    "21": 0.23748,
    "22": 0.14898,
    "23": 0.13756
  }
}