{
  "day": "2026-03-28",
  "data": {
    "0": 0.09236,
    "1": 0.09173,
    "2": 0.09631,
    "3": 0.09743,
    "4": 0.09812,
    "5": 0.09843,
    "6": 0.09568,
    "7": 0.08446,
    "8": 0.09013,
    "9": 0.0851,
    "10": 0.08642,
    "11": 0.08478,
    "12": 0.08565,
    "13": 0.0857,
    "14": 0.08522,
    "15": 0.08762,
    "16": 0.09007,
    "17": 0.0924,
    "18": 0.08892,
    "19": 0.08176,
    "20": 0.08464,
    "21": 0.08877,
    "22": 0.08676,
    "23": 0.08521
  }
}