{
  "day": "2026-03-29",
  "data": {
    "0": 0.09492,
    "1": 0.09594,
    "3": 0.0986,
    "4": 0.10025,
    "5": 0.10035,
    "6": 0.1003,
    "7": 0.10032,
    "8": 0.11025,
    "9": 0.09778,
    "10": 0.08913,
    "11": 0.09008,
    "12": 0.08919,
    "13": 0.09055,
    "14": 0.08965,
    "15": 0.09098,
    "16": 0.09259,
    "17": 0.09544,
    "18": 0.09057,
    "19": 0.08477,
    "20": 0.08996,
    "21": 0.09221,
    "22": 0.09291,
    "23": 0.09353
  }
}