{
  "day": "2026-03-31",
  "data": {
    "0": 0.09115,
    "1": 0.09096,
    "2": 0.09525,
    "3": 0.09468,
    "4": 0.09393,
    "5": 0.09302,
    "6": 0.08849,
    "7": 0.09824,
    "8": 0.12048,
    "9": 0.11246,
    "10": 0.18005,
    "11": 0.184,
    "12": 0.18369,
    "13": 0.18354,
    "14": 0.1151,
    "15": 0.11539,
    "16": 0.11722,
    "17": 0.11783,
    "18": 0.188,
    "19": 0.18019,
    "20": 0.20373,
    "21": 0.22325,
    "22": 0.13644,
    "23": 0.11795
  }
}