{
  "day": "2024-04-11",
  "data": {
    "0": 0.04951,
    "1": 0.04823,
    "2": 0.04826,
    "3": 0.04714,
    "4": 0.04742,
    "5": 0.04808,
    "6": 0.04931,
    "7": 0.0676,
    "8": 0.08731,
    "9": 0.06719,
    "10": 0.11781,
    "11": 0.11768,
    "12": 0.11746,
    "13": 0.11687,
    "14": 0.06746,
    "15": 0.06818,
    "16": 0.06748,
    "17": 0.06698,
    "18": 0.11511,
    "19": 0.12109,
    "20": 0.18155,
    "21": 0.19419,
    "22": 0.14624,
    "23": 0.10522
  }
}