{
  "day": "2024-04-13",
  "data": {
    "0": 0.07835,
    "1": 0.07402,
    "2": 0.07551,
    "3": 0.07142,
    "4": 0.0686,
    "5": 0.06724,
    "6": 0.06988,
    "7": 0.06922,
    "8": 0.06694,
    "9": 0.04585,
    "10": 0.04314,
    "11": 0.04135,
    "12": 0.04095,
    "13": 0.04074,
    "14": 0.04164,
    "15": 0.04227,
    "16": 0.04262,
    "17": 0.04444,
    "18": 0.04552,
    "19": 0.05339,
    "20": 0.06643,
    "21": 0.07924,
    "22": 0.06724,
    "23": 0.05605
  }
}