{
  "day": "2024-04-16",
  "data": {
    "0": 0.0576,
    "1": 0.06004,
    "2": 0.06164,
    "3": 0.06355,
    "4": 0.06355,
    "5": 0.06258,
    "6": 0.05939,
    "7": 0.05218,
    "8": 0.07827,
    "9": 0.07436,
    "10": 0.12446,
    "11": 0.1244,
    "12": 0.12423,
    "13": 0.12401,
    "14": 0.07509,
    "15": 0.07525,
    "16": 0.07538,
    "17": 0.0752,
    "18": 0.12361,
    "19": 0.12213,
    "20": 0.12449,
    "21": 0.1305,
    "22": 0.07669,
    "23": 0.07627
  }
}