{
  "day": "2024-04-18",
  "data": {
    "0": 0.05244,
    "1": 0.05316,
    "2": 0.05293,
    "3": 0.05326,
    "4": 0.05323,
    "5": 0.05327,
    "6": 0.05334,
    "7": 0.06928,
    "8": 0.07772,
    "9": 0.07317,
    "10": 0.12235,
    "11": 0.12305,
    "12": 0.12316,
    "13": 0.1227,
    "14": 0.07349,
    "15": 0.07522,
    "16": 0.07481,
    "17": 0.07504,
    "18": 0.12238,
    "19": 0.12415,
    "20": 0.13301,
    "21": 0.15267,
    "22": 0.08691,
    "23": 0.07624
  }
}