{
  "day": "2024-04-19",
  "data": {
    "0": 0.06037,
    "1": 0.06093,
    "2": 0.06244,
    "3": 0.06448,
    "4": 0.0593,
    "5": 0.06815,
    "6": 0.07566,
    "7": 0.08011,
    "8": 0.10762,
    "9": 0.07824,
    "10": 0.12286,
    "11": 0.12325,
    "12": 0.12071,
    "13": 0.12077,
    "14": 0.07142,
    "15": 0.07173,
    "16": 0.07195,
    "17": 0.07499,
    "18": 0.1273,
    "19": 0.14105,
    "20": 0.15332,
    "21": 0.1551,
    "22": 0.10461,
    "23": 0.10602
  }
}