{
  "day": "2024-04-21",
  "data": {
    "0": 0.06682,
    "1": 0.06738,
    "2": 0.06988,
    "3": 0.07365,
    "4": 0.07436,
    "5": 0.07485,
    "6": 0.07424,
    "7": 0.07683,
    "8": 0.07647,
    "9": 0.06736,
    "10": 0.05447,
    "11": 0.05303,
    "12": 0.05269,
    "13": 0.04864,
    "14": 0.04853,
    "15": 0.04956,
    "16": 0.05059,
    "17": 0.05459,
    "18": 0.05623,
    "19": 0.05266,
    "20": 0.05238,
    "21": 0.0581,
    "22": 0.0569,
    "23": 0.05343
  }
}