{
  "day": "2024-04-23",
  "data": {
    "0": 0.05617,
    "1": 0.05457,
    "2": 0.0582,
    "3": 0.05901,
    "4": 0.0594,
    "5": 0.0603,
    "6": 0.05908,
    "7": 0.06822,
    "8": 0.07926,
    "9": 0.07232,
    "10": 0.12156,
    "11": 0.12132,
    "12": 0.12175,
    "13": 0.12118,
    "14": 0.07188,
    "15": 0.07265,
    "16": 0.07271,
    "17": 0.07267,
    "18": 0.12084,
    "19": 0.12234,
    "20": 0.13561,
    "21": 0.1599,
    "22": 0.10021,
    "23": 0.07999
  }
}