{
  "day": "2024-04-24",
  "data": {
    "0": 0.07059,
    "1": 0.06483,
    "2": 0.06247,
    "3": 0.06177,
    "4": 0.06189,
    "5": 0.06188,
    "6": 0.06561,
    "7": 0.07759,
    "8": 0.09397,
    "9": 0.07294,
    "10": 0.11906,
    "11": 0.11929,
    "12": 0.11989,
    "13": 0.11932,
    "14": 0.069,
    "15": 0.06975,
    "16": 0.06981,
    "17": 0.07046,
    "18": 0.12208,
    "19": 0.14362,
    "20": 0.15328,
    "21": 0.23063,
    "22": 0.15663,
    "23": 0.10352
  }
}