{
  "day": "2024-04-25",
  "data": {
    "0": 0.07754,
    "1": 0.07477,
    "2": 0.07736,
    "3": 0.0779,
    "4": 0.07774,
    "5": 0.07711,
    "6": 0.08041,
    "7": 0.14493,
    "8": 0.13318,
    "9": 0.09702,
    "10": 0.14075,
    "11": 0.1366,
    "12": 0.13347,
    "13": 0.12931,
    "14": 0.07469,
    "15": 0.07247,
    "16": 0.07185,
    "17": 0.07541,
    "18": 0.13498,
    "19": 0.1459,
    "20": 0.20946,
    "21": 0.23383,
    "22": 0.16586,
    "23": 0.15163
  }
}