{
  "day": "2024-04-26",
  "data": {
    "0": 0.11982,
    "1": 0.11404,
    "2": 0.10551,
    "3": 0.11521,
    "4": 0.11858,
    "5": 0.11418,
    "6": 0.1332,
    "7": 0.14447,
    "8": 0.16081,
    "9": 0.14131,
    "10": 0.14272,
    "11": 0.14217,
    "12": 0.14175,
    "13": 0.139,
    "14": 0.08,
    "15": 0.07953,
    "16": 0.07701,
    "17": 0.08058,
    "18": 0.13378,
    "19": 0.14378,
    "20": 0.17067,
    "21": 0.21219,
    "22": 0.15022,
    "23": 0.11505
  }
}