{
  "day": "2024-04-27",
  "data": {
    "0": 0.09261,
    "1": 0.08514,
    "2": 0.08207,
    "3": 0.08283,
    "4": 0.08314,
    "5": 0.08391,
    "6": 0.08283,
    "7": 0.08259,
    "8": 0.07786,
    "9": 0.06009,
    "10": 0.04913,
    "11": 0.04285,
    "12": 0.03981,
    "13": 0.03791,
    "14": 0.03796,
    "15": 0.042,
    "16": 0.04284,
    "17": 0.04408,
    "18": 0.04498,
    "19": 0.06033,
    "20": 0.09005,
    "21": 0.11245,
    "22": 0.11013,
    "23": 0.1046
  }
}