{
  "day": "2025-01-01",
  "data": {
    "0": 0.18207,
    "1": 0.18247,
    "2": 0.18802,
    "3": 0.18705,
    "4": 0.17947,
    "5": 0.17158,
    "6": 0.17056,
    "7": 0.16718,
    "8": 0.16526,
    "9": 0.96488,
    "10": 0.07423,
    "11": 0.04903,
    "12": 0.04509,
    "13": 0.05085,
    "14": 0.04101,
    "15": 0.0284,
    "16": 0.14834,
    "17": 0.80297,
    "18": 0.19046,
    "19": 0.19085,
    "20": 0.19333,
    "21": 0.19515,
    "22": 0.19229,
    "23": 0.18053
  }
}