{
  "day": "2025-01-03",
  "data": {
    "0": 0.15455,
    "1": 0.14134,
    "2": 0.13485,
    "3": 0.13154,
    "4": 0.12683,
    "5": 0.12922,
    "6": 0.13741,
    "7": 0.15663,
    "8": 0.1936,
    "9": 0.19066,
    "10": 0.25138,
    "11": 0.24031,
    "12": 0.22716,
    "13": 0.21851,
    "14": 0.15251,
    "15": 0.15829,
    "16": 0.1763,
    "17": 0.19842,
    "18": 0.26973,
    "19": 0.27139,
    "20": 0.27165,
    "21": 0.27022,
    "22": 0.20114,
    "23": 0.19338
  }
}