{
  "day": "2025-01-04",
  "data": {
    "0": 0.14627,
    "1": 0.14041,
    "2": 0.13809,
    "3": 0.13371,
    "4": 0.13716,
    "5": 0.14493,
    "6": 0.1513,
    "7": 0.15436,
    "8": 0.16136,
    "9": 0.16727,
    "10": 0.15093,
    "11": 0.12807,
    "12": 0.10762,
    "13": 0.10713,
    "14": 0.11503,
    "15": 0.12785,
    "16": 0.15785,
    "17": 0.17448,
    "18": 0.17756,
    "19": 0.16941,
    "20": 0.15893,
    "21": 0.15439,
    "22": 0.15045,
    "23": 0.14383
  }
}