{
  "day": "2025-01-05",
  "data": {
    "0": 0.16202,
    "1": 0.1315,
    "2": 0.12795,
    "3": 0.11013,
    "4": 0.10735,
    "5": 0.0988,
    "6": 0.09434,
    "7": 0.10338,
    "8": 0.10773,
    "9": 0.16373,
    "10": 0.1145,
    "11": 0.08966,
    "12": 0.08488,
    "13": 0.07392,
    "14": 0.06787,
    "15": 0.06885,
    "16": 0.10296,
    "17": 0.10652,
    "18": 0.10912,
    "19": 0.10745,
    "20": 0.10774,
    "21": 0.11539,
    "22": 0.10382,
    "23": 0.08527
  }
}