{
  "day": "2025-01-07",
  "data": {
    "0": 0.119,
    "1": 0.11242,
    "2": 0.10252,
    "3": 0.08989,
    "4": 0.06841,
    "5": 0.08774,
    "6": 0.11305,
    "7": 0.13907,
    "8": 0.17846,
    "9": 0.16978,
    "10": 0.22204,
    "11": 0.19957,
    "12": 0.194,
    "13": 0.1923,
    "14": 0.12899,
    "15": 0.14548,
    "16": 0.16538,
    "17": 0.18041,
    "18": 0.25925,
    "19": 0.25415,
    "20": 0.24198,
    "21": 0.23914,
    "22": 0.1612,
    "23": 0.15415
  }
}