{
  "day": "2025-01-09",
  "data": {
    "0": 0.09407,
    "1": 0.08112,
    "2": 0.07162,
    "3": 0.05125,
    "4": 0.03514,
    "5": 0.05611,
    "6": 0.09386,
    "7": 0.1265,
    "8": 0.15926,
    "9": 0.16284,
    "10": 0.22183,
    "11": 0.21419,
    "12": 0.21237,
    "13": 0.20068,
    "14": 0.1343,
    "15": 0.14234,
    "16": 0.17041,
    "17": 0.19205,
    "18": 0.26442,
    "19": 0.26511,
    "20": 0.27342,
    "21": 0.26698,
    "22": 0.17699,
    "23": 0.16465
  }
}