{
  "day": "2025-01-12",
  "data": {
    "0": 0.16131,
    "1": 0.15092,
    "2": 0.14526,
    "3": 0.1419,
    "4": 0.14232,
    "5": 0.14183,
    "6": 0.14087,
    "7": 0.13122,
    "8": 0.13351,
    "9": 0.14491,
    "10": 0.07799,
    "11": 0.04044,
    "12": 0.02927,
    "13": 0.0293,
    "14": 0.02892,
    "15": 0.02875,
    "16": 0.04201,
    "17": 0.13948,
    "18": 0.16533,
    "19": 0.17293,
    "20": 0.16945,
    "21": 0.17424,
    "22": 0.16729,
    "23": 0.16775
  }
}