{
  "day": "2025-01-14",
  "data": {
    "0": 0.14681,
    "1": 0.14296,
    "2": 0.14149,
    "3": 0.13621,
    "4": 0.13639,
    "5": 0.1369,
    "6": 0.16282,
    "7": 0.17986,
    "8": 0.23976,
    "9": 0.19901,
    "10": 0.24109,
    "11": 0.21904,
    "12": 0.21632,
    "13": 0.21338,
    "14": 0.15136,
    "15": 0.15293,
    "16": 0.17411,
    "17": 0.20714,
    "18": 0.3079,
    "19": 0.30913,
    "20": 0.28107,
    "21": 0.26568,
    "22": 0.19698,
    "23": 0.19097
  }
}