{
  "day": "2025-01-15",
  "data": {
    "0": 0.15672,
    "1": 0.14608,
    "2": 0.14265,
    "3": 0.13952,
    "4": 0.13936,
    "5": 0.13884,
    "6": 0.15877,
    "7": 0.19479,
    "8": 0.28971,
    "9": 0.20827,
    "10": 0.24928,
    "11": 0.24134,
    "12": 0.23168,
    "13": 0.22724,
    "14": 0.15632,
    "15": 0.15962,
    "16": 0.17858,
    "17": 0.18675,
    "18": 0.28195,
    "19": 0.2962,
    "20": 0.28417,
    "21": 0.26361,
    "22": 0.18451,
    "23": 0.16843
  }
}