{
  "day": "2025-01-18",
  "data": {
    "0": 0.16101,
    "1": 0.15763,
    "2": 0.16022,
    "3": 0.15237,
    "4": 0.14428,
    "5": 0.14773,
    "6": 0.14657,
    "7": 0.15907,
    "8": 0.17047,
    "9": 0.16877,
    "10": 0.15297,
    "11": 0.12795,
    "12": 0.1304,
    "13": 0.13017,
    "14": 0.13093,
    "15": 0.13429,
    "16": 0.14303,
    "17": 0.17045,
    "18": 0.19379,
    "19": 0.19396,
    "20": 0.18,
    "21": 0.17532,
    "22": 0.17392,
    "23": 0.16962
  }
}