{
  "day": "2025-01-19",
  "data": {
    "0": 0.16408,
    "1": 0.15797,
    "2": 0.15737,
    "3": 0.15631,
    "4": 0.15547,
    "5": 0.15488,
    "6": 0.15568,
    "7": 0.15604,
    "8": 0.15257,
    "9": 0.15897,
    "10": 0.12781,
    "11": 0.12672,
    "12": 0.12212,
    "13": 0.12648,
    "14": 0.1262,
    "15": 0.13054,
    "16": 0.1419,
    "17": 0.16833,
    "18": 0.19025,
    "19": 0.18632,
    "20": 0.17958,
    "21": 0.18133,
    "22": 0.16766,
    "23": 0.15056
  }
}