{
  "day": "2025-01-21",
  "data": {
    "0": 0.1618,
    "1": 0.15653,
    "2": 0.15011,
    "3": 0.13937,
    "4": 0.13761,
    "5": 0.14558,
    "6": 0.16282,
    "7": 0.16928,
    "8": 0.20791,
    "9": 0.20295,
    "10": 0.25905,
    "11": 0.25712,
    "12": 0.25372,
    "13": 0.25048,
    "14": 0.17912,
    "15": 0.17717,
    "16": 0.18972,
    "17": 0.1919,
    "18": 0.26212,
    "19": 0.27825,
    "20": 0.27382,
    "21": 0.26003,
    "22": 0.18322,
    "23": 0.17211
  }
}