{
  "day": "2025-01-24",
  "data": {
    "0": 0.13058,
    "1": 0.12675,
    "2": 0.12161,
    "3": 0.11496,
    "4": 0.1144,
    "5": 0.11467,
    "6": 0.12737,
    "7": 0.1383,
    "8": 0.18091,
    "9": 0.17447,
    "10": 0.21624,
    "11": 0.20311,
    "12": 0.19981,
    "13": 0.19382,
    "14": 0.12694,
    "15": 0.13116,
    "16": 0.13341,
    "17": 0.14928,
    "18": 0.22544,
    "19": 0.23797,
    "20": 0.23886,
    "21": 0.22955,
    "22": 0.15865,
    "23": 0.15295
  }
}