{
  "day": "2025-01-25",
  "data": {
    "0": 0.10717,
    "1": 0.08397,
    "2": 0.07962,
    "3": 0.07053,
    "4": 0.06746,
    "5": 0.06844,
    "6": 0.07695,
    "7": 0.09855,
    "8": 0.08074,
    "9": 0.08345,
    "10": 0.07104,
    "11": 0.08987,
    "12": 0.07721,
    "13": 0.05863,
    "14": 0.04813,
    "15": 0.03879,
    "16": 0.0644,
    "17": 0.07442,
    "18": 0.12454,
    "19": 0.14318,
    "20": 0.15025,
    "21": 0.14234,
    "22": 0.1408,
    "23": 0.1289
  }
}