{
  "day": "2025-01-26",
  "data": {
    "0": 0.10241,
    "1": 0.09905,
    "2": 0.0949,
    "3": 0.09633,
    "4": 0.0929,
    "5": 0.09456,
    "6": 0.09285,
    "7": 0.09429,
    "8": 0.08563,
    "9": 0.11488,
    "10": 0.08136,
    "11": 0.07745,
    "12": 0.05185,
    "13": 0.0507,
    "14": 0.05009,
    "15": 0.05431,
    "16": 0.09214,
    "17": 0.08526,
    "18": 0.08986,
    "19": 0.09354,
    "20": 0.08606,
    "21": 0.08285,
    "22": 0.07965,
    "23": 0.07535
  }
}