{
  "day": "2025-01-27",
  "data": {
    "0": 0.07524,
    "1": 0.06524,
    "2": 0.06683,
    "3": 0.07016,
    "4": 0.06613,
    "5": 0.06799,
    "6": 0.07001,
    "7": 0.08922,
    "8": 0.1265,
    "9": 0.12256,
    "10": 0.17705,
    "11": 0.16265,
    "12": 0.14839,
    "13": 0.13375,
    "14": 0.06775,
    "15": 0.07097,
    "16": 0.08347,
    "17": 0.10705,
    "18": 0.18112,
    "19": 0.19878,
    "20": 0.18279,
    "21": 0.17976,
    "22": 0.10541,
    "23": 0.10235
  }
}