{
  "day": "2024-05-01",
  "data": {
    "0": 0.08643,
    "1": 0.08937,
    "2": 0.0764,
    "3": 0.07471,
    "4": 0.07267,
    "5": 0.07322,
    "6": 0.0745,
    "7": 0.07337,
    "8": 0.06532,
    "9": 0.05793,
    "10": 0.04343,
    "11": 0.04104,
    "12": 0.03991,
    "13": 0.03824,
    "14": 0.03846,
    "15": 0.03968,
    "16": 0.04134,
    "17": 0.0516,
    "18": 0.05288,
    "19": 0.05408,
    "20": 0.06737,
    "21": 0.07882,
    "22": 0.07855,
    "23": 0.06858
  }
}