{
  "day": "2024-05-02",
  "data": {
    "0": 0.06815,
    "1": 0.06561,
    "2": 0.06696,
    "3": 0.06503,
    "4": 0.06528,
    "5": 0.06625,
    "6": 0.07515,
    "7": 0.08042,
    "8": 0.1071,
    "9": 0.08084,
    "10": 0.06991,
    "11": 0.11974,
    "12": 0.11946,
    "13": 0.11971,
    "14": 0.11802,
    "15": 0.07042,
    "16": 0.0715,
    "17": 0.07036,
    "18": 0.07559,
    "19": 0.13442,
    "20": 0.15269,
    "21": 0.1798,
    "22": 0.16586,
    "23": 0.10471
  }
}