{
  "day": "2024-05-04",
  "data": {
    "0": 0.08426,
    "1": 0.08434,
    "2": 0.08022,
    "3": 0.07007,
    "4": 0.06728,
    "5": 0.07064,
    "6": 0.07325,
    "7": 0.0762,
    "8": 0.06599,
    "9": 0.04975,
    "10": 0.04698,
    "11": 0.04748,
    "12": 0.04741,
    "13": 0.0478,
    "14": 0.04679,
    "15": 0.04711,
    "16": 0.04775,
    "17": 0.04815,
    "18": 0.04645,
    "19": 0.05009,
    "20": 0.07605,
    "21": 0.08014,
    "22": 0.08109,
    "23": 0.07798
  }
}