{
  "day": "2024-05-05",
  "data": {
    "0": 0.08522,
    "1": 0.08255,
    "2": 0.08165,
    "3": 0.08105,
    "4": 0.08199,
    "5": 0.08368,
    "6": 0.0847,
    "7": 0.08276,
    "8": 0.07346,
    "9": 0.05023,
    "10": 0.05178,
    "11": 0.04882,
    "12": 0.04832,
    "13": 0.04553,
    "14": 0.04383,
    "15": 0.04535,
    "16": 0.04916,
    "17": 0.04975,
    "18": 0.05366,
    "19": 0.05744,
    "20": 0.07833,
    "21": 0.09811,
    "22": 0.09558,
    "23": 0.09492
  }
}