{
  "day": "2024-05-07",
  "data": {
    "0": 0.12805,
    "1": 0.12494,
    "2": 0.12296,
    "3": 0.11627,
    "4": 0.1149,
    "5": 0.11644,
    "6": 0.12179,
    "7": 0.14353,
    "8": 0.14413,
    "9": 0.09757,
    "10": 0.07185,
    "11": 0.11583,
    "12": 0.11251,
    "13": 0.11193,
    "14": 0.11391,
    "15": 0.06512,
    "16": 0.06515,
    "17": 0.06452,
    "18": 0.06397,
    "19": 0.1515,
    "20": 0.1722,
    "21": 0.18417,
    "22": 0.18115,
    "23": 0.11641
  }
}