{
  "day": "2024-05-08",
  "data": {
    "0": 0.07667,
    "1": 0.0679,
    "2": 0.06774,
    "3": 0.06618,
    "4": 0.06917,
    "5": 0.06722,
    "6": 0.06894,
    "7": 0.07846,
    "8": 0.10081,
    "9": 0.09026,
    "10": 0.08081,
    "11": 0.12644,
    "12": 0.12291,
    "13": 0.12241,
    "14": 0.12365,
    "15": 0.07438,
    "16": 0.07484,
    "17": 0.07501,
    "18": 0.08215,
    "19": 0.1473,
    "20": 0.16119,
    "21": 0.18678,
    "22": 0.18035,
    "23": 0.12495
  }
}