{
  "day": "2024-05-10",
  "data": {
    "0": 0.09138,
    "1": 0.08785,
    "2": 0.0889,
    "3": 0.08682,
    "4": 0.08734,
    "5": 0.08932,
    "6": 0.10425,
    "7": 0.12063,
    "8": 0.10844,
    "9": 0.08717,
    "10": 0.07501,
    "11": 0.117,
    "12": 0.11512,
    "13": 0.11323,
    "14": 0.11411,
    "15": 0.06889,
    "16": 0.0712,
    "17": 0.07486,
    "18": 0.07561,
    "19": 0.13272,
    "20": 0.1561,
    "21": 0.1962,
    "22": 0.16635,
    "23": 0.10864
  }
}