{
  "day": "2024-05-11",
  "data": {
    "0": 0.08789,
    "1": 0.08442,
    "2": 0.08722,
    "3": 0.08851,
    "4": 0.08916,
    "5": 0.0894,
    "6": 0.08846,
    "7": 0.08798,
    "8": 0.07908,
    "9": 0.05367,
    "10": 0.04312,
    "11": 0.04255,
    "12": 0.04312,
    "13": 0.04324,
    "14": 0.04403,
    "15": 0.04474,
    "16": 0.04531,
    "17": 0.05108,
    "18": 0.05409,
    "19": 0.06169,
    "20": 0.07983,
    "21": 0.08896,
    "22": 0.0869,
    "23": 0.08776
  }
}