{
  "day": "2024-05-13",
  "data": {
    "0": 0.09177,
    "1": 0.09269,
    "2": 0.09591,
    "3": 0.09727,
    "4": 0.09701,
    "5": 0.09541,
    "6": 0.09173,
    "7": 0.09821,
    "8": 0.12163,
    "9": 0.10673,
    "10": 0.07939,
    "11": 0.11679,
    "12": 0.11317,
    "13": 0.11296,
    "14": 0.11389,
    "15": 0.06458,
    "16": 0.07235,
    "17": 0.07411,
    "18": 0.07573,
    "19": 0.13811,
    "20": 0.15462,
    "21": 0.15412,
    "22": 0.15837,
    "23": 0.10445
  }
}