{
  "day": "2024-05-16",
  "data": {
    "0": 0.09901,
    "1": 0.08492,
    "2": 0.08151,
    "3": 0.08014,
    "4": 0.08036,
    "5": 0.08022,
    "6": 0.07903,
    "7": 0.07627,
    "8": 0.10724,
    "9": 0.09884,
    "10": 0.08225,
    "11": 0.11879,
    "12": 0.11867,
    "13": 0.11787,
    "14": 0.11712,
    "15": 0.06524,
    "16": 0.06536,
    "17": 0.06808,
    "18": 0.07223,
    "19": 0.15063,
    "20": 0.16559,
    "21": 0.24646,
    "22": 0.23507,
    "23": 0.15706
  }
}