{
  "day": "2024-05-17",
  "data": {
    "0": 0.13242,
    "1": 0.12242,
    "2": 0.10884,
    "3": 0.10022,
    "4": 0.09,
    "5": 0.09925,
    "6": 0.10733,
    "7": 0.14259,
    "8": 0.15642,
    "9": 0.11066,
    "10": 0.09359,
    "11": 0.14351,
    "12": 0.14315,
    "13": 0.1292,
    "14": 0.12581,
    "15": 0.07087,
    "16": 0.06933,
    "17": 0.078,
    "18": 0.09043,
    "19": 0.1479,
    "20": 0.17569,
    "21": 0.19615,
    "22": 0.20593,
    "23": 0.14245
  }
}