{
  "day": "2024-05-18",
  "data": {
    "0": 0.1198,
    "1": 0.11278,
    "2": 0.09498,
    "3": 0.09558,
    "4": 0.09954,
    "5": 0.10021,
    "6": 0.10206,
    "7": 0.09347,
    "8": 0.08145,
    "9": 0.06754,
    "10": 0.05149,
    "11": 0.03751,
    "12": 0.03667,
    "13": 0.03658,
    "14": 0.03708,
    "15": 0.03795,
    "16": 0.04102,
    "17": 0.04618,
    "18": 0.06375,
    "19": 0.08709,
    "20": 0.09828,
    "21": 0.11745,
    "22": 0.12084,
    "23": 0.1118
  }
}