{
  "day": "2024-05-22",
  "data": {
    "0": 0.11519,
    "1": 0.11254,
    "2": 0.10994,
    "3": 0.10995,
    "4": 0.10808,
    "5": 0.11117,
    "6": 0.10497,
    "7": 0.10538,
    "8": 0.12274,
    "9": 0.10089,
    "10": 0.08199,
    "11": 0.13002,
    "12": 0.12968,
    "13": 0.11858,
    "14": 0.11829,
    "15": 0.06062,
    "16": 0.06081,
    "17": 0.06659,
    "18": 0.08685,
    "19": 0.15827,
    "20": 0.17119,
    "21": 0.18929,
    "22": 0.18511,
    "23": 0.13973
  }
}