{
  "day": "2024-05-23",
  "data": {
    "0": 0.11198,
    "1": 0.11281,
    "2": 0.09624,
    "3": 0.11387,
    "4": 0.11382,
    "5": 0.11358,
    "6": 0.11127,
    "7": 0.11926,
    "8": 0.14999,
    "9": 0.13352,
    "10": 0.1046,
    "11": 0.1474,
    "12": 0.13905,
    "13": 0.13945,
    "14": 0.13606,
    "15": 0.08133,
    "16": 0.08167,
    "17": 0.09166,
    "18": 0.10627,
    "19": 0.18753,
    "20": 0.18279,
    "21": 0.20322,
    "22": 0.20786,
    "23": 0.15
  }
}