{
  "day": "2024-05-25",
  "data": {
    "0": 0.14612,
    "1": 0.13735,
    "2": 0.12753,
    "3": 0.12527,
    "4": 0.12484,
    "5": 0.12393,
    "6": 0.12495,
    "7": 0.12899,
    "8": 0.08143,
    "9": 0.06927,
    "10": 0.05427,
    "11": 0.04578,
    "12": 0.03908,
    "13": 0.0357,
    "14": 0.03478,
    "15": 0.03576,
    "16": 0.03692,
    "17": 0.03643,
    "18": 0.04392,
    "19": 0.07627,
    "20": 0.1493,
    "21": 0.12521,
    "22": 0.13264,
    "23": 0.1298
  }
}