{
  "day": "2024-05-27",
  "data": {
    "0": 0.09355,
    "1": 0.09454,
    "2": 0.09422,
    "3": 0.09672,
    "4": 0.09399,
    "5": 0.09616,
    "6": 0.09252,
    "7": 0.09283,
    "8": 0.10469,
    "9": 0.10423,
    "10": 0.09627,
    "11": 0.14051,
    "12": 0.14627,
    "13": 0.14029,
    "14": 0.13867,
    "15": 0.08056,
    "16": 0.07228,
    "17": 0.08514,
    "18": 0.09499,
    "19": 0.15306,
    "20": 0.15437,
    "21": 0.17384,
    "22": 0.17425,
    "23": 0.10475
  }
}