{
  "day": "2024-05-28",
  "data": {
    "0": 0.0848,
    "1": 0.08636,
    "2": 0.08919,
    "3": 0.09013,
    "4": 0.09028,
    "5": 0.08849,
    "6": 0.09146,
    "7": 0.09889,
    "8": 0.10984,
    "9": 0.10395,
    "10": 0.09236,
    "11": 0.11178,
    "12": 0.11331,
    "13": 0.11347,
    "14": 0.11377,
    "15": 0.06408,
    "16": 0.06447,
    "17": 0.07029,
    "18": 0.07761,
    "19": 0.1501,
    "20": 0.16753,
    "21": 0.19317,
    "22": 0.17903,
    "23": 0.11215
  }
}