{
  "day": "2024-05-29",
  "data": {
    "0": 0.10141,
    "1": 0.08701,
    "2": 0.08779,
    "3": 0.08929,
    "4": 0.08996,
    "5": 0.08961,
    "6": 0.10603,
    "7": 0.11093,
    "8": 0.12337,
    "9": 0.10234,
    "10": 0.09049,
    "11": 0.13308,
    "12": 0.13677,
    "13": 0.13021,
    "14": 0.13222,
    "15": 0.07657,
    "16": 0.07718,
    "17": 0.08679,
    "18": 0.09762,
    "19": 0.15032,
    "20": 0.15553,
    "21": 0.18285,
    "22": 0.18833,
    "23": 0.13208
  }
}