{
  "day": "2024-05-30",
  "data": {
    "0": 0.10199,
    "1": 0.09712,
    "2": 0.09632,
    "3": 0.09554,
    "4": 0.0939,
    "5": 0.09728,
    "6": 0.09648,
    "7": 0.09232,
    "8": 0.10953,
    "9": 0.09748,
    "10": 0.07859,
    "11": 0.12263,
    "12": 0.12198,
    "13": 0.11915,
    "14": 0.11944,
    "15": 0.06967,
    "16": 0.06978,
    "17": 0.07186,
    "18": 0.07292,
    "19": 0.13203,
    "20": 0.16153,
    "21": 0.15892,
    "22": 0.16533,
    "23": 0.11156
  }
}