{
  "day": "2024-06-02",
  "data": {
    "0": 0.05879,
    "1": 0.05599,
    "2": 0.05696,
    "3": 0.05655,
    "4": 0.05724,
    "5": 0.05942,
    "6": 0.05735,
    "7": 0.05922,
    "8": 0.05306,
    "9": 0.04878,
    "10": 0.04232,
    "11": 0.04685,
    "12": 0.04668,
    "13": 0.04652,
    "14": 0.04657,
    "15": 0.04789,
    "16": 0.04849,
    "17": 0.05322,
    "18": 0.0599,
    "19": 0.05969,
    "20": 0.06942,
    "21": 0.07855,
    "22": 0.07624,
    "23": 0.06134
  }
}