{
  "day": "2024-06-06",
  "data": {
    "0": 0.13147,
    "1": 0.13666,
    "2": 0.14025,
    "3": 0.13884,
    "4": 0.1393,
    "5": 0.13931,
    "6": 0.14214,
    "7": 0.14843,
    "8": 0.15941,
    "9": 0.13824,
    "10": 0.18154,
    "11": 0.16847,
    "12": 0.16001,
    "13": 0.1533,
    "14": 0.10315,
    "15": 0.10337,
    "16": 0.11071,
    "17": 0.13035,
    "18": 0.1957,
    "19": 0.20806,
    "20": 0.22342,
    "21": 0.22643,
    "22": 0.17133,
    "23": 0.16396
  }
}