{
  "day": "2024-06-08",
  "data": {
    "0": 0.13008,
    "1": 0.12496,
    "2": 0.12123,
    "3": 0.11947,
    "4": 0.12061,
    "5": 0.12077,
    "6": 0.13455,
    "7": 0.14227,
    "8": 0.1409,
    "9": 0.1339,
    "10": 0.10309,
    "11": 0.08115,
    "12": 0.07071,
    "13": 0.07022,
    "14": 0.06246,
    "15": 0.06378,
    "16": 0.05997,
    "17": 0.0549,
    "18": 0.06828,
    "19": 0.08502,
    "20": 0.12456,
    "21": 0.13784,
    "22": 0.13733,
    "23": 0.1251
  }
}