{
  "day": "2024-06-11",
  "data": {
    "0": 0.13518,
    "1": 0.13373,
    "2": 0.12386,
    "3": 0.11443,
    "4": 0.11446,
    "5": 0.12337,
    "6": 0.10986,
    "7": 0.15533,
    "8": 0.17156,
    "9": 0.14181,
    "10": 0.15195,
    "11": 0.14704,
    "12": 0.14556,
    "13": 0.1447,
    "14": 0.08943,
    "15": 0.09098,
    "16": 0.09182,
    "17": 0.09158,
    "18": 0.15532,
    "19": 0.18234,
    "20": 0.19112,
    "21": 0.19803,
    "22": 0.1402,
    "23": 0.1342
  }
}