{
  "day": "2024-06-12",
  "data": {
    "0": 0.12333,
    "1": 0.10157,
    "2": 0.10271,
    "3": 0.1008,
    "4": 0.09521,
    "5": 0.09467,
    "6": 0.1008,
    "7": 0.1374,
    "8": 0.14309,
    "9": 0.10741,
    "10": 0.14201,
    "11": 0.14176,
    "12": 0.14195,
    "13": 0.14242,
    "14": 0.09067,
    "15": 0.06915,
    "16": 0.06759,
    "17": 0.08261,
    "18": 0.15038,
    "19": 0.17077,
    "20": 0.19435,
    "21": 0.2178,
    "22": 0.16813,
    "23": 0.1512
  }
}