{
  "day": "2024-06-16",
  "data": {
    "0": 0.08672,
    "1": 0.08926,
    "2": 0.09048,
    "3": 0.09079,
    "4": 0.09118,
    "5": 0.09169,
    "6": 0.09117,
    "7": 0.08085,
    "8": 0.06892,
    "9": 0.05021,
    "10": 0.04401,
    "11": 0.042,
    "12": 0.04177,
    "13": 0.04141,
    "14": 0.04128,
    "15": 0.04216,
    "16": 0.04276,
    "17": 0.04715,
    "18": 0.05126,
    "19": 0.0543,
    "20": 0.06711,
    "21": 0.07694,
    "22": 0.08376,
    "23": 0.08603
  }
}