{
  "day": "2024-06-19",
  "data": {
    "0": 0.14104,
    "1": 0.13636,
    "2": 0.13109,
    "3": 0.12582,
    "4": 0.12566,
    "5": 0.12919,
    "6": 0.13467,
    "7": 0.17921,
    "8": 0.18436,
    "9": 0.16606,
    "10": 0.18314,
    "11": 0.14927,
    "12": 0.14491,
    "13": 0.1369,
    "14": 0.08797,
    "15": 0.08588,
    "16": 0.08544,
    "17": 0.09332,
    "18": 0.16543,
    "19": 0.225,
    "20": 0.22037,
    "21": 0.21721,
    "22": 0.16605,
    "23": 0.14421
  }
}