{
  "day": "2024-06-20",
  "data": {
    "0": 0.13782,
    "1": 0.13331,
    "2": 0.13156,
    "3": 0.12991,
    "4": 0.12533,
    "5": 0.12143,
    "6": 0.12786,
    "7": 0.14581,
    "8": 0.16053,
    "9": 0.15068,
    "10": 0.1721,
    "11": 0.16223,
    "12": 0.15811,
    "13": 0.15632,
    "14": 0.11003,
    "15": 0.11212,
    "16": 0.11196,
    "17": 0.11292,
    "18": 0.18285,
    "19": 0.21473,
    "20": 0.22172,
    "21": 0.22696,
    "22": 0.17413,
    "23": 0.1648
  }
}