{
  "day": "2024-06-21",
  "data": {
    "0": 0.13409,
    "1": 0.13185,
    "2": 0.13558,
    "3": 0.13387,
    "4": 0.13373,
    "5": 0.13399,
    "6": 0.13185,
    "7": 0.15246,
    "8": 0.17265,
    "9": 0.16405,
    "10": 0.18338,
    "11": 0.16063,
    "12": 0.16194,
    "13": 0.15813,
    "14": 0.10416,
    "15": 0.09011,
    "16": 0.08698,
    "17": 0.09883,
    "18": 0.15813,
    "19": 0.18376,
    "20": 0.21073,
    "21": 0.22088,
    "22": 0.17127,
    "23": 0.16088
  }
}