{
  "day": "2024-06-22",
  "data": {
    "0": 0.12742,
    "1": 0.12002,
    "2": 0.12163,
    "3": 0.1203,
    "4": 0.12109,
    "5": 0.12109,
    "6": 0.12108,
    "7": 0.11985,
    "8": 0.08399,
    "9": 0.07753,
    "10": 0.04682,
    "11": 0.03953,
    "12": 0.03631,
    "13": 0.03629,
    "14": 0.03648,
    "15": 0.03636,
    "16": 0.03693,
    "17": 0.03736,
    "18": 0.04147,
    "19": 0.07781,
    "20": 0.09466,
    "21": 0.11738,
    "22": 0.14394,
    "23": 0.11871
  }
}