{
  "day": "2024-06-26",
  "data": {
    "0": 0.13647,
    "1": 0.12961,
    "2": 0.1247,
    "3": 0.12336,
    "4": 0.11907,
    "5": 0.1244,
    "6": 0.13593,
    "7": 0.16707,
    "8": 0.17256,
    "9": 0.15707,
    "10": 0.19026,
    "11": 0.18491,
    "12": 0.17606,
    "13": 0.17392,
    "14": 0.11933,
    "15": 0.10301,
    "16": 0.10488,
    "17": 0.13056,
    "18": 0.19438,
    "19": 0.21355,
    "20": 0.22423,
    "21": 0.24424,
    "22": 0.17143,
    "23": 0.16119
  }
}