{
  "day": "2024-06-27",
  "data": {
    "0": 0.13088,
    "1": 0.1288,
    "2": 0.13203,
    "3": 0.13517,
    "4": 0.1329,
    "5": 0.1288,
    "6": 0.14353,
    "7": 0.15213,
    "8": 0.16927,
    "9": 0.15799,
    "10": 0.20439,
    "11": 0.17813,
    "12": 0.1646,
    "13": 0.16345,
    "14": 0.09728,
    "15": 0.09126,
    "16": 0.08754,
    "17": 0.0911,
    "18": 0.16427,
    "19": 0.18095,
    "20": 0.20929,
    "21": 0.22254,
    "22": 0.17636,
    "23": 0.17188
  }
}