{
  "day": "2024-06-28",
  "data": {
    "0": 0.13295,
    "1": 0.13669,
    "2": 0.13549,
    "3": 0.1293,
    "4": 0.12851,
    "5": 0.13116,
    "6": 0.13364,
    "7": 0.13788,
    "8": 0.16585,
    "9": 0.1608,
    "10": 0.19771,
    "11": 0.17996,
    "12": 0.16125,
    "13": 0.14608,
    "14": 0.09379,
    "15": 0.08734,
    "16": 0.08149,
    "17": 0.08201,
    "18": 0.15368,
    "19": 0.20096,
    "20": 0.20495,
    "21": 0.21081,
    "22": 0.1711,
    "23": 0.16074
  }
}