{
  "day": "2022-07-01",
  "data": {
    "0": 0.29296,
    "1": 0.30291,
    "2": 0.30642,
    "3": 0.31248,
    "4": 0.31953,
    "5": 0.32099,
    "6": 0.31129,
    "7": 0.30431,
    "8": 0.30804,
    "9": 0.2945,
    "10": 0.28775,
    "11": 0.33537,
    "12": 0.34031,
    "13": 0.33561,
    "14": 0.32765,
    "15": 0.27408,
    "16": 0.26977,
    "17": 0.26987,
    "18": 0.25704,
    "19": 0.33151,
    "20": 0.351,
    "21": 0.36202,
    "22": 0.36239,
    "23": 0.31249
  }
}