{
  "day": "2022-07-02",
  "data": {
    "0": 0.33002,
    "1": 0.33552,
    "2": 0.35136,
    "3": 0.35633,
    "4": 0.36619,
    "5": 0.37357,
    "6": 0.37533,
    "7": 0.35568,
    "8": 0.32318,
    "9": 0.27763,
    "10": 0.26548,
    "11": 0.24395,
    "12": 0.22961,
    "13": 0.22948,
    "14": 0.21817,
    "15": 0.21816,
    "16": 0.21655,
    "17": 0.22094,
    "18": 0.23493,
    "19": 0.26508,
    "20": 0.29377,
    "21": 0.31001,
    "22": 0.31141,
    "23": 0.31659
  }
}