{
  "day": "2022-07-03",
  "data": {
    "0": 0.33291,
    "1": 0.33615,
    "2": 0.3408,
    "3": 0.3433,
    "4": 0.34296,
    "5": 0.35091,
    "6": 0.35236,
    "7": 0.31262,
    "8": 0.27457,
    "9": 0.23666,
    "10": 0.21515,
    "11": 0.19513,
    "12": 0.21922,
    "13": 0.21787,
    "14": 0.20946,
    "15": 0.19112,
    "16": 0.1839,
    "17": 0.18847,
    "18": 0.21719,
    "19": 0.24302,
    "20": 0.29018,
    "21": 0.30597,
    "22": 0.32071,
    "23": 0.31618
  }
}