{
  "day": "2022-07-04",
  "data": {
    "0": 0.36253,
    "1": 0.37169,
    "2": 0.37214,
    "3": 0.37192,
    "4": 0.37597,
    "5": 0.3709,
    "6": 0.36648,
    "7": 0.3526,
    "8": 0.35771,
    "9": 0.33289,
    "10": 0.32436,
    "11": 0.36082,
    "12": 0.3616,
    "13": 0.35983,
    "14": 0.35633,
    "15": 0.30147,
    "16": 0.29378,
    "17": 0.28796,
    "18": 0.28409,
    "19": 0.34203,
    "20": 0.37314,
    "21": 0.38066,
    "22": 0.3785,
    "23": 0.32336
  }
}