{
  "day": "2022-07-06",
  "data": {
    "0": 0.3062,
    "1": 0.28367,
    "2": 0.2871,
    "3": 0.29575,
    "4": 0.29818,
    "5": 0.29941,
    "6": 0.32326,
    "7": 0.32832,
    "8": 0.33736,
    "9": 0.30942,
    "10": 0.30842,
    "11": 0.34545,
    "12": 0.34651,
    "13": 0.34502,
    "14": 0.3343,
    "15": 0.27062,
    "16": 0.25946,
    "17": 0.25755,
    "18": 0.28275,
    "19": 0.35755,
    "20": 0.38174,
    "21": 0.39143,
    "22": 0.3931,
    "23": 0.34225
  }
}