{
  "day": "2022-07-09",
  "data": {
    "0": 0.34626,
    "1": 0.35117,
    "2": 0.36078,
    "3": 0.37719,
    "4": 0.39059,
    "5": 0.39692,
    "6": 0.41383,
    "7": 0.39279,
    "8": 0.3563,
    "9": 0.30555,
    "10": 0.28208,
    "11": 0.2739,
    "12": 0.27613,
    "13": 0.27721,
    "14": 0.27564,
    "15": 0.2726,
    "16": 0.27096,
    "17": 0.27082,
    "18": 0.27738,
    "19": 0.28616,
    "20": 0.32935,
    "21": 0.35058,
    "22": 0.35428,
    "23": 0.34879
  }
}