{
  "day": "2022-07-10",
  "data": {
    "0": 0.36911,
    "1": 0.38489,
    "2": 0.40627,
    "3": 0.43066,
    "4": 0.44628,
    "5": 0.45676,
    "6": 0.46381,
    "7": 0.46651,
    "8": 0.39565,
    "9": 0.3442,
    "10": 0.3165,
    "11": 0.30449,
    "12": 0.29499,
    "13": 0.29504,
    "14": 0.29273,
    "15": 0.28787,
    "16": 0.28992,
    "17": 0.28928,
    "18": 0.28705,
    "19": 0.29117,
    "20": 0.348,
    "21": 0.36829,
    "22": 0.37878,
    "23": 0.37283
  }
}