{
  "day": "2022-07-11",
  "data": {
    "0": 0.39535,
    "1": 0.41071,
    "2": 0.4185,
    "3": 0.40466,
    "4": 0.41538,
    "5": 0.43358,
    "6": 0.42662,
    "7": 0.4053,
    "8": 0.41004,
    "9": 0.377,
    "10": 0.35607,
    "11": 0.39254,
    "12": 0.39144,
    "13": 0.38863,
    "14": 0.37884,
    "15": 0.3197,
    "16": 0.31939,
    "17": 0.32264,
    "18": 0.33524,
    "19": 0.40661,
    "20": 0.43446,
    "21": 0.45863,
    "22": 0.45057,
    "23": 0.39787
  }
}