{
  "day": "2022-07-14",
  "data": {
    "0": 0.41791,
    "1": 0.41929,
    "2": 0.43313,
    "3": 0.43649,
    "4": 0.44427,
    "5": 0.45156,
    "6": 0.44413,
    "7": 0.42797,
    "8": 0.42642,
    "9": 0.40163,
    "10": 0.38684,
    "11": 0.42166,
    "12": 0.41936,
    "13": 0.41558,
    "14": 0.41023,
    "15": 0.36055,
    "16": 0.35162,
    "17": 0.33891,
    "18": 0.34168,
    "19": 0.39295,
    "20": 0.40544,
    "21": 0.43547,
    "22": 0.42447,
    "23": 0.37411
  }
}