{
  "day": "2022-07-19",
  "data": {
    "0": 0.28988,
    "1": 0.27328,
    "2": 0.27145,
    "3": 0.2672,
    "4": 0.28688,
    "5": 0.2865,
    "6": 0.29586,
    "7": 0.30262,
    "8": 0.31253,
    "9": 0.29302,
    "10": 0.27029,
    "11": 0.30749,
    "12": 0.30837,
    "13": 0.30469,
    "14": 0.29847,
    "15": 0.23809,
    "16": 0.24135,
    "17": 0.24481,
    "18": 0.25225,
    "19": 0.32479,
    "20": 0.35669,
    "21": 0.3726,
    "22": 0.37871,
    "23": 0.33085
  }
}