{
  "day": "2022-07-22",
  "data": {
    "0": 0.30105,
    "1": 0.30773,
    "2": 0.28933,
    "3": 0.29312,
    "4": 0.29758,
    "5": 0.31539,
    "6": 0.32292,
    "7": 0.30504,
    "8": 0.31467,
    "9": 0.30206,
    "10": 0.29583,
    "11": 0.34109,
    "12": 0.33879,
    "13": 0.33329,
    "14": 0.31709,
    "15": 0.26126,
    "16": 0.25101,
    "17": 0.24371,
    "18": 0.23994,
    "19": 0.29459,
    "20": 0.33027,
    "21": 0.34687,
    "22": 0.34771,
    "23": 0.28011
  }
}