{
  "day": "2022-07-26",
  "data": {
    "0": 0.32011,
    "1": 0.31454,
    "2": 0.31439,
    "3": 0.32156,
    "4": 0.32634,
    "5": 0.32557,
    "6": 0.34062,
    "7": 0.33341,
    "8": 0.34439,
    "9": 0.31684,
    "10": 0.30562,
    "11": 0.35583,
    "12": 0.36107,
    "13": 0.36536,
    "14": 0.35601,
    "15": 0.29804,
    "16": 0.28645,
    "17": 0.27642,
    "18": 0.26621,
    "19": 0.33149,
    "20": 0.36706,
    "21": 0.37736,
    "22": 0.38372,
    "23": 0.33524
  }
}