{
  "day": "2022-07-31",
  "data": {
    "0": 0.26457,
    "1": 0.26216,
    "2": 0.26768,
    "3": 0.26765,
    "4": 0.28496,
    "5": 0.29114,
    "6": 0.29812,
    "7": 0.29954,
    "8": 0.26343,
    "9": 0.23795,
    "10": 0.19991,
    "11": 0.1907,
    "12": 0.19795,
    "13": 0.1982,
    "14": 0.20833,
    "15": 0.21066,
    "16": 0.20799,
    "17": 0.2066,
    "18": 0.21838,
    "19": 0.24011,
    "20": 0.28536,
    "21": 0.29671,
    "22": 0.31374,
    "23": 0.30151
  }
}