{
  "day": "2025-05-01",
  "data": {
    "0": 0.1132,
    "1": 0.11072,
    "2": 0.11409,
    "3": 0.11375,
    "4": 0.1145,
    "5": 0.11887,
    "6": 0.11812,
    "7": 0.11308,
    "8": 0.10771,
    "9": 0.08619,
    "10": 0.07937,
    "11": 0.07494,
    "12": 0.07169,
    "13": 0.06947,
    "14": 0.06997,
    "15": 0.07238,
    "16": 0.07892,
    "17": 0.08333,
    "18": 0.08461,
    "19": 0.08313,
    "20": 0.10836,
    "21": 0.12936,
    "22": 0.10965,
    "23": 0.11275
  }
}