{
  "day": "2025-05-02",
  "data": {
    "0": 0.1053,
    "1": 0.10156,
    "2": 0.10226,
    "3": 0.10341,
    "4": 0.10374,
    "5": 0.10237,
    "6": 0.10463,
    "7": 0.09752,
    "8": 0.12397,
    "9": 0.11917,
    "10": 0.10541,
    "11": 0.16975,
    "12": 0.16913,
    "13": 0.16438,
    "14": 0.16565,
    "15": 0.10192,
    "16": 0.10314,
    "17": 0.10585,
    "18": 0.10457,
    "19": 0.18385,
    "20": 0.20138,
    "21": 0.23209,
    "22": 0.22143,
    "23": 0.14599
  }
}