{
  "day": "2025-05-04",
  "data": {
    "0": 0.11854,
    "1": 0.12168,
    "2": 0.11696,
    "3": 0.11596,
    "4": 0.1143,
    "5": 0.11417,
    "6": 0.11047,
    "7": 0.10397,
    "8": 0.10009,
    "9": 0.09022,
    "10": 0.08087,
    "11": 0.07735,
    "12": 0.07684,
    "13": 0.07527,
    "14": 0.07285,
    "15": 0.07555,
    "16": 0.07696,
    "17": 0.07831,
    "18": 0.07881,
    "19": 0.08405,
    "20": 0.09599,
    "21": 0.10929,
    "22": 0.10782,
    "23": 0.09883
  }
}