{
  "day": "2025-05-08",
  "data": {
    "0": 0.08492,
    "1": 0.08605,
    "2": 0.08706,
    "3": 0.07087,
    "4": 0.07434,
    "5": 0.08195,
    "6": 0.09677,
    "7": 0.10539,
    "8": 0.12373,
    "9": 0.08721,
    "10": 0.07949,
    "11": 0.14427,
    "12": 0.14411,
    "13": 0.14178,
    "14": 0.14253,
    "15": 0.07816,
    "16": 0.07904,
    "17": 0.07953,
    "18": 0.08241,
    "19": 0.16808,
    "20": 0.18603,
    "21": 0.23341,
    "22": 0.20522,
    "23": 0.11864
  }
}