{
  "day": "2025-05-10",
  "data": {
    "0": 0.10494,
    "1": 0.09406,
    "2": 0.09433,
    "3": 0.09305,
    "4": 0.09012,
    "5": 0.09284,
    "6": 0.09366,
    "7": 0.09254,
    "8": 0.08271,
    "9": 0.06938,
    "10": 0.06466,
    "11": 0.06103,
    "12": 0.05971,
    "13": 0.05848,
    "14": 0.05763,
    "15": 0.05684,
    "16": 0.0626,
    "17": 0.06757,
    "18": 0.0695,
    "19": 0.06734,
    "20": 0.09121,
    "21": 0.10518,
    "22": 0.10064,
    "23": 0.09438
  }
}