{
  "day": "2025-05-12",
  "data": {
    "0": 0.0906,
    "1": 0.09257,
    "2": 0.09745,
    "3": 0.09571,
    "4": 0.09393,
    "5": 0.09374,
    "6": 0.0973,
    "7": 0.1034,
    "8": 0.11064,
    "9": 0.08944,
    "10": 0.08175,
    "11": 0.14527,
    "12": 0.1444,
    "13": 0.14151,
    "14": 0.14276,
    "15": 0.0784,
    "16": 0.07924,
    "17": 0.08133,
    "18": 0.08362,
    "19": 0.16096,
    "20": 0.2141,
    "21": 0.27683,
    "22": 0.26211,
    "23": 0.16197
  }
}