{
  "day": "2025-05-14",
  "data": {
    "0": 0.13233,
    "1": 0.11602,
    "2": 0.11394,
    "3": 0.10774,
    "4": 0.10636,
    "5": 0.10912,
    "6": 0.11939,
    "7": 0.14948,
    "8": 0.14013,
    "9": 0.11638,
    "10": 0.0741,
    "11": 0.1393,
    "12": 0.13858,
    "13": 0.13289,
    "14": 0.13518,
    "15": 0.07246,
    "16": 0.07293,
    "17": 0.07433,
    "18": 0.07855,
    "19": 0.17487,
    "20": 0.19526,
    "21": 0.21001,
    "22": 0.21079,
    "23": 0.12543
  }
}