{
  "day": "2025-05-15",
  "data": {
    "0": 0.11289,
    "1": 0.1018,
    "2": 0.10269,
    "3": 0.09264,
    "4": 0.09227,
    "5": 0.09662,
    "6": 0.09946,
    "7": 0.10434,
    "8": 0.12795,
    "9": 0.09095,
    "10": 0.08582,
    "11": 0.1505,
    "12": 0.14909,
    "13": 0.14612,
    "14": 0.14642,
    "15": 0.08098,
    "16": 0.0816,
    "17": 0.08347,
    "18": 0.09017,
    "19": 0.15671,
    "20": 0.17727,
    "21": 0.18803,
    "22": 0.1874,
    "23": 0.11374
  }
}