{
  "day": "2025-05-18",
  "data": {
    "0": 0.1211,
    "1": 0.11155,
    "2": 0.1074,
    "3": 0.10978,
    "4": 0.10883,
    "5": 0.11015,
    "6": 0.10475,
    "7": 0.101,
    "8": 0.08328,
    "9": 0.0762,
    "10": 0.07134,
    "11": 0.06986,
    "12": 0.06755,
    "13": 0.06763,
    "14": 0.06396,
    "15": 0.06729,
    "16": 0.07047,
    "17": 0.07411,
    "18": 0.08102,
    "19": 0.08287,
    "20": 0.08919,
    "21": 0.11067,
    "22": 0.11126,
    "23": 0.10683
  }
}