{
  "day": "2025-05-21",
  "data": {
    "0": 0.10778,
    "1": 0.10504,
    "2": 0.10525,
    "3": 0.09686,
    "4": 0.10088,
    "5": 0.10333,
    "6": 0.10674,
    "7": 0.12566,
    "8": 0.12552,
    "9": 0.09966,
    "10": 0.08939,
    "11": 0.15446,
    "12": 0.1543,
    "13": 0.15117,
    "14": 0.15255,
    "15": 0.08831,
    "16": 0.08856,
    "17": 0.08956,
    "18": 0.09146,
    "19": 0.16233,
    "20": 0.1924,
    "21": 0.22196,
    "22": 0.19693,
    "23": 0.11896
  }
}