{
  "day": "2025-05-22",
  "data": {
    "0": 0.09444,
    "1": 0.09562,
    "2": 0.09291,
    "3": 0.088,
    "4": 0.08809,
    "5": 0.08654,
    "6": 0.08567,
    "7": 0.08846,
    "8": 0.10256,
    "9": 0.09887,
    "10": 0.09839,
    "11": 0.1608,
    "12": 0.15988,
    "13": 0.15682,
    "14": 0.15845,
    "15": 0.09404,
    "16": 0.0949,
    "17": 0.09507,
    "18": 0.0984,
    "19": 0.16652,
    "20": 0.16895,
    "21": 0.18644,
    "22": 0.17788,
    "23": 0.10685
  }
}