{
  "day": "2025-05-25",
  "data": {
    "0": 0.1106,
    "1": 0.10584,
    "2": 0.1073,
    "3": 0.10753,
    "4": 0.1079,
    "5": 0.10889,
    "6": 0.10548,
    "7": 0.10165,
    "8": 0.08475,
    "9": 0.07694,
    "10": 0.07547,
    "11": 0.07384,
    "12": 0.07272,
    "13": 0.06603,
    "14": 0.06608,
    "15": 0.06952,
    "16": 0.07576,
    "17": 0.07818,
    "18": 0.07937,
    "19": 0.0801,
    "20": 0.09622,
    "21": 0.10042,
    "22": 0.1055,
    "23": 0.09218
  }
}