{
  "day": "2025-05-31",
  "data": {
    "0": 0.1631,
    "1": 0.14708,
    "2": 0.12883,
    "3": 0.12795,
    "4": 0.14083,
    "5": 0.1373,
    "6": 0.14047,
    "7": 0.12563,
    "8": 0.08565,
    "9": 0.04376,
    "10": 0.04438,
    "11": 0.04316,
    "12": 0.04091,
    "13": 0.03831,
    "14": 0.03831,
    "15": 0.04205,
    "16": 0.0457,
    "17": 0.04565,
    "18": 0.04897,
    "19": 0.08417,
    "20": 0.11981,
    "21": 0.11915,
    "22": 0.12716,
    "23": 0.11584
  }
}