{
  "day": "2026-07-01",
  "data": {
    "0": 0.16993,
    "1": 0.17037,
    "2": 0.15653,
    "3": 0.14453,
    "4": 0.13802,
    "5": 0.14284,
    "6": 0.16268,
    "7": 0.16761,
    "8": 0.13705,
    "9": 0.07786,
    "10": 0.13935,
    "11": 0.1372,
    "12": 0.13712,
    "13": 0.13702,
    "14": 0.06687,
    "15": 0.06566,
    "16": 0.06501,
    "17": 0.06497,
    "18": 0.13499,
    "19": 0.16,
    "20": 0.21875,
    "21": 0.25626,
    "22": 0.18608,
    "23": 0.16289
  }
}