{
  "day": "2026-07-05",
  "data": {
    "0": 0.15524,
    "1": 0.1426,
    "2": 0.14434,
    "3": 0.14603,
    "4": 0.14477,
    "5": 0.14891,
    "6": 0.14826,
    "7": 0.13207,
    "8": 0.06377,
    "9": 0.0267,
    "10": 0.03151,
    "11": 0.03278,
    "12": 0.03211,
    "13": 0.03209,
    "14": 0.03168,
    "15": 0.03062,
    "16": 0.03066,
    "17": 0.02974,
    "18": 0.04838,
    "19": 0.11946,
    "20": 0.17809,
    "21": 0.21109,
    "22": 0.21888,
    "23": 0.21269
  }
}