{
  "day": "2026-07-07",
  "data": {
    "0": 0.16256,
    "1": 0.15753,
    "2": 0.15619,
    "3": 0.15446,
    "4": 0.15394,
    "5": 0.1559,
    "6": 0.17054,
    "7": 0.1745,
    "8": 0.17264,
    "9": 0.13261,
    "10": 0.18166,
    "11": 0.17948,
    "12": 0.17916,
    "13": 0.18099,
    "14": 0.11357,
    "15": 0.11423,
    "16": 0.11688,
    "17": 0.1205,
    "18": 0.20422,
    "19": 0.23554,
    "20": 0.26413,
    "21": 0.28795,
    "22": 0.22892,
    "23": 0.21413
  }
}