{
  "day": "2026-07-09",
  "data": {
    "0": 0.17454,
    "1": 0.1742,
    "2": 0.17142,
    "3": 0.17055,
    "4": 0.16925,
    "5": 0.17082,
    "6": 0.17287,
    "7": 0.18336,
    "8": 0.1887,
    "9": 0.14621,
    "10": 0.17974,
    "11": 0.16045,
    "12": 0.14148,
    "13": 0.12639,
    "14": 0.06542,
    "15": 0.06787,
    "16": 0.09355,
    "17": 0.11999,
    "18": 0.20267,
    "19": 0.24843,
    "20": 0.28883,
    "21": 0.31157,
    "22": 0.2438,
    "23": 0.22758
  }
}