{
  "day": "2026-07-11",
  "data": {
    "0": 0.18778,
    "1": 0.18116,
    "2": 0.17247,
    "3": 0.17394,
    "4": 0.18263,
    "5": 0.17869,
    "6": 0.19192,
    "7": 0.18989,
    "8": 0.14558,
    "9": 0.0936,
    "10": 0.03385,
    "11": 0.01502,
    "12": 0.01416,
    "13": 0.0141,
    "14": 0.01396,
    "15": 0.0154,
    "16": 0.02209,
    "17": 0.02756,
    "18": 0.06666,
    "19": 0.11004,
    "20": 0.16832,
    "21": 0.20428,
    "22": 0.20506,
    "23": 0.19671
  }
}