{
  "day": "2026-07-16",
  "data": {
    "0": 0.18175,
    "1": 0.17592,
    "2": 0.17556,
    "3": 0.17488,
    "4": 0.17478,
    "5": 0.17645,
    "6": 0.18415,
    "7": 0.19148,
    "8": 0.20345,
    "9": 0.17347,
    "10": 0.22181,
    "11": 0.20156,
    "12": 0.2,
    "13": 0.19572,
    "14": 0.11997,
    "15": 0.10912,
    "16": 0.10595,
    "17": 0.10911,
    "18": 0.18528,
    "19": 0.2063,
    "20": 0.25599,
    "21": 0.29429,
    "22": 0.23273,
    "23": 0.22456
  }
}