{
  "day": "2026-07-18",
  "data": {
    "0": 0.19451,
    "1": 0.19191,
    "2": 0.19168,
    "3": 0.19088,
    "4": 0.19079,
    "5": 0.19105,
    "6": 0.2005,
    "7": 0.20432,
    "8": 0.14959,
    "9": 0.07498,
    "10": 0.03199,
    "11": 0.02504,
    "12": 0.02328,
    "13": 0.02206,
    "14": 0.02173,
    "15": 0.02171,
    "16": 0.02385,
    "17": 0.03011,
    "18": 0.08971,
    "19": 0.13831,
    "20": 0.17867,
    "21": 0.19635,
    "22": 0.19659,
    "23": 0.18903
  }
}