{
  "day": "2026-07-19",
  "data": {
    "0": 0.197,
    "1": 0.19583,
    "2": 0.19392,
    "3": 0.18998,
    "4": 0.18864,
    "5": 0.19275,
    "6": 0.20071,
    "7": 0.20437,
    "8": 0.14234,
    "9": 0.05202,
    "10": 0.01444,
    "11": 0.014,
    "12": 0.01369,
    "13": 0.01296,
    "14": 0.01234,
    "15": 0.01405,
    "16": 0.01581,
    "17": 0.01535,
    "18": 0.03958,
    "19": 0.13204,
    "20": 0.18218,
    "21": 0.21889,
    "22": 0.22705,
    "23": 0.22379
  }
}