{
  "day": "2026-07-22",
  "data": {
    "0": 0.17636,
    "1": 0.16637,
    "2": 0.16632,
    "3": 0.16765,
    "4": 0.17128,
    "5": 0.17801,
    "6": 0.2061,
    "7": 0.2158,
    "8": 0.21582,
    "9": 0.1935,
    "10": 0.22171,
    "11": 0.19416,
    "12": 0.18652,
    "13": 0.18591,
    "14": 0.11532,
    "15": 0.11301,
    "16": 0.11365,
    "17": 0.12042,
    "18": 0.21386,
    "19": 0.2633,
    "20": 0.30151,
    "21": 0.38129,
    "22": 0.29752,
    "23": 0.25729
  }
}