{
  "day": "2021-07-01",
  "data": {
    "0": 0.12047,
    "1": 0.11943,
    "2": 0.11873,
    "3": 0.11943,
    "4": 0.11977,
    "5": 0.11925,
    "6": 0.11871,
    "7": 0.12127,
    "8": 0.15882,
    "9": 0.15599,
    "10": 0.24778,
    "11": 0.2457,
    "12": 0.24593,
    "13": 0.24303,
    "14": 0.14435,
    "15": 0.14402,
    "16": 0.14271,
    "17": 0.14851,
    "18": 0.24599,
    "19": 0.24944,
    "20": 0.25114,
    "21": 0.25078,
    "22": 0.15857,
    "23": 0.15486
  }
}