{
  "day": "2021-07-06",
  "data": {
    "0": 0.12573,
    "1": 0.12021,
    "2": 0.11693,
    "3": 0.11703,
    "4": 0.11699,
    "5": 0.11626,
    "6": 0.11788,
    "7": 0.12518,
    "8": 0.16128,
    "9": 0.15863,
    "10": 0.24823,
    "11": 0.24578,
    "12": 0.24782,
    "13": 0.2502,
    "14": 0.14878,
    "15": 0.14111,
    "16": 0.13726,
    "17": 0.13694,
    "18": 0.24474,
    "19": 0.25469,
    "20": 0.25993,
    "21": 0.26058,
    "22": 0.16797,
    "23": 0.16494
  }
}