{
  "day": "2021-07-07",
  "data": {
    "0": 0.12517,
    "1": 0.12227,
    "2": 0.11979,
    "3": 0.12023,
    "4": 0.12024,
    "5": 0.11965,
    "6": 0.1234,
    "7": 0.13127,
    "8": 0.16989,
    "9": 0.16535,
    "10": 0.25484,
    "11": 0.25261,
    "12": 0.25123,
    "13": 0.25121,
    "14": 0.15719,
    "15": 0.15513,
    "16": 0.15625,
    "17": 0.15785,
    "18": 0.2519,
    "19": 0.25244,
    "20": 0.257,
    "21": 0.26403,
    "22": 0.17174,
    "23": 0.16766
  }
}