{
  "day": "2021-07-08",
  "data": {
    "0": 0.11847,
    "1": 0.11276,
    "2": 0.10582,
    "3": 0.10399,
    "4": 0.10343,
    "5": 0.10744,
    "6": 0.11511,
    "7": 0.122,
    "8": 0.16129,
    "9": 0.16026,
    "10": 0.2539,
    "11": 0.25366,
    "12": 0.25395,
    "13": 0.25167,
    "14": 0.15482,
    "15": 0.15123,
    "16": 0.15034,
    "17": 0.15494,
    "18": 0.2495,
    "19": 0.25443,
    "20": 0.25582,
    "21": 0.25634,
    "22": 0.16578,
    "23": 0.15993
  }
}