{
  "day": "2021-07-09",
  "data": {
    "0": 0.11963,
    "1": 0.11503,
    "2": 0.11284,
    "3": 0.1133,
    "4": 0.11345,
    "5": 0.11529,
    "6": 0.11844,
    "7": 0.12607,
    "8": 0.16846,
    "9": 0.16297,
    "10": 0.25139,
    "11": 0.24941,
    "12": 0.24756,
    "13": 0.24417,
    "14": 0.14995,
    "15": 0.14496,
    "16": 0.14038,
    "17": 0.14691,
    "18": 0.2479,
    "19": 0.25264,
    "20": 0.25455,
    "21": 0.25512,
    "22": 0.15962,
    "23": 0.15467
  }
}