{
  "day": "2021-07-10",
  "data": {
    "0": 0.12244,
    "1": 0.12243,
    "2": 0.12294,
    "3": 0.12338,
    "4": 0.12229,
    "5": 0.1223,
    "6": 0.12247,
    "7": 0.12067,
    "8": 0.11504,
    "9": 0.11108,
    "10": 0.10628,
    "11": 0.10853,
    "12": 0.10955,
    "13": 0.11274,
    "14": 0.1121,
    "15": 0.09893,
    "16": 0.09633,
    "17": 0.10539,
    "18": 0.11861,
    "19": 0.12446,
    "20": 0.12692,
    "21": 0.12901,
    "22": 0.12729,
    "23": 0.12403
  }
}