{
  "day": "2021-07-14",
  "data": {
    "0": 0.12672,
    "1": 0.12379,
    "2": 0.11629,
    "3": 0.11417,
    "4": 0.1055,
    "5": 0.10403,
    "6": 0.11346,
    "7": 0.11506,
    "8": 0.1497,
    "9": 0.14706,
    "10": 0.23564,
    "11": 0.24425,
    "12": 0.24849,
    "13": 0.24111,
    "14": 0.13443,
    "15": 0.13257,
    "16": 0.13097,
    "17": 0.13091,
    "18": 0.22381,
    "19": 0.22725,
    "20": 0.24184,
    "21": 0.24339,
    "22": 0.14732,
    "23": 0.13775
  }
}