{
  "day": "2021-07-15",
  "data": {
    "0": 0.10572,
    "1": 0.09723,
    "2": 0.09542,
    "3": 0.09422,
    "4": 0.0944,
    "5": 0.09424,
    "6": 0.09757,
    "7": 0.09946,
    "8": 0.15252,
    "9": 0.14793,
    "10": 0.24404,
    "11": 0.24655,
    "12": 0.24881,
    "13": 0.24468,
    "14": 0.15692,
    "15": 0.15649,
    "16": 0.15596,
    "17": 0.15539,
    "18": 0.24795,
    "19": 0.25157,
    "20": 0.25203,
    "21": 0.25434,
    "22": 0.15977,
    "23": 0.15381
  }
}