{
  "day": "2021-07-16",
  "data": {
    "0": 0.11325,
    "1": 0.10076,
    "2": 0.09661,
    "3": 0.09623,
    "4": 0.09619,
    "5": 0.10189,
    "6": 0.11618,
    "7": 0.12269,
    "8": 0.16202,
    "9": 0.15756,
    "10": 0.24591,
    "11": 0.24246,
    "12": 0.24123,
    "13": 0.24233,
    "14": 0.14927,
    "15": 0.1462,
    "16": 0.14142,
    "17": 0.14376,
    "18": 0.24333,
    "19": 0.24774,
    "20": 0.25231,
    "21": 0.25173,
    "22": 0.1557,
    "23": 0.14379
  }
}