{
  "day": "2021-07-17",
  "data": {
    "0": 0.12044,
    "1": 0.11747,
    "2": 0.1168,
    "3": 0.11623,
    "4": 0.1174,
    "5": 0.11615,
    "6": 0.11107,
    "7": 0.11287,
    "8": 0.11626,
    "9": 0.11478,
    "10": 0.11422,
    "11": 0.11647,
    "12": 0.11798,
    "13": 0.12141,
    "14": 0.1216,
    "15": 0.11677,
    "16": 0.11153,
    "17": 0.11093,
    "18": 0.10882,
    "19": 0.11483,
    "20": 0.12429,
    "21": 0.13108,
    "22": 0.13069,
    "23": 0.12666
  }
}