{
  "day": "2021-07-19",
  "data": {
    "0": 0.12739,
    "1": 0.12546,
    "2": 0.12314,
    "3": 0.12378,
    "4": 0.12199,
    "5": 0.12418,
    "6": 0.12278,
    "7": 0.12579,
    "8": 0.1659,
    "9": 0.15856,
    "10": 0.24745,
    "11": 0.24811,
    "12": 0.25136,
    "13": 0.25271,
    "14": 0.1603,
    "15": 0.15986,
    "16": 0.15831,
    "17": 0.15725,
    "18": 0.25394,
    "19": 0.26353,
    "20": 0.2659,
    "21": 0.26721,
    "22": 0.16806,
    "23": 0.16191
  }
}