{
  "day": "2021-07-24",
  "data": {
    "0": 0.12515,
    "1": 0.12296,
    "2": 0.11804,
    "3": 0.11675,
    "4": 0.11822,
    "5": 0.12176,
    "6": 0.12447,
    "7": 0.124,
    "8": 0.12483,
    "9": 0.12192,
    "10": 0.11967,
    "11": 0.11613,
    "12": 0.11215,
    "13": 0.11843,
    "14": 0.11107,
    "15": 0.10158,
    "16": 0.09681,
    "17": 0.1012,
    "18": 0.10998,
    "19": 0.11637,
    "20": 0.13031,
    "21": 0.13616,
    "22": 0.13788,
    "23": 0.13574
  }
}