{
  "day": "2021-07-26",
  "data": {
    "0": 0.12718,
    "1": 0.12193,
    "2": 0.11669,
    "3": 0.11674,
    "4": 0.11668,
    "5": 0.11774,
    "6": 0.123,
    "7": 0.1232,
    "8": 0.16242,
    "9": 0.15856,
    "10": 0.2514,
    "11": 0.25306,
    "12": 0.25741,
    "13": 0.25847,
    "14": 0.16576,
    "15": 0.16602,
    "16": 0.16485,
    "17": 0.16396,
    "18": 0.25764,
    "19": 0.26141,
    "20": 0.26515,
    "21": 0.26546,
    "22": 0.17171,
    "23": 0.16972
  }
}