{
  "day": "2021-07-31",
  "data": {
    "0": 0.10266,
    "1": 0.10346,
    "2": 0.10213,
    "3": 0.10433,
    "4": 0.10324,
    "5": 0.1029,
    "6": 0.10378,
    "7": 0.10148,
    "8": 0.09952,
    "9": 0.09093,
    "10": 0.08319,
    "11": 0.08172,
    "12": 0.08037,
    "13": 0.08182,
    "14": 0.07151,
    "15": 0.03711,
    "16": 0.01857,
    "17": 0.03075,
    "18": 0.07386,
    "19": 0.09138,
    "20": 0.09881,
    "21": 0.10578,
    "22": 0.10778,
    "23": 0.10633
  }
}