{
  "day": "2025-04-02",
  "data": {
    "0": 0.09377,
    "1": 0.0826,
    "2": 0.09037,
    "3": 0.08151,
    "4": 0.08181,
    "5": 0.08751,
    "6": 0.0966,
    "7": 0.14302,
    "8": 0.19128,
    "9": 0.1286,
    "10": 0.09086,
    "11": 0.13161,
    "12": 0.12907,
    "13": 0.12591,
    "14": 0.12728,
    "15": 0.06266,
    "16": 0.0604,
    "17": 0.06163,
    "18": 0.07532,
    "19": 0.17211,
    "20": 0.19016,
    "21": 0.18491,
    "22": 0.16972,
    "23": 0.10008
  }
}