{
  "day": "2025-04-04",
  "data": {
    "0": 0.05693,
    "1": 0.05879,
    "2": 0.05988,
    "3": 0.05665,
    "4": 0.05668,
    "5": 0.05633,
    "6": 0.05715,
    "7": 0.08898,
    "8": 0.12121,
    "9": 0.09795,
    "10": 0.08127,
    "11": 0.14325,
    "12": 0.13633,
    "13": 0.13443,
    "14": 0.13547,
    "15": 0.07361,
    "16": 0.07063,
    "17": 0.07169,
    "18": 0.07524,
    "19": 0.15253,
    "20": 0.17465,
    "21": 0.19286,
    "22": 0.17818,
    "23": 0.09703
  }
}