{
  "day": "2025-04-06",
  "data": {
    "0": 0.13032,
    "1": 0.10879,
    "2": 0.09817,
    "3": 0.09126,
    "4": 0.09135,
    "5": 0.09292,
    "6": 0.09265,
    "7": 0.09435,
    "8": 0.09309,
    "9": 0.05575,
    "10": 0.04025,
    "11": 0.03811,
    "12": 0.03758,
    "13": 0.03747,
    "14": 0.03783,
    "15": 0.03901,
    "16": 0.03969,
    "17": 0.04024,
    "18": 0.05509,
    "19": 0.07806,
    "20": 0.12176,
    "21": 0.12848,
    "22": 0.11857,
    "23": 0.11568
  }
}