{
  "day": "2025-04-07",
  "data": {
    "0": 0.09547,
    "1": 0.0919,
    "2": 0.09492,
    "3": 0.09218,
    "4": 0.09247,
    "5": 0.09791,
    "6": 0.12176,
    "7": 0.21278,
    "8": 0.22745,
    "9": 0.12087,
    "10": 0.07551,
    "11": 0.12284,
    "12": 0.11911,
    "13": 0.11636,
    "14": 0.11664,
    "15": 0.05213,
    "16": 0.0506,
    "17": 0.05303,
    "18": 0.07811,
    "19": 0.19906,
    "20": 0.30058,
    "21": 0.3191,
    "22": 0.25744,
    "23": 0.17202
  }
}