{
  "day": "2025-04-08",
  "data": {
    "0": 0.13017,
    "1": 0.12019,
    "2": 0.12105,
    "3": 0.1059,
    "4": 0.09955,
    "5": 0.10068,
    "6": 0.1034,
    "7": 0.17815,
    "8": 0.1768,
    "9": 0.10312,
    "10": 0.05816,
    "11": 0.122,
    "12": 0.12182,
    "13": 0.11866,
    "14": 0.11964,
    "15": 0.05467,
    "16": 0.05535,
    "17": 0.0563,
    "18": 0.05567,
    "19": 0.16365,
    "20": 0.25317,
    "21": 0.26198,
    "22": 0.22266,
    "23": 0.13903
  }
}