{
  "day": "2025-04-12",
  "data": {
    "0": 0.09782,
    "1": 0.0957,
    "2": 0.10144,
    "3": 0.09733,
    "4": 0.09775,
    "5": 0.09914,
    "6": 0.09888,
    "7": 0.08475,
    "8": 0.08559,
    "9": 0.08437,
    "10": 0.07045,
    "11": 0.0559,
    "12": 0.05028,
    "13": 0.04752,
    "14": 0.04633,
    "15": 0.04782,
    "16": 0.04978,
    "17": 0.0692,
    "18": 0.07222,
    "19": 0.08774,
    "20": 0.09956,
    "21": 0.13437,
    "22": 0.10597,
    "23": 0.09724
  }
}