{
  "day": "2025-04-15",
  "data": {
    "0": 0.077,
    "1": 0.07186,
    "2": 0.07095,
    "3": 0.06643,
    "4": 0.06612,
    "5": 0.06894,
    "6": 0.08364,
    "7": 0.09487,
    "8": 0.11902,
    "9": 0.09538,
    "10": 0.07979,
    "11": 0.14248,
    "12": 0.13887,
    "13": 0.13578,
    "14": 0.13711,
    "15": 0.07251,
    "16": 0.07306,
    "17": 0.07322,
    "18": 0.07594,
    "19": 0.14789,
    "20": 0.17588,
    "21": 0.17624,
    "22": 0.16422,
    "23": 0.10043
  }
}