{
  "day": "2025-04-17",
  "data": {
    "0": 0.0853,
    "1": 0.08365,
    "2": 0.08607,
    "3": 0.08315,
    "4": 0.08338,
    "5": 0.08301,
    "6": 0.08071,
    "7": 0.0855,
    "8": 0.09957,
    "9": 0.08273,
    "10": 0.07558,
    "11": 0.13866,
    "12": 0.13721,
    "13": 0.13685,
    "14": 0.13747,
    "15": 0.0734,
    "16": 0.07432,
    "17": 0.07534,
    "18": 0.07802,
    "19": 0.15884,
    "20": 0.21544,
    "21": 0.25607,
    "22": 0.23819,
    "23": 0.14596
  }
}