{
  "day": "2025-04-18",
  "data": {
    "0": 0.11138,
    "1": 0.10274,
    "2": 0.10486,
    "3": 0.1064,
    "4": 0.10711,
    "5": 0.10642,
    "6": 0.09845,
    "7": 0.09966,
    "8": 0.12083,
    "9": 0.10422,
    "10": 0.08654,
    "11": 0.14945,
    "12": 0.14908,
    "13": 0.14774,
    "14": 0.14809,
    "15": 0.08382,
    "16": 0.08532,
    "17": 0.08616,
    "18": 0.08619,
    "19": 0.155,
    "20": 0.16249,
    "21": 0.17896,
    "22": 0.17478,
    "23": 0.10105
  }
}