{
  "day": "2025-04-22",
  "data": {
    "0": 0.13978,
    "1": 0.13313,
    "2": 0.13034,
    "3": 0.12553,
    "4": 0.1282,
    "5": 0.1198,
    "6": 0.13167,
    "7": 0.16249,
    "8": 0.19975,
    "9": 0.1411,
    "10": 0.12614,
    "11": 0.16323,
    "12": 0.14603,
    "13": 0.13255,
    "14": 0.12734,
    "15": 0.05101,
    "16": 0.05058,
    "17": 0.05237,
    "18": 0.07482,
    "19": 0.18227,
    "20": 0.2268,
    "21": 0.2614,
    "22": 0.23727,
    "23": 0.13899
  }
}