{
  "day": "2025-04-23",
  "data": {
    "0": 0.12703,
    "1": 0.11716,
    "2": 0.12284,
    "3": 0.11233,
    "4": 0.11022,
    "5": 0.11229,
    "6": 0.12195,
    "7": 0.12537,
    "8": 0.14363,
    "9": 0.10798,
    "10": 0.06917,
    "11": 0.12603,
    "12": 0.12156,
    "13": 0.11836,
    "14": 0.11875,
    "15": 0.05392,
    "16": 0.05428,
    "17": 0.0544,
    "18": 0.06137,
    "19": 0.16083,
    "20": 0.22384,
    "21": 0.25779,
    "22": 0.2503,
    "23": 0.15559
  }
}