{
  "day": "2025-04-26",
  "data": {
    "0": 0.08768,
    "1": 0.07673,
    "2": 0.08143,
    "3": 0.08058,
    "4": 0.08121,
    "5": 0.07937,
    "6": 0.08123,
    "7": 0.08113,
    "8": 0.07009,
    "9": 0.05456,
    "10": 0.0526,
    "11": 0.05114,
    "12": 0.05062,
    "13": 0.05027,
    "14": 0.04943,
    "15": 0.05061,
    "16": 0.05147,
    "17": 0.05223,
    "18": 0.05119,
    "19": 0.05372,
    "20": 0.06584,
    "21": 0.08061,
    "22": 0.07639,
    "23": 0.07511
  }
}