{
  "day": "2025-04-28",
  "data": {
    "0": 0.09909,
    "1": 0.09222,
    "2": 0.0955,
    "3": 0.09691,
    "4": 0.09685,
    "5": 0.1018,
    "6": 0.09932,
    "7": 0.11596,
    "8": 0.11124,
    "9": 0.07505,
    "10": 0.07054,
    "11": 0.13587,
    "12": 0.13475,
    "13": 0.13035,
    "14": 0.13068,
    "15": 0.06716,
    "16": 0.06787,
    "17": 0.07028,
    "18": 0.07191,
    "19": 0.14388,
    "20": 0.18574,
    "21": 0.22942,
    "22": 0.21089,
    "23": 0.11612
  }
}