{
  "day": "2025-04-29",
  "data": {
    "0": 0.0935,
    "1": 0.09174,
    "2": 0.0945,
    "3": 0.09122,
    "4": 0.09104,
    "5": 0.0894,
    "6": 0.0888,
    "7": 0.09367,
    "8": 0.11096,
    "9": 0.10246,
    "10": 0.09767,
    "11": 0.15952,
    "12": 0.15813,
    "13": 0.15408,
    "14": 0.15618,
    "15": 0.09217,
    "16": 0.0934,
    "17": 0.09508,
    "18": 0.09892,
    "19": 0.17227,
    "20": 0.1826,
    "21": 0.19862,
    "22": 0.2061,
    "23": 0.12592
  }
}