{
  "day": "2025-04-30",
  "data": {
    "0": 0.10293,
    "1": 0.08648,
    "2": 0.08575,
    "3": 0.08295,
    "4": 0.08483,
    "5": 0.10532,
    "6": 0.15617,
    "7": 0.18195,
    "8": 0.18694,
    "9": 0.11662,
    "10": 0.09303,
    "11": 0.14902,
    "12": 0.14815,
    "13": 0.14496,
    "14": 0.14672,
    "15": 0.08296,
    "16": 0.08377,
    "17": 0.08421,
    "18": 0.08826,
    "19": 0.15486,
    "20": 0.18353,
    "21": 0.2581,
    "22": 0.25102,
    "23": 0.13655
  }
}