{
  "day": "2026-01-01",
  "data": {
    "0": 0.1481,
    "1": 0.14426,
    "2": 0.14319,
    "3": 0.13536,
    "4": 0.12739,
    "5": 0.12116,
    "6": 0.1198,
    "7": 0.124,
    "8": 0.13169,
    "9": 0.12664,
    "10": 0.10574,
    "11": 0.09337,
    "12": 0.09094,
    "13": 0.09371,
    "14": 0.09753,
    "15": 0.10732,
    "16": 0.12216,
    "17": 0.13714,
    "18": 0.13884,
    "19": 0.14575,
    "20": 0.14711,
    "21": 0.14504,
    "22": 0.14143,
    "23": 0.13401
  }
}