{
  "day": "2026-01-02",
  "data": {
    "0": 0.12503,
    "1": 0.11195,
    "2": 0.10989,
    "3": 0.10877,
    "4": 0.10793,
    "5": 0.1066,
    "6": 0.10837,
    "7": 0.12108,
    "8": 0.14789,
    "9": 0.16688,
    "10": 0.22153,
    "11": 0.21297,
    "12": 0.20345,
    "13": 0.19694,
    "14": 0.13173,
    "15": 0.14568,
    "16": 0.17045,
    "17": 0.16502,
    "18": 0.23746,
    "19": 0.23802,
    "20": 0.24222,
    "21": 0.24248,
    "22": 0.16713,
    "23": 0.1588
  }
}