{
  "day": "2026-01-04",
  "data": {
    "0": 0.13143,
    "1": 0.11029,
    "2": 0.10666,
    "3": 0.10517,
    "4": 0.10138,
    "5": 0.09842,
    "6": 0.10112,
    "7": 0.10301,
    "8": 0.10894,
    "9": 0.10625,
    "10": 0.10174,
    "11": 0.10124,
    "12": 0.09914,
    "13": 0.10041,
    "14": 0.10192,
    "15": 0.10582,
    "16": 0.11245,
    "17": 0.11473,
    "18": 0.12136,
    "19": 0.12619,
    "20": 0.12918,
    "21": 0.13884,
    "22": 0.12708,
    "23": 0.11843
  }
}