{
  "day": "2026-01-05",
  "data": {
    "0": 0.12163,
    "1": 0.10573,
    "2": 0.09905,
    "3": 0.09911,
    "4": 0.09934,
    "5": 0.10059,
    "6": 0.11173,
    "7": 0.13027,
    "8": 0.16122,
    "9": 0.16664,
    "10": 0.22871,
    "11": 0.22385,
    "12": 0.22003,
    "13": 0.22034,
    "14": 0.151,
    "15": 0.15389,
    "16": 0.1603,
    "17": 0.17956,
    "18": 0.25368,
    "19": 0.24626,
    "20": 0.246,
    "21": 0.24117,
    "22": 0.16747,
    "23": 0.15973
  }
}