{
  "day": "2026-01-06",
  "data": {
    "0": 0.14438,
    "1": 0.12595,
    "2": 0.11457,
    "3": 0.113,
    "4": 0.11095,
    "5": 0.10963,
    "6": 0.10846,
    "7": 0.11168,
    "8": 0.12074,
    "9": 0.11072,
    "10": 0.0479,
    "11": 0.03424,
    "12": 0.033,
    "13": 0.03289,
    "14": 0.03311,
    "15": 0.03315,
    "16": 0.05769,
    "17": 0.14006,
    "18": 0.15791,
    "19": 0.16692,
    "20": 0.17093,
    "21": 0.16612,
    "22": 0.15941,
    "23": 0.14691
  }
}