{
  "day": "2026-01-07",
  "data": {
    "0": 0.12188,
    "1": 0.11784,
    "2": 0.11469,
    "3": 0.11105,
    "4": 0.11048,
    "5": 0.11499,
    "6": 0.12046,
    "7": 0.13843,
    "8": 0.17712,
    "9": 0.17146,
    "10": 0.22507,
    "11": 0.21905,
    "12": 0.21277,
    "13": 0.21099,
    "14": 0.13772,
    "15": 0.1476,
    "16": 0.1593,
    "17": 0.17731,
    "18": 0.2668,
    "19": 0.26435,
    "20": 0.24647,
    "21": 0.23352,
    "22": 0.15738,
    "23": 0.142
  }
}