{
  "day": "2026-01-09",
  "data": {
    "0": 0.10445,
    "1": 0.08617,
    "2": 0.07993,
    "3": 0.06554,
    "4": 0.06006,
    "5": 0.07707,
    "6": 0.09118,
    "7": 0.11366,
    "8": 0.15097,
    "9": 0.14093,
    "10": 0.19515,
    "11": 0.18024,
    "12": 0.16113,
    "13": 0.15046,
    "14": 0.07041,
    "15": 0.08157,
    "16": 0.12017,
    "17": 0.14388,
    "18": 0.23293,
    "19": 0.24032,
    "20": 0.2311,
    "21": 0.2274,
    "22": 0.15621,
    "23": 0.14758
  }
}