{
  "day": "2026-01-13",
  "data": {
    "0": 0.10593,
    "1": 0.10268,
    "2": 0.10178,
    "3": 0.09945,
    "4": 0.09783,
    "5": 0.09988,
    "6": 0.10905,
    "7": 0.12486,
    "8": 0.16772,
    "9": 0.16174,
    "10": 0.21751,
    "11": 0.20507,
    "12": 0.19809,
    "13": 0.19354,
    "14": 0.12638,
    "15": 0.13824,
    "16": 0.15064,
    "17": 0.16847,
    "18": 0.25009,
    "19": 0.25779,
    "20": 0.28356,
    "21": 0.2767,
    "22": 0.18712,
    "23": 0.16965
  }
}