{
  "day": "2026-01-15",
  "data": {
    "0": 0.14191,
    "1": 0.12999,
    "2": 0.12416,
    "3": 0.1171,
    "4": 0.10824,
    "5": 0.10669,
    "6": 0.11867,
    "7": 0.13844,
    "8": 0.16912,
    "9": 0.15689,
    "10": 0.21096,
    "11": 0.2074,
    "12": 0.20422,
    "13": 0.19838,
    "14": 0.13253,
    "15": 0.14025,
    "16": 0.15289,
    "17": 0.1634,
    "18": 0.23923,
    "19": 0.24486,
    "20": 0.25907,
    "21": 0.26467,
    "22": 0.18393,
    "23": 0.16685
  }
}