{
  "day": "2026-01-21",
  "data": {
    "0": 0.11771,
    "1": 0.11031,
    "2": 0.10497,
    "3": 0.09626,
    "4": 0.09449,
    "5": 0.09893,
    "6": 0.11481,
    "7": 0.13326,
    "8": 0.16385,
    "9": 0.16107,
    "10": 0.22035,
    "11": 0.20951,
    "12": 0.19788,
    "13": 0.19548,
    "14": 0.13198,
    "15": 0.13974,
    "16": 0.14092,
    "17": 0.14498,
    "18": 0.21345,
    "19": 0.22755,
    "20": 0.2342,
    "21": 0.22634,
    "22": 0.15324,
    "23": 0.13903
  }
}