{
  "day": "2026-01-22",
  "data": {
    "0": 0.07625,
    "1": 0.07078,
    "2": 0.08372,
    "3": 0.07227,
    "4": 0.06798,
    "5": 0.08205,
    "6": 0.0859,
    "7": 0.09621,
    "8": 0.14636,
    "9": 0.15345,
    "10": 0.21322,
    "11": 0.19512,
    "12": 0.19101,
    "13": 0.19154,
    "14": 0.12455,
    "15": 0.13447,
    "16": 0.13986,
    "17": 0.14945,
    "18": 0.22051,
    "19": 0.22164,
    "20": 0.22079,
    "21": 0.21769,
    "22": 0.13379,
    "23": 0.12232
  }
}