{
  "day": "2026-01-25",
  "data": {
    "0": 0.08458,
    "1": 0.08094,
    "2": 0.07172,
    "3": 0.07087,
    "4": 0.07157,
    "5": 0.07146,
    "6": 0.07315,
    "7": 0.07196,
    "8": 0.08374,
    "9": 0.08395,
    "10": 0.07675,
    "11": 0.0735,
    "12": 0.07284,
    "13": 0.07184,
    "14": 0.07174,
    "15": 0.07413,
    "16": 0.07698,
    "17": 0.07753,
    "18": 0.08987,
    "19": 0.09332,
    "20": 0.09373,
    "21": 0.09873,
    "22": 0.09637,
    "23": 0.08547
  }
}