{
  "day": "2026-01-30",
  "data": {
    "0": 0.0665,
    "1": 0.06736,
    "2": 0.06871,
    "3": 0.06917,
    "4": 0.06943,
    "5": 0.06895,
    "6": 0.06683,
    "7": 0.09289,
    "8": 0.12793,
    "9": 0.11838,
    "10": 0.17128,
    "11": 0.16389,
    "12": 0.16302,
    "13": 0.16207,
    "14": 0.09294,
    "15": 0.09551,
    "16": 0.09682,
    "17": 0.10351,
    "18": 0.19193,
    "19": 0.19377,
    "20": 0.19374,
    "21": 0.19117,
    "22": 0.10866,
    "23": 0.09182
  }
}