{
  "day": "2021-06-02",
  "data": {
    "0": 0.1162,
    "1": 0.11437,
    "2": 0.11253,
    "3": 0.11287,
    "4": 0.11185,
    "5": 0.11197,
    "6": 0.11576,
    "7": 0.11564,
    "8": 0.15296,
    "9": 0.14853,
    "10": 0.23996,
    "11": 0.23668,
    "12": 0.23564,
    "13": 0.23505,
    "14": 0.13851,
    "15": 0.13615,
    "16": 0.13227,
    "17": 0.13619,
    "18": 0.2312,
    "19": 0.23677,
    "20": 0.23927,
    "21": 0.245,
    "22": 0.15092,
    "23": 0.14831
  }
}