{
  "day": "2021-06-05",
  "data": {
    "0": 0.1034,
    "1": 0.09697,
    "2": 0.09435,
    "3": 0.09548,
    "4": 0.09431,
    "5": 0.09451,
    "6": 0.09376,
    "7": 0.09609,
    "8": 0.10283,
    "9": 0.10236,
    "10": 0.10678,
    "11": 0.10693,
    "12": 0.10658,
    "13": 0.10701,
    "14": 0.10482,
    "15": 0.10025,
    "16": 0.09899,
    "17": 0.09859,
    "18": 0.09919,
    "19": 0.09966,
    "20": 0.1073,
    "21": 0.11092,
    "22": 0.1113,
    "23": 0.10722
  }
}