{
  "day": "2021-06-06",
  "data": {
    "0": 0.11211,
    "1": 0.10984,
    "2": 0.10454,
    "3": 0.10478,
    "4": 0.0995,
    "5": 0.10033,
    "6": 0.10026,
    "7": 0.09905,
    "8": 0.09606,
    "9": 0.09335,
    "10": 0.08887,
    "11": 0.08864,
    "12": 0.0884,
    "13": 0.08851,
    "14": 0.0878,
    "15": 0.07755,
    "16": 0.0615,
    "17": 0.07833,
    "18": 0.08647,
    "19": 0.09548,
    "20": 0.10419,
    "21": 0.11265,
    "22": 0.11414,
    "23": 0.11176
  }
}