{
  "day": "2021-06-07",
  "data": {
    "0": 0.10531,
    "1": 0.09458,
    "2": 0.09441,
    "3": 0.09528,
    "4": 0.09547,
    "5": 0.10539,
    "6": 0.10841,
    "7": 0.11114,
    "8": 0.15058,
    "9": 0.14471,
    "10": 0.23394,
    "11": 0.23268,
    "12": 0.23198,
    "13": 0.2315,
    "14": 0.13706,
    "15": 0.13554,
    "16": 0.1354,
    "17": 0.13785,
    "18": 0.23573,
    "19": 0.24212,
    "20": 0.24494,
    "21": 0.24273,
    "22": 0.14952,
    "23": 0.14658
  }
}