{
  "day": "2021-06-10",
  "data": {
    "0": 0.1088,
    "1": 0.10422,
    "2": 0.10143,
    "3": 0.1021,
    "4": 0.10041,
    "5": 0.10768,
    "6": 0.10945,
    "7": 0.11305,
    "8": 0.15258,
    "9": 0.14218,
    "10": 0.23488,
    "11": 0.23563,
    "12": 0.23575,
    "13": 0.23567,
    "14": 0.14221,
    "15": 0.13888,
    "16": 0.13557,
    "17": 0.13925,
    "18": 0.23718,
    "19": 0.24253,
    "20": 0.24283,
    "21": 0.24348,
    "22": 0.14936,
    "23": 0.14554
  }
}