{
  "day": "2021-06-12",
  "data": {
    "0": 0.10874,
    "1": 0.10771,
    "2": 0.10682,
    "3": 0.1074,
    "4": 0.10476,
    "5": 0.10076,
    "6": 0.10073,
    "7": 0.10015,
    "8": 0.10432,
    "9": 0.10089,
    "10": 0.09604,
    "11": 0.09295,
    "12": 0.0936,
    "13": 0.09965,
    "14": 0.09623,
    "15": 0.09139,
    "16": 0.09121,
    "17": 0.09153,
    "18": 0.097,
    "19": 0.10544,
    "20": 0.11377,
    "21": 0.11817,
    "22": 0.11933,
    "23": 0.11685
  }
}