{
  "day": "2021-06-16",
  "data": {
    "0": 0.12565,
    "1": 0.12354,
    "2": 0.12217,
    "3": 0.12253,
    "4": 0.1227,
    "5": 0.12172,
    "6": 0.12272,
    "7": 0.12512,
    "8": 0.16178,
    "9": 0.15609,
    "10": 0.24597,
    "11": 0.24563,
    "12": 0.24519,
    "13": 0.24245,
    "14": 0.14855,
    "15": 0.14107,
    "16": 0.14385,
    "17": 0.15164,
    "18": 0.24926,
    "19": 0.25373,
    "20": 0.2624,
    "21": 0.25764,
    "22": 0.16508,
    "23": 0.16128
  }
}