{
  "day": "2021-06-19",
  "data": {
    "0": 0.12052,
    "1": 0.12136,
    "2": 0.12175,
    "3": 0.12192,
    "4": 0.12191,
    "5": 0.12004,
    "6": 0.11732,
    "7": 0.11746,
    "8": 0.11891,
    "9": 0.11704,
    "10": 0.11549,
    "11": 0.1131,
    "12": 0.11173,
    "13": 0.11018,
    "14": 0.10195,
    "15": 0.08882,
    "16": 0.08769,
    "17": 0.09545,
    "18": 0.10468,
    "19": 0.11441,
    "20": 0.11872,
    "21": 0.11851,
    "22": 0.11781,
    "23": 0.11411
  }
}