{
  "day": "2021-06-22",
  "data": {
    "0": 0.1198,
    "1": 0.11718,
    "2": 0.11518,
    "3": 0.11565,
    "4": 0.11181,
    "5": 0.11429,
    "6": 0.11574,
    "7": 0.11724,
    "8": 0.15619,
    "9": 0.15194,
    "10": 0.24248,
    "11": 0.24216,
    "12": 0.24214,
    "13": 0.24241,
    "14": 0.14866,
    "15": 0.14544,
    "16": 0.14072,
    "17": 0.14906,
    "18": 0.24272,
    "19": 0.24771,
    "20": 0.24483,
    "21": 0.24394,
    "22": 0.15277,
    "23": 0.14655
  }
}