{
  "day": "2021-06-23",
  "data": {
    "0": 0.11825,
    "1": 0.1165,
    "2": 0.11059,
    "3": 0.11192,
    "4": 0.11298,
    "5": 0.11624,
    "6": 0.11854,
    "7": 0.11771,
    "8": 0.15686,
    "9": 0.1549,
    "10": 0.24648,
    "11": 0.24542,
    "12": 0.24418,
    "13": 0.24391,
    "14": 0.15063,
    "15": 0.14991,
    "16": 0.14703,
    "17": 0.15076,
    "18": 0.24713,
    "19": 0.24731,
    "20": 0.24634,
    "21": 0.2464,
    "22": 0.15602,
    "23": 0.14977
  }
}