{
  "day": "2021-06-24",
  "data": {
    "0": 0.10982,
    "1": 0.10661,
    "2": 0.10382,
    "3": 0.09949,
    "4": 0.09655,
    "5": 0.10154,
    "6": 0.10901,
    "7": 0.1183,
    "8": 0.15335,
    "9": 0.14835,
    "10": 0.23978,
    "11": 0.24154,
    "12": 0.24322,
    "13": 0.23932,
    "14": 0.14344,
    "15": 0.14102,
    "16": 0.14231,
    "17": 0.14955,
    "18": 0.24356,
    "19": 0.24687,
    "20": 0.24799,
    "21": 0.24898,
    "22": 0.15742,
    "23": 0.15285
  }
}