{
  "day": "2021-06-29",
  "data": {
    "0": 0.11927,
    "1": 0.11924,
    "2": 0.11507,
    "3": 0.11611,
    "4": 0.11548,
    "5": 0.11831,
    "6": 0.12119,
    "7": 0.12547,
    "8": 0.16541,
    "9": 0.16043,
    "10": 0.25236,
    "11": 0.25102,
    "12": 0.24858,
    "13": 0.24625,
    "14": 0.15161,
    "15": 0.14801,
    "16": 0.14824,
    "17": 0.14923,
    "18": 0.24654,
    "19": 0.25049,
    "20": 0.2512,
    "21": 0.2511,
    "22": 0.15826,
    "23": 0.15637
  }
}