{
  "day": "2021-06-30",
  "data": {
    "0": 0.1176,
    "1": 0.11725,
    "2": 0.11372,
    "3": 0.1155,
    "4": 0.11451,
    "5": 0.12034,
    "6": 0.12235,
    "7": 0.12294,
    "8": 0.16098,
    "9": 0.15893,
    "10": 0.25141,
    "11": 0.25095,
    "12": 0.25176,
    "13": 0.24872,
    "14": 0.15173,
    "15": 0.14583,
    "16": 0.14551,
    "17": 0.15054,
    "18": 0.2487,
    "19": 0.25344,
    "20": 0.25464,
    "21": 0.25264,
    "22": 0.15977,
    "23": 0.15824
  }
}