{
  "day": "2024-11-01",
  "data": {
    "0": 0.13122,
    "1": 0.12923,
    "2": 0.12359,
    "3": 0.12503,
    "4": 0.1253,
    "5": 0.12618,
    "6": 0.12687,
    "7": 0.12138,
    "8": 0.11289,
    "9": 0.10847,
    "10": 0.1039,
    "11": 0.08288,
    "12": 0.08472,
    "13": 0.08525,
    "14": 0.09588,
    "15": 0.11123,
    "16": 0.12601,
    "17": 0.14827,
    "18": 0.16987,
    "19": 0.16369,
    "20": 0.16269,
    "21": 0.15359,
    "22": 0.14299,
    "23": 0.1376
  }
}