{
  "day": "2024-11-02",
  "data": {
    "0": 0.14493,
    "1": 0.14417,
    "2": 0.14414,
    "3": 0.14139,
    "4": 0.14245,
    "5": 0.14058,
    "6": 0.14732,
    "7": 0.15115,
    "8": 0.14775,
    "9": 0.12887,
    "10": 0.11434,
    "11": 0.10709,
    "12": 0.1096,
    "13": 0.10454,
    "14": 0.10748,
    "15": 0.10873,
    "16": 0.12592,
    "17": 0.14705,
    "18": 0.15564,
    "19": 0.15634,
    "20": 0.15383,
    "21": 0.15411,
    "22": 0.14682,
    "23": 0.14048
  }
}