{
  "day": "2024-11-06",
  "data": {
    "0": 0.15917,
    "1": 0.15608,
    "2": 0.16037,
    "3": 0.15791,
    "4": 0.15185,
    "5": 0.15296,
    "6": 0.15366,
    "7": 0.15721,
    "8": 0.18745,
    "9": 0.17289,
    "10": 0.15231,
    "11": 0.19437,
    "12": 0.18783,
    "13": 0.19012,
    "14": 0.18639,
    "15": 0.14693,
    "16": 0.16106,
    "17": 0.18276,
    "18": 0.23898,
    "19": 0.28374,
    "20": 0.24425,
    "21": 0.2322,
    "22": 0.22652,
    "23": 0.17645
  }
}