{
  "day": "2024-11-08",
  "data": {
    "0": 0.13649,
    "1": 0.13712,
    "2": 0.13964,
    "3": 0.14032,
    "4": 0.1401,
    "5": 0.14113,
    "6": 0.14672,
    "7": 0.16553,
    "8": 0.19409,
    "9": 0.1784,
    "10": 0.17138,
    "11": 0.21667,
    "12": 0.21024,
    "13": 0.21151,
    "14": 0.21931,
    "15": 0.18932,
    "16": 0.19781,
    "17": 0.21789,
    "18": 0.19339,
    "19": 0.24371,
    "20": 0.24433,
    "21": 0.24248,
    "22": 0.23952,
    "23": 0.19317
  }
}