{
  "day": "2024-11-15",
  "data": {
    "0": 0.1509,
    "1": 0.14679,
    "2": 0.14842,
    "3": 0.14484,
    "4": 0.14562,
    "5": 0.14911,
    "6": 0.16716,
    "7": 0.17731,
    "8": 0.20835,
    "9": 0.19648,
    "10": 0.18648,
    "11": 0.22902,
    "12": 0.22299,
    "13": 0.22182,
    "14": 0.22342,
    "15": 0.17649,
    "16": 0.18503,
    "17": 0.20177,
    "18": 0.19635,
    "19": 0.24126,
    "20": 0.24151,
    "21": 0.24251,
    "22": 0.2361,
    "23": 0.174
  }
}