{
  "day": "2024-11-17",
  "data": {
    "0": 0.17769,
    "1": 0.16912,
    "2": 0.16343,
    "3": 0.16429,
    "4": 0.15645,
    "5": 0.15933,
    "6": 0.15144,
    "7": 0.16055,
    "8": 0.1597,
    "9": 0.13926,
    "10": 0.12363,
    "11": 0.12326,
    "12": 0.12538,
    "13": 0.11933,
    "14": 0.12467,
    "15": 0.13351,
    "16": 0.14893,
    "17": 0.18054,
    "18": 0.17932,
    "19": 0.18451,
    "20": 0.18982,
    "21": 0.19474,
    "22": 0.1832,
    "23": 0.17927
  }
}