{
  "day": "2024-11-18",
  "data": {
    "0": 0.17217,
    "1": 0.1693,
    "2": 0.16165,
    "3": 0.16719,
    "4": 0.17012,
    "5": 0.16897,
    "6": 0.17445,
    "7": 0.17438,
    "8": 0.20728,
    "9": 0.19184,
    "10": 0.17847,
    "11": 0.22497,
    "12": 0.21488,
    "13": 0.2148,
    "14": 0.22191,
    "15": 0.18133,
    "16": 0.19227,
    "17": 0.21152,
    "18": 0.2271,
    "19": 0.26644,
    "20": 0.26785,
    "21": 0.25348,
    "22": 0.24673,
    "23": 0.18979
  }
}