{
  "day": "2024-11-20",
  "data": {
    "0": 0.15064,
    "1": 0.13661,
    "2": 0.13796,
    "3": 0.13309,
    "4": 0.12746,
    "5": 0.13482,
    "6": 0.15099,
    "7": 0.17362,
    "8": 0.20569,
    "9": 0.18148,
    "10": 0.15307,
    "11": 0.17462,
    "12": 0.15754,
    "13": 0.15738,
    "14": 0.1334,
    "15": 0.11168,
    "16": 0.15954,
    "17": 0.19958,
    "18": 0.21392,
    "19": 0.26271,
    "20": 0.25517,
    "21": 0.24514,
    "22": 0.23684,
    "23": 0.17199
  }
}