{
  "day": "2024-11-21",
  "data": {
    "0": 0.14268,
    "1": 0.13523,
    "2": 0.12994,
    "3": 0.11663,
    "4": 0.11568,
    "5": 0.11671,
    "6": 0.12577,
    "7": 0.15095,
    "8": 0.18681,
    "9": 0.17091,
    "10": 0.14147,
    "11": 0.16685,
    "12": 0.14477,
    "13": 0.14555,
    "14": 0.14271,
    "15": 0.08346,
    "16": 0.1462,
    "17": 0.16991,
    "18": 0.18833,
    "19": 0.24863,
    "20": 0.2457,
    "21": 0.24027,
    "22": 0.23053,
    "23": 0.15778
  }
}