{
  "day": "2024-11-22",
  "data": {
    "0": 0.12402,
    "1": 0.12222,
    "2": 0.12308,
    "3": 0.11912,
    "4": 0.11548,
    "5": 0.12578,
    "6": 0.14348,
    "7": 0.17452,
    "8": 0.2125,
    "9": 0.20257,
    "10": 0.17667,
    "11": 0.22461,
    "12": 0.21475,
    "13": 0.20324,
    "14": 0.21034,
    "15": 0.18689,
    "16": 0.20151,
    "17": 0.20978,
    "18": 0.21321,
    "19": 0.27524,
    "20": 0.27622,
    "21": 0.26399,
    "22": 0.25781,
    "23": 0.20827
  }
}