{
  "day": "2024-11-23",
  "data": {
    "0": 0.18746,
    "1": 0.16893,
    "2": 0.16513,
    "3": 0.15737,
    "4": 0.14571,
    "5": 0.14531,
    "6": 0.14434,
    "7": 0.14286,
    "8": 0.17327,
    "9": 0.21289,
    "10": 0.11611,
    "11": 0.07587,
    "12": 0.07652,
    "13": 0.07238,
    "14": 0.0656,
    "15": 0.07939,
    "16": 0.14617,
    "17": 0.16554,
    "18": 0.15099,
    "19": 0.14772,
    "20": 0.13542,
    "21": 0.12841,
    "22": 0.12499,
    "23": 0.08596
  }
}