{
  "day": "2024-11-24",
  "data": {
    "0": 0.08107,
    "1": 0.07613,
    "2": 0.07542,
    "3": 0.07527,
    "4": 0.07504,
    "5": 0.07608,
    "6": 0.07429,
    "7": 0.06929,
    "8": 0.08394,
    "9": 0.08137,
    "10": 0.06678,
    "11": 0.0582,
    "12": 0.05855,
    "13": 0.05794,
    "14": 0.05699,
    "15": 0.08243,
    "16": 0.08851,
    "17": 0.11859,
    "18": 0.09031,
    "19": 0.10363,
    "20": 0.09752,
    "21": 0.07925,
    "22": 0.07242,
    "23": 0.06575
  }
}