{
  "day": "2024-11-25",
  "data": {
    "0": 0.06344,
    "1": 0.06287,
    "2": 0.05946,
    "3": 0.05901,
    "4": 0.06247,
    "5": 0.06067,
    "6": 0.07213,
    "7": 0.14211,
    "8": 0.18819,
    "9": 0.17925,
    "10": 0.1511,
    "11": 0.18935,
    "12": 0.19203,
    "13": 0.18683,
    "14": 0.18655,
    "15": 0.1647,
    "16": 0.19686,
    "17": 0.22079,
    "18": 0.21878,
    "19": 0.27351,
    "20": 0.28665,
    "21": 0.2766,
    "22": 0.27323,
    "23": 0.21663
  }
}