{
  "day": "2024-11-26",
  "data": {
    "0": 0.17175,
    "1": 0.16997,
    "2": 0.16602,
    "3": 0.16284,
    "4": 0.1662,
    "5": 0.17199,
    "6": 0.17498,
    "7": 0.17863,
    "8": 0.21328,
    "9": 0.20027,
    "10": 0.19344,
    "11": 0.24041,
    "12": 0.23774,
    "13": 0.23685,
    "14": 0.23847,
    "15": 0.19245,
    "16": 0.19319,
    "17": 0.20306,
    "18": 0.21781,
    "19": 0.26284,
    "20": 0.26119,
    "21": 0.25767,
    "22": 0.25123,
    "23": 0.19668
  }
}