{
  "day": "2024-11-28",
  "data": {
    "0": 0.17982,
    "1": 0.17222,
    "2": 0.16055,
    "3": 0.15913,
    "4": 0.14754,
    "5": 0.15139,
    "6": 0.16889,
    "7": 0.18603,
    "8": 0.21525,
    "9": 0.19616,
    "10": 0.17197,
    "11": 0.20844,
    "12": 0.20203,
    "13": 0.20157,
    "14": 0.20846,
    "15": 0.1728,
    "16": 0.19249,
    "17": 0.20919,
    "18": 0.21582,
    "19": 0.26281,
    "20": 0.26188,
    "21": 0.25727,
    "22": 0.24878,
    "23": 0.1985
  }
}