{
  "day": "2024-11-30",
  "data": {
    "0": 0.1769,
    "1": 0.16928,
    "2": 0.1764,
    "3": 0.17119,
    "4": 0.16928,
    "5": 0.16718,
    "6": 0.16481,
    "7": 0.16967,
    "8": 0.18637,
    "9": 0.17023,
    "10": 0.13694,
    "11": 0.11719,
    "12": 0.11874,
    "13": 0.12108,
    "14": 0.12958,
    "15": 0.14794,
    "16": 0.16493,
    "17": 0.18167,
    "18": 0.17915,
    "19": 0.17952,
    "20": 0.17808,
    "21": 0.17926,
    "22": 0.17717,
    "23": 0.17594
  }
}