{
  "day": "2022-10-01",
  "data": {
    "0": 0.28515,
    "1": 0.21214,
    "2": 0.19778,
    "3": 0.18982,
    "4": 0.18252,
    "5": 0.18255,
    "6": 0.20153,
    "7": 0.20668,
    "8": 0.24149,
    "9": 0.24037,
    "10": 0.18623,
    "11": 0.1752,
    "12": 0.1693,
    "13": 0.16052,
    "14": 0.14316,
    "15": 0.14982,
    "16": 0.16324,
    "17": 0.18227,
    "18": 0.23137,
    "19": 0.30042,
    "20": 0.34135,
    "21": 0.30185,
    "22": 0.28895,
    "23": 0.27279
  }
}