{
  "day": "2022-10-02",
  "data": {
    "0": 0.30324,
    "1": 0.26552,
    "2": 0.27782,
    "3": 0.26404,
    "4": 0.23364,
    "5": 0.26507,
    "6": 0.30329,
    "7": 0.28647,
    "8": 0.26309,
    "9": 0.22694,
    "10": 0.17471,
    "11": 0.15677,
    "12": 0.16539,
    "13": 0.16546,
    "14": 0.15,
    "15": 0.16486,
    "16": 0.16715,
    "17": 0.17526,
    "18": 0.23229,
    "19": 0.26478,
    "20": 0.31974,
    "21": 0.34002,
    "22": 0.27844,
    "23": 0.28153
  }
}