{
  "day": "2022-10-03",
  "data": {
    "0": 0.31996,
    "1": 0.31476,
    "2": 0.32024,
    "3": 0.32672,
    "4": 0.33319,
    "5": 0.33606,
    "6": 0.31831,
    "7": 0.32,
    "8": 0.378,
    "9": 0.34018,
    "10": 0.36194,
    "11": 0.34804,
    "12": 0.34434,
    "13": 0.34015,
    "14": 0.28135,
    "15": 0.28214,
    "16": 0.28986,
    "17": 0.30633,
    "18": 0.36522,
    "19": 0.38632,
    "20": 0.45684,
    "21": 0.45479,
    "22": 0.35084,
    "23": 0.34845
  }
}