{
  "day": "2022-10-07",
  "data": {
    "0": 0.29894,
    "1": 0.29389,
    "2": 0.27901,
    "3": 0.28161,
    "4": 0.313,
    "5": 0.31199,
    "6": 0.3273,
    "7": 0.32894,
    "8": 0.39864,
    "9": 0.3725,
    "10": 0.35932,
    "11": 0.32297,
    "12": 0.3149,
    "13": 0.30605,
    "14": 0.24971,
    "15": 0.24988,
    "16": 0.25062,
    "17": 0.27919,
    "18": 0.36732,
    "19": 0.42223,
    "20": 0.46041,
    "21": 0.42804,
    "22": 0.34596,
    "23": 0.321
  }
}