{
  "day": "2022-10-08",
  "data": {
    "0": 0.30237,
    "1": 0.29097,
    "2": 0.26935,
    "3": 0.26455,
    "4": 0.26316,
    "5": 0.25661,
    "6": 0.2519,
    "7": 0.24783,
    "8": 0.23978,
    "9": 0.21856,
    "10": 0.19151,
    "11": 0.16287,
    "12": 0.15944,
    "13": 0.16874,
    "14": 0.17356,
    "15": 0.17491,
    "16": 0.18006,
    "17": 0.19339,
    "18": 0.22085,
    "19": 0.28023,
    "20": 0.31171,
    "21": 0.32361,
    "22": 0.29754,
    "23": 0.2914
  }
}