{
  "day": "2022-10-09",
  "data": {
    "0": 0.28131,
    "1": 0.2584,
    "2": 0.24357,
    "3": 0.22988,
    "4": 0.23301,
    "5": 0.23646,
    "6": 0.23969,
    "7": 0.24252,
    "8": 0.21758,
    "9": 0.20089,
    "10": 0.17822,
    "11": 0.15579,
    "12": 0.15218,
    "13": 0.155,
    "14": 0.14927,
    "15": 0.15391,
    "16": 0.15548,
    "17": 0.16967,
    "18": 0.18864,
    "19": 0.26917,
    "20": 0.32376,
    "21": 0.3379,
    "22": 0.317,
    "23": 0.28966
  }
}