{
  "day": "2022-10-11",
  "data": {
    "0": 0.33593,
    "1": 0.30978,
    "2": 0.29835,
    "3": 0.29091,
    "4": 0.28387,
    "5": 0.2865,
    "6": 0.27888,
    "7": 0.31698,
    "8": 0.34639,
    "9": 0.3351,
    "10": 0.367,
    "11": 0.3438,
    "12": 0.32328,
    "13": 0.31789,
    "14": 0.26917,
    "15": 0.27081,
    "16": 0.2789,
    "17": 0.30867,
    "18": 0.36369,
    "19": 0.37573,
    "20": 0.43268,
    "21": 0.41335,
    "22": 0.33554,
    "23": 0.29249
  }
}