{
  "day": "2022-10-17",
  "data": {
    "0": 0.18856,
    "1": 0.1713,
    "2": 0.16139,
    "3": 0.14297,
    "4": 0.14308,
    "5": 0.17054,
    "6": 0.19885,
    "7": 0.23647,
    "8": 0.29615,
    "9": 0.27936,
    "10": 0.29417,
    "11": 0.26113,
    "12": 0.23665,
    "13": 0.22629,
    "14": 0.17218,
    "15": 0.16922,
    "16": 0.17924,
    "17": 0.19159,
    "18": 0.27551,
    "19": 0.30164,
    "20": 0.33906,
    "21": 0.32567,
    "22": 0.25339,
    "23": 0.23431
  }
}