{
  "day": "2022-10-22",
  "data": {
    "0": 0.18919,
    "1": 0.1676,
    "2": 0.15467,
    "3": 0.15659,
    "4": 0.14536,
    "5": 0.14275,
    "6": 0.16104,
    "7": 0.15819,
    "8": 0.16818,
    "9": 0.1685,
    "10": 0.14904,
    "11": 0.1561,
    "12": 0.13638,
    "13": 0.11761,
    "14": 0.10403,
    "15": 0.08918,
    "16": 0.08499,
    "17": 0.09738,
    "18": 0.10995,
    "19": 0.15641,
    "20": 0.18081,
    "21": 0.17477,
    "22": 0.15807,
    "23": 0.12391
  }
}