{
  "day": "2022-10-23",
  "data": {
    "0": 0.11828,
    "1": 0.111,
    "2": 0.10161,
    "3": 0.10366,
    "4": 0.10359,
    "5": 0.10403,
    "6": 0.10209,
    "7": 0.10889,
    "8": 0.10876,
    "9": 0.11283,
    "10": 0.1039,
    "11": 0.09936,
    "12": 0.09358,
    "13": 0.0848,
    "14": 0.04463,
    "15": 0.0342,
    "16": 0.0347,
    "17": 0.09361,
    "18": 0.12597,
    "19": 0.16125,
    "20": 0.1728,
    "21": 0.18167,
    "22": 0.17458,
    "23": 0.153
  }
}