{
  "day": "2022-10-25",
  "data": {
    "0": 0.15005,
    "1": 0.12548,
    "2": 0.11882,
    "3": 0.10953,
    "4": 0.10782,
    "5": 0.10784,
    "6": 0.11852,
    "7": 0.15051,
    "8": 0.20334,
    "9": 0.18614,
    "10": 0.21153,
    "11": 0.20806,
    "12": 0.20129,
    "13": 0.1874,
    "14": 0.13746,
    "15": 0.13867,
    "16": 0.1434,
    "17": 0.16301,
    "18": 0.2283,
    "19": 0.23974,
    "20": 0.26188,
    "21": 0.2319,
    "22": 0.1766,
    "23": 0.17153
  }
}