{
  "day": "2022-10-28",
  "data": {
    "0": 0.12735,
    "1": 0.12677,
    "2": 0.12542,
    "3": 0.12561,
    "4": 0.12655,
    "5": 0.12698,
    "6": 0.14795,
    "7": 0.17141,
    "8": 0.2058,
    "9": 0.19795,
    "10": 0.24095,
    "11": 0.21975,
    "12": 0.21037,
    "13": 0.20483,
    "14": 0.16101,
    "15": 0.15384,
    "16": 0.16701,
    "17": 0.1881,
    "18": 0.24128,
    "19": 0.24663,
    "20": 0.24391,
    "21": 0.24005,
    "22": 0.16958,
    "23": 0.15636
  }
}