{
  "day": "2022-10-29",
  "data": {
    "0": 0.13275,
    "1": 0.13086,
    "2": 0.1288,
    "3": 0.12602,
    "4": 0.12512,
    "5": 0.12458,
    "6": 0.13047,
    "7": 0.14325,
    "8": 0.15601,
    "9": 0.14763,
    "10": 0.13155,
    "11": 0.12195,
    "12": 0.11804,
    "13": 0.11361,
    "14": 0.11801,
    "15": 0.1205,
    "16": 0.1212,
    "17": 0.14462,
    "18": 0.17478,
    "19": 0.1791,
    "20": 0.17171,
    "21": 0.17221,
    "22": 0.16622,
    "23": 0.16101
  }
}