{
  "day": "2022-10-31",
  "data": {
    "0": 0.21445,
    "1": 0.20656,
    "2": 0.17392,
    "3": 0.17453,
    "4": 0.17423,
    "5": 0.17944,
    "6": 0.19929,
    "7": 0.21707,
    "8": 0.2487,
    "9": 0.22568,
    "10": 0.25641,
    "11": 0.25554,
    "12": 0.25526,
    "13": 0.25968,
    "14": 0.22586,
    "15": 0.24425,
    "16": 0.24498,
    "17": 0.3156,
    "18": 0.30708,
    "19": 0.30744,
    "20": 0.35719,
    "21": 0.37758,
    "22": 0.30198,
    "23": 0.28566
  }
}