{
  "day": "2021-06-01",
  "data": {
    "0": 0.11633,
    "1": 0.11595,
    "2": 0.11489,
    "3": 0.11496,
    "4": 0.11484,
    "5": 0.11603,
    "6": 0.11629,
    "7": 0.1157,
    "8": 0.15289,
    "9": 0.15083,
    "10": 0.14928,
    "11": 0.2405,
    "12": 0.23809,
    "13": 0.2353,
    "14": 0.23128,
    "15": 0.13288,
    "16": 0.13193,
    "17": 0.13599,
    "18": 0.13813,
    "19": 0.2404,
    "20": 0.2462,
    "21": 0.24808,
    "22": 0.24941,
    "23": 0.1565
  }
}