{
  "day": "2021-06-03",
  "data": {
    "0": 0.10958,
    "1": 0.10608,
    "2": 0.10296,
    "3": 0.10445,
    "4": 0.10462,
    "5": 0.10753,
    "6": 0.11176,
    "7": 0.11282,
    "8": 0.14944,
    "9": 0.14177,
    "10": 0.13982,
    "11": 0.23158,
    "12": 0.23153,
    "13": 0.2301,
    "14": 0.22595,
    "15": 0.12378,
    "16": 0.12341,
    "17": 0.12676,
    "18": 0.13296,
    "19": 0.23488,
    "20": 0.23745,
    "21": 0.24213,
    "22": 0.24304,
    "23": 0.14721
  }
}