{
  "day": "2021-06-04",
  "data": {
    "0": 0.10312,
    "1": 0.10295,
    "2": 0.10252,
    "3": 0.10581,
    "4": 0.10577,
    "5": 0.10825,
    "6": 0.11109,
    "7": 0.11252,
    "8": 0.14952,
    "9": 0.14598,
    "10": 0.14223,
    "11": 0.23506,
    "12": 0.2349,
    "13": 0.23448,
    "14": 0.23045,
    "15": 0.13409,
    "16": 0.12952,
    "17": 0.13379,
    "18": 0.13857,
    "19": 0.23658,
    "20": 0.23832,
    "21": 0.23939,
    "22": 0.23789,
    "23": 0.14065
  }
}