{
  "day": "2021-06-08",
  "data": {
    "0": 0.10673,
    "1": 0.1055,
    "2": 0.10546,
    "3": 0.10638,
    "4": 0.10929,
    "5": 0.11121,
    "6": 0.11079,
    "7": 0.11441,
    "8": 0.15442,
    "9": 0.14389,
    "10": 0.13818,
    "11": 0.23164,
    "12": 0.23179,
    "13": 0.23169,
    "14": 0.23119,
    "15": 0.13421,
    "16": 0.13211,
    "17": 0.13741,
    "18": 0.14273,
    "19": 0.24042,
    "20": 0.24182,
    "21": 0.2416,
    "22": 0.23989,
    "23": 0.14231
  }
}