{
  "day": "2021-06-09",
  "data": {
    "0": 0.10844,
    "1": 0.10602,
    "2": 0.10176,
    "3": 0.10497,
    "4": 0.10791,
    "5": 0.1094,
    "6": 0.10998,
    "7": 0.11083,
    "8": 0.14787,
    "9": 0.14057,
    "10": 0.13958,
    "11": 0.23317,
    "12": 0.23346,
    "13": 0.23354,
    "14": 0.23358,
    "15": 0.1348,
    "16": 0.12949,
    "17": 0.13581,
    "18": 0.14123,
    "19": 0.23864,
    "20": 0.24071,
    "21": 0.2419,
    "22": 0.2424,
    "23": 0.14217
  }
}