{
  "day": "2021-06-11",
  "data": {
    "0": 0.10981,
    "1": 0.10678,
    "2": 0.10105,
    "3": 0.09804,
    "4": 0.09614,
    "5": 0.09934,
    "6": 0.10902,
    "7": 0.11468,
    "8": 0.15268,
    "9": 0.14259,
    "10": 0.14043,
    "11": 0.23414,
    "12": 0.23482,
    "13": 0.23409,
    "14": 0.23421,
    "15": 0.13898,
    "16": 0.13749,
    "17": 0.13762,
    "18": 0.14104,
    "19": 0.24117,
    "20": 0.24423,
    "21": 0.24247,
    "22": 0.24464,
    "23": 0.14768
  }
}