{
  "day": "2021-06-13",
  "data": {
    "0": 0.10834,
    "1": 0.10811,
    "2": 0.10914,
    "3": 0.10996,
    "4": 0.11028,
    "5": 0.11119,
    "6": 0.11087,
    "7": 0.11042,
    "8": 0.10904,
    "9": 0.10719,
    "10": 0.10069,
    "11": 0.0981,
    "12": 0.09449,
    "13": 0.09728,
    "14": 0.09772,
    "15": 0.09464,
    "16": 0.09486,
    "17": 0.09422,
    "18": 0.09869,
    "19": 0.10681,
    "20": 0.11521,
    "21": 0.12069,
    "22": 0.12326,
    "23": 0.12151
  }
}