{
  "day": "2021-06-14",
  "data": {
    "0": 0.11645,
    "1": 0.11616,
    "2": 0.11299,
    "3": 0.11476,
    "4": 0.11662,
    "5": 0.11702,
    "6": 0.11554,
    "7": 0.1188,
    "8": 0.15403,
    "9": 0.14875,
    "10": 0.14567,
    "11": 0.23933,
    "12": 0.24002,
    "13": 0.23981,
    "14": 0.23912,
    "15": 0.13956,
    "16": 0.13924,
    "17": 0.13955,
    "18": 0.14771,
    "19": 0.24906,
    "20": 0.25383,
    "21": 0.25104,
    "22": 0.24945,
    "23": 0.15235
  }
}