{
  "day": "2021-06-15",
  "data": {
    "0": 0.11576,
    "1": 0.11327,
    "2": 0.11042,
    "3": 0.1078,
    "4": 0.10781,
    "5": 0.11047,
    "6": 0.11041,
    "7": 0.11808,
    "8": 0.15798,
    "9": 0.15122,
    "10": 0.14903,
    "11": 0.24496,
    "12": 0.24505,
    "13": 0.24538,
    "14": 0.24419,
    "15": 0.14894,
    "16": 0.14873,
    "17": 0.15134,
    "18": 0.15443,
    "19": 0.25514,
    "20": 0.25574,
    "21": 0.25315,
    "22": 0.25151,
    "23": 0.15745
  }
}