{
  "day": "2021-06-17",
  "data": {
    "0": 0.12489,
    "1": 0.12296,
    "2": 0.12279,
    "3": 0.12133,
    "4": 0.12087,
    "5": 0.12013,
    "6": 0.11968,
    "7": 0.1192,
    "8": 0.16039,
    "9": 0.15618,
    "10": 0.15419,
    "11": 0.2458,
    "12": 0.24537,
    "13": 0.24194,
    "14": 0.2392,
    "15": 0.14132,
    "16": 0.13307,
    "17": 0.14239,
    "18": 0.15194,
    "19": 0.2498,
    "20": 0.2578,
    "21": 0.25454,
    "22": 0.2519,
    "23": 0.15745
  }
}