{
  "day": "2021-06-18",
  "data": {
    "0": 0.11921,
    "1": 0.11695,
    "2": 0.11582,
    "3": 0.11608,
    "4": 0.11562,
    "5": 0.11643,
    "6": 0.1174,
    "7": 0.12174,
    "8": 0.16095,
    "9": 0.15584,
    "10": 0.15458,
    "11": 0.24649,
    "12": 0.24795,
    "13": 0.24597,
    "14": 0.24431,
    "15": 0.14544,
    "16": 0.14389,
    "17": 0.14719,
    "18": 0.14972,
    "19": 0.25064,
    "20": 0.25168,
    "21": 0.24879,
    "22": 0.2499,
    "23": 0.15505
  }
}