{
  "day": "2021-06-20",
  "data": {
    "0": 0.10846,
    "1": 0.09358,
    "2": 0.09305,
    "3": 0.09006,
    "4": 0.08998,
    "5": 0.08794,
    "6": 0.08636,
    "7": 0.08207,
    "8": 0.08119,
    "9": 0.07933,
    "10": 0.07329,
    "11": 0.06679,
    "12": 0.05997,
    "13": 0.0457,
    "14": 0.0429,
    "15": 0.04673,
    "16": 0.02631,
    "17": 0.02242,
    "18": 0.04208,
    "19": 0.08612,
    "20": 0.10483,
    "21": 0.11229,
    "22": 0.11553,
    "23": 0.10862
  }
}