{
  "day": "2021-06-21",
  "data": {
    "0": 0.09412,
    "1": 0.09147,
    "2": 0.09119,
    "3": 0.0922,
    "4": 0.09354,
    "5": 0.09501,
    "6": 0.11424,
    "7": 0.11436,
    "8": 0.15238,
    "9": 0.14837,
    "10": 0.14603,
    "11": 0.23963,
    "12": 0.24101,
    "13": 0.24082,
    "14": 0.24024,
    "15": 0.13811,
    "16": 0.13785,
    "17": 0.14085,
    "18": 0.15031,
    "19": 0.25014,
    "20": 0.25117,
    "21": 0.24906,
    "22": 0.25062,
    "23": 0.15432
  }
}