{
  "day": "2021-06-25",
  "data": {
    "0": 0.1134,
    "1": 0.10655,
    "2": 0.1038,
    "3": 0.10276,
    "4": 0.10325,
    "5": 0.10558,
    "6": 0.11396,
    "7": 0.11944,
    "8": 0.15991,
    "9": 0.1545,
    "10": 0.15095,
    "11": 0.24225,
    "12": 0.23932,
    "13": 0.23345,
    "14": 0.23168,
    "15": 0.13816,
    "16": 0.13865,
    "17": 0.14531,
    "18": 0.14747,
    "19": 0.2477,
    "20": 0.25095,
    "21": 0.25168,
    "22": 0.25294,
    "23": 0.15398
  }
}