{
  "day": "2021-06-26",
  "data": {
    "0": 0.11839,
    "1": 0.118,
    "2": 0.12018,
    "3": 0.1214,
    "4": 0.12324,
    "5": 0.12331,
    "6": 0.12309,
    "7": 0.12046,
    "8": 0.11713,
    "9": 0.11204,
    "10": 0.11116,
    "11": 0.11024,
    "12": 0.09952,
    "13": 0.09126,
    "14": 0.08799,
    "15": 0.08717,
    "16": 0.08774,
    "17": 0.09197,
    "18": 0.099,
    "19": 0.11073,
    "20": 0.11514,
    "21": 0.11957,
    "22": 0.11952,
    "23": 0.11646
  }
}