{
  "day": "2021-06-27",
  "data": {
    "0": 0.11891,
    "1": 0.11919,
    "2": 0.11558,
    "3": 0.11816,
    "4": 0.11837,
    "5": 0.11463,
    "6": 0.11321,
    "7": 0.10766,
    "8": 0.09946,
    "9": 0.09425,
    "10": 0.09129,
    "11": 0.08723,
    "12": 0.0769,
    "13": 0.07455,
    "14": 0.04176,
    "15": 0.03232,
    "16": 0.03786,
    "17": 0.04113,
    "18": 0.06457,
    "19": 0.09147,
    "20": 0.09902,
    "21": 0.11635,
    "22": 0.1218,
    "23": 0.11611
  }
}