{
  "day": "2021-06-28",
  "data": {
    "0": 0.11143,
    "1": 0.10399,
    "2": 0.10104,
    "3": 0.10058,
    "4": 0.09945,
    "5": 0.10559,
    "6": 0.1188,
    "7": 0.12261,
    "8": 0.15979,
    "9": 0.15358,
    "10": 0.14859,
    "11": 0.23934,
    "12": 0.23934,
    "13": 0.23959,
    "14": 0.23912,
    "15": 0.14022,
    "16": 0.1439,
    "17": 0.15021,
    "18": 0.15038,
    "19": 0.2472,
    "20": 0.25228,
    "21": 0.25513,
    "22": 0.25492,
    "23": 0.15885
  }
}