{
  "day": "2026-04-03",
  "data": {
    "0": 0.08617,
    "1": 0.08729,
    "2": 0.0892,
    "3": 0.09128,
    "4": 0.0923,
    "5": 0.09249,
    "6": 0.09028,
    "7": 0.09054,
    "8": 0.11169,
    "9": 0.10584,
    "10": 0.10421,
    "11": 0.17203,
    "12": 0.17256,
    "13": 0.17453,
    "14": 0.17608,
    "15": 0.10932,
    "16": 0.11054,
    "17": 0.10923,
    "18": 0.10725,
    "19": 0.17898,
    "20": 0.22097,
    "21": 0.25489,
    "22": 0.2553,
    "23": 0.15897
  }
}