{
  "day": "2026-04-04",
  "data": {
    "0": 0.09791,
    "1": 0.09606,
    "2": 0.10278,
    "3": 0.10555,
    "4": 0.10723,
    "5": 0.10868,
    "6": 0.10781,
    "7": 0.10791,
    "8": 0.10716,
    "9": 0.07977,
    "10": 0.0702,
    "11": 0.0686,
    "12": 0.07284,
    "13": 0.07466,
    "14": 0.07517,
    "15": 0.07581,
    "16": 0.07661,
    "17": 0.07687,
    "18": 0.07912,
    "19": 0.08961,
    "20": 0.11265,
    "21": 0.15011,
    "22": 0.12782,
    "23": 0.1084
  }
}