{
  "day": "2026-04-06",
  "data": {
    "0": 0.12374,
    "1": 0.11906,
    "2": 0.11834,
    "3": 0.1181,
    "4": 0.11924,
    "5": 0.11684,
    "6": 0.11192,
    "7": 0.10518,
    "8": 0.12672,
    "9": 0.10148,
    "10": 0.09354,
    "11": 0.16319,
    "12": 0.16247,
    "13": 0.16458,
    "14": 0.16591,
    "15": 0.09897,
    "16": 0.10087,
    "17": 0.10346,
    "18": 0.10266,
    "19": 0.18348,
    "20": 0.19226,
    "21": 0.19678,
    "22": 0.19016,
    "23": 0.12108
  }
}