{
  "day": "2026-04-07",
  "data": {
    "0": 0.08517,
    "1": 0.0851,
    "2": 0.0823,
    "3": 0.08245,
    "4": 0.08347,
    "5": 0.08984,
    "6": 0.09747,
    "7": 0.1189,
    "8": 0.12315,
    "9": 0.11185,
    "10": 0.08448,
    "11": 0.1488,
    "12": 0.14863,
    "13": 0.14839,
    "14": 0.14986,
    "15": 0.08056,
    "16": 0.08181,
    "17": 0.08599,
    "18": 0.1178,
    "19": 0.21706,
    "20": 0.26734,
    "21": 0.29356,
    "22": 0.25937,
    "23": 0.17513
  }
}