{
  "day": "2026-04-11",
  "data": {
    "0": 0.13691,
    "1": 0.11623,
    "2": 0.10855,
    "3": 0.10738,
    "4": 0.10303,
    "5": 0.10709,
    "6": 0.12097,
    "7": 0.12069,
    "8": 0.12182,
    "9": 0.08767,
    "10": 0.06186,
    "11": 0.05262,
    "12": 0.05322,
    "13": 0.05274,
    "14": 0.05318,
    "15": 0.05397,
    "16": 0.05517,
    "17": 0.05997,
    "18": 0.06317,
    "19": 0.07281,
    "20": 0.07558,
    "21": 0.08599,
    "22": 0.08236,
    "23": 0.07541
  }
}