{
  "day": "2026-04-12",
  "data": {
    "0": 0.08228,
    "1": 0.08049,
    "2": 0.0816,
    "3": 0.08406,
    "4": 0.08453,
    "5": 0.0848,
    "6": 0.08367,
    "7": 0.08229,
    "8": 0.08669,
    "9": 0.09115,
    "10": 0.07622,
    "11": 0.07321,
    "12": 0.07317,
    "13": 0.0719,
    "14": 0.07199,
    "15": 0.07657,
    "16": 0.07827,
    "17": 0.07186,
    "18": 0.07177,
    "19": 0.07275,
    "20": 0.09617,
    "21": 0.13669,
    "22": 0.11591,
    "23": 0.09562
  }
}