{
  "day": "2026-04-14",
  "data": {
    "0": 0.10867,
    "1": 0.10831,
    "2": 0.11129,
    "3": 0.1075,
    "4": 0.10598,
    "5": 0.10822,
    "6": 0.11992,
    "7": 0.14796,
    "8": 0.15834,
    "9": 0.09187,
    "10": 0.06628,
    "11": 0.13531,
    "12": 0.13537,
    "13": 0.13555,
    "14": 0.13705,
    "15": 0.06752,
    "16": 0.06832,
    "17": 0.06793,
    "18": 0.07095,
    "19": 0.19787,
    "20": 0.2518,
    "21": 0.27213,
    "22": 0.25893,
    "23": 0.18221
  }
}