{
  "day": "2026-04-15",
  "data": {
    "0": 0.14185,
    "1": 0.12876,
    "2": 0.12211,
    "3": 0.11174,
    "4": 0.11175,
    "5": 0.11495,
    "6": 0.13727,
    "7": 0.17769,
    "8": 0.18755,
    "9": 0.10421,
    "10": 0.05496,
    "11": 0.12204,
    "12": 0.12265,
    "13": 0.12232,
    "14": 0.12306,
    "15": 0.05295,
    "16": 0.05403,
    "17": 0.05309,
    "18": 0.06151,
    "19": 0.21441,
    "20": 0.27743,
    "21": 0.28712,
    "22": 0.27618,
    "23": 0.19307
  }
}