{
  "day": "2026-04-19",
  "data": {
    "0": 0.12822,
    "1": 0.12018,
    "2": 0.11611,
    "3": 0.11199,
    "4": 0.10931,
    "5": 0.12146,
    "6": 0.12775,
    "7": 0.13697,
    "8": 0.10199,
    "9": 0.05528,
    "10": 0.0486,
    "11": 0.04581,
    "12": 0.04586,
    "13": 0.04541,
    "14": 0.04474,
    "15": 0.04651,
    "16": 0.04589,
    "17": 0.03974,
    "18": 0.04184,
    "19": 0.07775,
    "20": 0.1399,
    "21": 0.15239,
    "22": 0.14625,
    "23": 0.14396
  }
}