{
  "day": "2026-04-20",
  "data": {
    "0": 0.13128,
    "1": 0.12821,
    "2": 0.13103,
    "3": 0.12886,
    "4": 0.12999,
    "5": 0.13143,
    "6": 0.12698,
    "7": 0.15633,
    "8": 0.17092,
    "9": 0.11041,
    "10": 0.05945,
    "11": 0.12437,
    "12": 0.12512,
    "13": 0.125,
    "14": 0.12576,
    "15": 0.05625,
    "16": 0.05637,
    "17": 0.05941,
    "18": 0.08311,
    "19": 0.19952,
    "20": 0.2445,
    "21": 0.26978,
    "22": 0.25275,
    "23": 0.16106
  }
}