{
  "day": "2026-04-23",
  "data": {
    "0": 0.13004,
    "1": 0.12101,
    "2": 0.12458,
    "3": 0.12449,
    "4": 0.12438,
    "5": 0.12378,
    "6": 0.12523,
    "7": 0.14119,
    "8": 0.16201,
    "9": 0.10126,
    "10": 0.06139,
    "11": 0.1267,
    "12": 0.12691,
    "13": 0.12658,
    "14": 0.12722,
    "15": 0.05766,
    "16": 0.05836,
    "17": 0.05929,
    "18": 0.07108,
    "19": 0.18107,
    "20": 0.22089,
    "21": 0.23797,
    "22": 0.22945,
    "23": 0.1538
  }
}