{
  "day": "2026-04-24",
  "data": {
    "0": 0.10746,
    "1": 0.10755,
    "2": 0.10865,
    "3": 0.1102,
    "4": 0.11076,
    "5": 0.11244,
    "6": 0.12101,
    "7": 0.14651,
    "8": 0.17041,
    "9": 0.14518,
    "10": 0.13026,
    "11": 0.1678,
    "12": 0.14129,
    "13": 0.13369,
    "14": 0.12848,
    "15": 0.06049,
    "16": 0.06765,
    "17": 0.0937,
    "18": 0.1304,
    "19": 0.22891,
    "20": 0.2442,
    "21": 0.25343,
    "22": 0.24863,
    "23": 0.16289
  }
}