{
  "day": "2026-04-26",
  "data": {
    "0": 0.13636,
    "1": 0.12053,
    "2": 0.11712,
    "3": 0.11394,
    "4": 0.11502,
    "5": 0.11837,
    "6": 0.12875,
    "7": 0.13254,
    "8": 0.0921,
    "9": 0.04278,
    "10": 0.03518,
    "11": 0.0422,
    "12": 0.04166,
    "13": 0.04123,
    "14": 0.04151,
    "15": 0.04299,
    "16": 0.04425,
    "17": 0.05002,
    "18": 0.04386,
    "19": 0.07453,
    "20": 0.12367,
    "21": 0.15027,
    "22": 0.15336,
    "23": 0.1338
  }
}