{
  "day": "2026-04-28",
  "data": {
    "0": 0.11586,
    "1": 0.11466,
    "2": 0.11447,
    "3": 0.11267,
    "4": 0.11353,
    "5": 0.11628,
    "6": 0.12401,
    "7": 0.14038,
    "8": 0.16076,
    "9": 0.11879,
    "10": 0.06352,
    "11": 0.12085,
    "12": 0.12088,
    "13": 0.12026,
    "14": 0.12099,
    "15": 0.05247,
    "16": 0.05369,
    "17": 0.06295,
    "18": 0.10387,
    "19": 0.21791,
    "20": 0.23916,
    "21": 0.2544,
    "22": 0.24477,
    "23": 0.16389
  }
}