{
  "day": "2023-08-03",
  "data": {
    "0": 0.11725,
    "1": 0.11516,
    "2": 0.10852,
    "3": 0.10962,
    "4": 0.10665,
    "5": 0.1119,
    "6": 0.11646,
    "7": 0.11688,
    "8": 0.13815,
    "9": 0.12008,
    "10": 0.15345,
    "11": 0.1303,
    "12": 0.1303,
    "13": 0.13006,
    "14": 0.07163,
    "15": 0.07475,
    "16": 0.07581,
    "17": 0.10402,
    "18": 0.15447,
    "19": 0.16839,
    "20": 0.19704,
    "21": 0.20715,
    "22": 0.16243,
    "23": 0.1574
  }
}