{
  "day": "2023-08-04",
  "data": {
    "0": 0.12199,
    "1": 0.11769,
    "2": 0.11496,
    "3": 0.11384,
    "4": 0.11118,
    "5": 0.11291,
    "6": 0.11079,
    "7": 0.11639,
    "8": 0.13834,
    "9": 0.11731,
    "10": 0.14194,
    "11": 0.14983,
    "12": 0.14994,
    "13": 0.15147,
    "14": 0.10322,
    "15": 0.08987,
    "16": 0.08131,
    "17": 0.0903,
    "18": 0.15265,
    "19": 0.17703,
    "20": 0.19295,
    "21": 0.20305,
    "22": 0.15739,
    "23": 0.15569
  }
}