{
  "day": "2023-08-05",
  "data": {
    "0": 0.13364,
    "1": 0.12682,
    "2": 0.12522,
    "3": 0.1228,
    "4": 0.12317,
    "5": 0.12334,
    "6": 0.12306,
    "7": 0.11914,
    "8": 0.12235,
    "9": 0.11237,
    "10": 0.09496,
    "11": 0.08182,
    "12": 0.06448,
    "13": 0.07048,
    "14": 0.06405,
    "15": 0.05365,
    "16": 0.05425,
    "17": 0.05476,
    "18": 0.08097,
    "19": 0.10251,
    "20": 0.12487,
    "21": 0.13064,
    "22": 0.12997,
    "23": 0.12492
  }
}