{
  "day": "2023-08-06",
  "data": {
    "0": 0.10913,
    "1": 0.07676,
    "2": 0.06423,
    "3": 0.06345,
    "4": 0.06357,
    "5": 0.06281,
    "6": 0.06294,
    "7": 0.06172,
    "8": 0.04167,
    "9": 0.0406,
    "10": 0.03822,
    "11": 0.03099,
    "12": 0.03162,
    "13": 0.02868,
    "14": 0.02429,
    "15": 0.02418,
    "16": 0.02456,
    "17": 0.02809,
    "18": 0.03039,
    "19": 0.06574,
    "20": 0.10876,
    "21": 0.11404,
    "22": 0.11483,
    "23": 0.11027
  }
}