{
  "day": "2023-08-07",
  "data": {
    "0": 0.10499,
    "1": 0.09099,
    "2": 0.08566,
    "3": 0.08768,
    "4": 0.08355,
    "5": 0.09867,
    "6": 0.10521,
    "7": 0.12543,
    "8": 0.15569,
    "9": 0.13541,
    "10": 0.15766,
    "11": 0.15025,
    "12": 0.15829,
    "13": 0.15048,
    "14": 0.1076,
    "15": 0.10672,
    "16": 0.11079,
    "17": 0.12619,
    "18": 0.19103,
    "19": 0.21252,
    "20": 0.22467,
    "21": 0.23407,
    "22": 0.17285,
    "23": 0.16057
  }
}