{
  "day": "2023-08-14",
  "data": {
    "0": 0.14864,
    "1": 0.14533,
    "2": 0.13598,
    "3": 0.13736,
    "4": 0.13733,
    "5": 0.1405,
    "6": 0.15174,
    "7": 0.15738,
    "8": 0.17482,
    "9": 0.15765,
    "10": 0.18775,
    "11": 0.17859,
    "12": 0.17589,
    "13": 0.17546,
    "14": 0.12077,
    "15": 0.12912,
    "16": 0.13306,
    "17": 0.13421,
    "18": 0.18343,
    "19": 0.21659,
    "20": 0.22493,
    "21": 0.23571,
    "22": 0.18003,
    "23": 0.18003
  }
}