{
  "day": "2023-08-18",
  "data": {
    "0": 0.16616,
    "1": 0.15886,
    "2": 0.15591,
    "3": 0.1474,
    "4": 0.14752,
    "5": 0.14726,
    "6": 0.15488,
    "7": 0.15138,
    "8": 0.16765,
    "9": 0.16416,
    "10": 0.19949,
    "11": 0.1911,
    "12": 0.18782,
    "13": 0.18362,
    "14": 0.13982,
    "15": 0.14352,
    "16": 0.14335,
    "17": 0.14597,
    "18": 0.19617,
    "19": 0.22769,
    "20": 0.23134,
    "21": 0.2387,
    "22": 0.1946,
    "23": 0.19259
  }
}