{
  "day": "2023-08-22",
  "data": {
    "0": 0.17339,
    "1": 0.16806,
    "2": 0.14478,
    "3": 0.1434,
    "4": 0.14203,
    "5": 0.14571,
    "6": 0.16962,
    "7": 0.17734,
    "8": 0.19924,
    "9": 0.17669,
    "10": 0.20491,
    "11": 0.20032,
    "12": 0.20033,
    "13": 0.20024,
    "14": 0.1548,
    "15": 0.15485,
    "16": 0.15874,
    "17": 0.16853,
    "18": 0.2244,
    "19": 0.24843,
    "20": 0.25997,
    "21": 0.27101,
    "22": 0.21116,
    "23": 0.19889
  }
}