{
  "day": "2023-08-24",
  "data": {
    "0": 0.18414,
    "1": 0.17728,
    "2": 0.16011,
    "3": 0.16062,
    "4": 0.15515,
    "5": 0.16203,
    "6": 0.17759,
    "7": 0.19247,
    "8": 0.2185,
    "9": 0.19101,
    "10": 0.22541,
    "11": 0.21363,
    "12": 0.21689,
    "13": 0.21371,
    "14": 0.16981,
    "15": 0.17663,
    "16": 0.17753,
    "17": 0.1707,
    "18": 0.23196,
    "19": 0.25856,
    "20": 0.27897,
    "21": 0.28671,
    "22": 0.22866,
    "23": 0.20553
  }
}