{
  "day": "2023-08-26",
  "data": {
    "0": 0.1438,
    "1": 0.1376,
    "2": 0.1386,
    "3": 0.13907,
    "4": 0.13865,
    "5": 0.13853,
    "6": 0.145,
    "7": 0.13988,
    "8": 0.13941,
    "9": 0.14131,
    "10": 0.13262,
    "11": 0.12476,
    "12": 0.12358,
    "13": 0.12252,
    "14": 0.11301,
    "15": 0.11299,
    "16": 0.12003,
    "17": 0.12371,
    "18": 0.12591,
    "19": 0.13448,
    "20": 0.15869,
    "21": 0.16733,
    "22": 0.16121,
    "23": 0.14582
  }
}