{
  "day": "2023-08-29",
  "data": {
    "0": 0.14884,
    "1": 0.14081,
    "2": 0.13489,
    "3": 0.1351,
    "4": 0.12951,
    "5": 0.12939,
    "6": 0.14725,
    "7": 0.15891,
    "8": 0.20297,
    "9": 0.17485,
    "10": 0.19589,
    "11": 0.19302,
    "12": 0.19136,
    "13": 0.19061,
    "14": 0.14054,
    "15": 0.13896,
    "16": 0.1379,
    "17": 0.13901,
    "18": 0.19303,
    "19": 0.2214,
    "20": 0.24467,
    "21": 0.25009,
    "22": 0.18821,
    "23": 0.18069
  }
}