{
  "day": "2021-09-01",
  "data": {
    "0": 0.1638,
    "1": 0.15844,
    "2": 0.15173,
    "3": 0.14712,
    "4": 0.14722,
    "5": 0.15486,
    "6": 0.16529,
    "7": 0.16936,
    "8": 0.20562,
    "9": 0.2032,
    "10": 0.20082,
    "11": 0.29339,
    "12": 0.29324,
    "13": 0.29302,
    "14": 0.29351,
    "15": 0.19959,
    "16": 0.20034,
    "17": 0.20057,
    "18": 0.20274,
    "19": 0.30068,
    "20": 0.30277,
    "21": 0.30346,
    "22": 0.30329,
    "23": 0.20958
  }
}