{
  "day": "2021-09-02",
  "data": {
    "0": 0.17478,
    "1": 0.17478,
    "2": 0.17383,
    "3": 0.17322,
    "4": 0.17309,
    "5": 0.17296,
    "6": 0.17436,
    "7": 0.17394,
    "8": 0.20986,
    "9": 0.20725,
    "10": 0.20579,
    "11": 0.29787,
    "12": 0.29834,
    "13": 0.29875,
    "14": 0.29869,
    "15": 0.20453,
    "16": 0.20359,
    "17": 0.20442,
    "18": 0.20654,
    "19": 0.30657,
    "20": 0.30805,
    "21": 0.31229,
    "22": 0.31032,
    "23": 0.21419
  }
}