{
  "day": "2021-09-05",
  "data": {
    "0": 0.18822,
    "1": 0.18633,
    "2": 0.17953,
    "3": 0.17453,
    "4": 0.17131,
    "5": 0.1747,
    "6": 0.17535,
    "7": 0.17362,
    "8": 0.16632,
    "9": 0.14933,
    "10": 0.13758,
    "11": 0.13594,
    "12": 0.1335,
    "13": 0.13524,
    "14": 0.13599,
    "15": 0.13477,
    "16": 0.13586,
    "17": 0.13895,
    "18": 0.1634,
    "19": 0.18617,
    "20": 0.19791,
    "21": 0.1925,
    "22": 0.19151,
    "23": 0.18816
  }
}