{
  "day": "2021-09-06",
  "data": {
    "0": 0.1785,
    "1": 0.165,
    "2": 0.15171,
    "3": 0.14414,
    "4": 0.14405,
    "5": 0.14569,
    "6": 0.17359,
    "7": 0.17986,
    "8": 0.2163,
    "9": 0.20626,
    "10": 0.20096,
    "11": 0.2944,
    "12": 0.28934,
    "13": 0.28443,
    "14": 0.28277,
    "15": 0.18951,
    "16": 0.19411,
    "17": 0.20419,
    "18": 0.21669,
    "19": 0.31703,
    "20": 0.31712,
    "21": 0.31457,
    "22": 0.30453,
    "23": 0.18982
  }
}