{
  "day": "2021-09-08",
  "data": {
    "0": 0.17422,
    "1": 0.16946,
    "2": 0.16422,
    "3": 0.15755,
    "4": 0.15828,
    "5": 0.16417,
    "6": 0.17377,
    "7": 0.17717,
    "8": 0.21501,
    "9": 0.21134,
    "10": 0.2042,
    "11": 0.29473,
    "12": 0.29204,
    "13": 0.28676,
    "14": 0.27302,
    "15": 0.17165,
    "16": 0.18079,
    "17": 0.20177,
    "18": 0.20883,
    "19": 0.31402,
    "20": 0.31699,
    "21": 0.31656,
    "22": 0.31472,
    "23": 0.20865
  }
}