{
  "day": "2021-09-11",
  "data": {
    "0": 0.19339,
    "1": 0.19538,
    "2": 0.19516,
    "3": 0.19576,
    "4": 0.19697,
    "5": 0.19655,
    "6": 0.1941,
    "7": 0.19442,
    "8": 0.19296,
    "9": 0.19029,
    "10": 0.18841,
    "11": 0.18267,
    "12": 0.18038,
    "13": 0.17434,
    "14": 0.17141,
    "15": 0.15096,
    "16": 0.14943,
    "17": 0.16511,
    "18": 0.18275,
    "19": 0.19326,
    "20": 0.20011,
    "21": 0.204,
    "22": 0.20106,
    "23": 0.19879
  }
}