{
  "day": "2021-09-12",
  "data": {
    "0": 0.2034,
    "1": 0.20101,
    "2": 0.20172,
    "3": 0.20134,
    "4": 0.20089,
    "5": 0.19823,
    "6": 0.19815,
    "7": 0.19718,
    "8": 0.19102,
    "9": 0.18747,
    "10": 0.15855,
    "11": 0.14778,
    "12": 0.1471,
    "13": 0.14658,
    "14": 0.14656,
    "15": 0.14022,
    "16": 0.14054,
    "17": 0.14977,
    "18": 0.17809,
    "19": 0.19739,
    "20": 0.20517,
    "21": 0.20642,
    "22": 0.20436,
    "23": 0.20324
  }
}