{
  "day": "2021-09-13",
  "data": {
    "0": 0.20033,
    "1": 0.19844,
    "2": 0.19119,
    "3": 0.18055,
    "4": 0.16524,
    "5": 0.16462,
    "6": 0.19334,
    "7": 0.19655,
    "8": 0.23131,
    "9": 0.22635,
    "10": 0.22279,
    "11": 0.31855,
    "12": 0.3187,
    "13": 0.31751,
    "14": 0.3165,
    "15": 0.21942,
    "16": 0.22108,
    "17": 0.22807,
    "18": 0.23689,
    "19": 0.33496,
    "20": 0.33703,
    "21": 0.33141,
    "22": 0.32545,
    "23": 0.22855
  }
}