{
  "day": "2021-09-21",
  "data": {
    "0": 0.16364,
    "1": 0.16165,
    "2": 0.15442,
    "3": 0.15414,
    "4": 0.15362,
    "5": 0.16287,
    "6": 0.18831,
    "7": 0.22118,
    "8": 0.2464,
    "9": 0.22838,
    "10": 0.21014,
    "11": 0.21475,
    "12": 0.20769,
    "13": 0.19385,
    "14": 0.19148,
    "15": 0.1784,
    "16": 0.18255,
    "17": 0.20195,
    "18": 0.22136,
    "19": 0.25676,
    "20": 0.25938,
    "21": 0.25534,
    "22": 0.23391,
    "23": 0.1875
  }
}