{
  "day": "2021-09-22",
  "data": {
    "0": 0.19528,
    "1": 0.18546,
    "2": 0.18234,
    "3": 0.18617,
    "4": 0.19706,
    "5": 0.21038,
    "6": 0.2197,
    "7": 0.23218,
    "8": 0.25342,
    "9": 0.23768,
    "10": 0.23121,
    "11": 0.22889,
    "12": 0.24305,
    "13": 0.24324,
    "14": 0.2405,
    "15": 0.2087,
    "16": 0.21116,
    "17": 0.23169,
    "18": 0.23766,
    "19": 0.26458,
    "20": 0.26635,
    "21": 0.26599,
    "22": 0.25559,
    "23": 0.23951
  }
}