{
  "day": "2021-09-24",
  "data": {
    "0": 0.20167,
    "1": 0.19331,
    "2": 0.18356,
    "3": 0.1824,
    "4": 0.18849,
    "5": 0.18937,
    "6": 0.20315,
    "7": 0.21298,
    "8": 0.23725,
    "9": 0.23474,
    "10": 0.23029,
    "11": 0.24304,
    "12": 0.24273,
    "13": 0.24286,
    "14": 0.24331,
    "15": 0.22824,
    "16": 0.23031,
    "17": 0.23111,
    "18": 0.22824,
    "19": 0.24994,
    "20": 0.26052,
    "21": 0.25898,
    "22": 0.2507,
    "23": 0.23186
  }
}