{
  "day": "2021-09-25",
  "data": {
    "0": 0.22339,
    "1": 0.22428,
    "2": 0.21953,
    "3": 0.21399,
    "4": 0.20703,
    "5": 0.20703,
    "6": 0.20637,
    "7": 0.21711,
    "8": 0.21419,
    "9": 0.21391,
    "10": 0.20726,
    "11": 0.1949,
    "12": 0.18372,
    "13": 0.15814,
    "14": 0.15334,
    "15": 0.14129,
    "16": 0.1544,
    "17": 0.18345,
    "18": 0.2083,
    "19": 0.22496,
    "20": 0.22737,
    "21": 0.22758,
    "22": 0.22328,
    "23": 0.20849
  }
}