{
  "day": "2021-09-26",
  "data": {
    "0": 0.22191,
    "1": 0.20953,
    "2": 0.20525,
    "3": 0.1962,
    "4": 0.1967,
    "5": 0.19662,
    "6": 0.2079,
    "7": 0.21735,
    "8": 0.21432,
    "9": 0.20238,
    "10": 0.1855,
    "11": 0.15977,
    "12": 0.15948,
    "13": 0.16884,
    "14": 0.16507,
    "15": 0.15579,
    "16": 0.14424,
    "17": 0.17097,
    "18": 0.20898,
    "19": 0.22731,
    "20": 0.23529,
    "21": 0.23893,
    "22": 0.22986,
    "23": 0.22675
  }
}