{
  "day": "2021-09-27",
  "data": {
    "0": 0.20934,
    "1": 0.19131,
    "2": 0.17756,
    "3": 0.17564,
    "4": 0.17649,
    "5": 0.17829,
    "6": 0.21413,
    "7": 0.22155,
    "8": 0.24826,
    "9": 0.24191,
    "10": 0.23691,
    "11": 0.24755,
    "12": 0.24425,
    "13": 0.2437,
    "14": 0.24243,
    "15": 0.22799,
    "16": 0.22392,
    "17": 0.23202,
    "18": 0.23406,
    "19": 0.2559,
    "20": 0.2659,
    "21": 0.26555,
    "22": 0.26152,
    "23": 0.24216
  }
}