{
  "day": "2021-09-28",
  "data": {
    "0": 0.22727,
    "1": 0.22786,
    "2": 0.22559,
    "3": 0.21984,
    "4": 0.21955,
    "5": 0.22498,
    "6": 0.22665,
    "7": 0.22699,
    "8": 0.25155,
    "9": 0.24374,
    "10": 0.2401,
    "11": 0.2495,
    "12": 0.24491,
    "13": 0.24438,
    "14": 0.23531,
    "15": 0.2038,
    "16": 0.21528,
    "17": 0.23274,
    "18": 0.24259,
    "19": 0.25911,
    "20": 0.26562,
    "21": 0.25966,
    "22": 0.25702,
    "23": 0.21104
  }
}