{
  "day": "2021-09-29",
  "data": {
    "0": 0.22122,
    "1": 0.21236,
    "2": 0.21258,
    "3": 0.20578,
    "4": 0.21387,
    "5": 0.22006,
    "6": 0.2366,
    "7": 0.23925,
    "8": 0.26408,
    "9": 0.25573,
    "10": 0.24867,
    "11": 0.25396,
    "12": 0.2565,
    "13": 0.2576,
    "14": 0.25621,
    "15": 0.24026,
    "16": 0.24013,
    "17": 0.24442,
    "18": 0.24991,
    "19": 0.27202,
    "20": 0.28287,
    "21": 0.2781,
    "22": 0.27541,
    "23": 0.2598
  }
}