{
  "day": "2026-03-02",
  "data": {
    "0": 0.09529,
    "1": 0.09162,
    "2": 0.0891,
    "3": 0.08907,
    "4": 0.08871,
    "5": 0.09118,
    "6": 0.09445,
    "7": 0.10507,
    "8": 0.13266,
    "9": 0.10923,
    "10": 0.09896,
    "11": 0.16699,
    "12": 0.16596,
    "13": 0.1658,
    "14": 0.16861,
    "15": 0.10079,
    "16": 0.10348,
    "17": 0.11352,
    "18": 0.14702,
    "19": 0.25665,
    "20": 0.2692,
    "21": 0.23095,
    "22": 0.22175,
    "23": 0.13571
  }
}