{
  "day": "2026-03-03",
  "data": {
    "0": 0.09953,
    "1": 0.09578,
    "2": 0.09192,
    "3": 0.09129,
    "4": 0.09121,
    "5": 0.0919,
    "6": 0.10089,
    "7": 0.1219,
    "8": 0.14704,
    "9": 0.11782,
    "10": 0.09944,
    "11": 0.16508,
    "12": 0.16341,
    "13": 0.16255,
    "14": 0.16334,
    "15": 0.09147,
    "16": 0.09509,
    "17": 0.11388,
    "18": 0.15441,
    "19": 0.27373,
    "20": 0.27888,
    "21": 0.24819,
    "22": 0.23548,
    "23": 0.1495
  }
}