{
  "day": "2026-03-04",
  "data": {
    "0": 0.1186,
    "1": 0.10667,
    "2": 0.10042,
    "3": 0.09695,
    "4": 0.095,
    "5": 0.09932,
    "6": 0.09754,
    "7": 0.14495,
    "8": 0.16314,
    "9": 0.12722,
    "10": 0.10263,
    "11": 0.16004,
    "12": 0.14917,
    "13": 0.1472,
    "14": 0.15196,
    "15": 0.09123,
    "16": 0.09797,
    "17": 0.13463,
    "18": 0.20381,
    "19": 0.35614,
    "20": 0.33025,
    "21": 0.2606,
    "22": 0.24944,
    "23": 0.16877
  }
}