{
  "day": "2026-03-06",
  "data": {
    "0": 0.10846,
    "1": 0.10308,
    "2": 0.09886,
    "3": 0.09112,
    "4": 0.08003,
    "5": 0.08162,
    "6": 0.09447,
    "7": 0.11537,
    "8": 0.16385,
    "9": 0.15133,
    "10": 0.14083,
    "11": 0.20478,
    "12": 0.19679,
    "13": 0.19232,
    "14": 0.19094,
    "15": 0.12241,
    "16": 0.12649,
    "17": 0.13446,
    "18": 0.15268,
    "19": 0.26192,
    "20": 0.26858,
    "21": 0.26179,
    "22": 0.25142,
    "23": 0.17213
  }
}