{
  "day": "2026-03-07",
  "data": {
    "0": 0.12574,
    "1": 0.11559,
    "2": 0.10778,
    "3": 0.10019,
    "4": 0.09736,
    "5": 0.10085,
    "6": 0.10732,
    "7": 0.11444,
    "8": 0.12053,
    "9": 0.09931,
    "10": 0.08751,
    "11": 0.06837,
    "12": 0.05567,
    "13": 0.0421,
    "14": 0.05992,
    "15": 0.0766,
    "16": 0.08557,
    "17": 0.11525,
    "18": 0.1774,
    "19": 0.23243,
    "20": 0.22402,
    "21": 0.17999,
    "22": 0.17185,
    "23": 0.16883
  }
}