{
  "day": "2026-03-09",
  "data": {
    "0": 0.14584,
    "1": 0.14291,
    "2": 0.13088,
    "3": 0.11548,
    "4": 0.11703,
    "5": 0.13671,
    "6": 0.17076,
    "7": 0.21374,
    "8": 0.24058,
    "9": 0.17931,
    "10": 0.15648,
    "11": 0.20157,
    "12": 0.19197,
    "13": 0.18742,
    "14": 0.19103,
    "15": 0.14227,
    "16": 0.15808,
    "17": 0.18665,
    "18": 0.22284,
    "19": 0.35963,
    "20": 0.3526,
    "21": 0.31269,
    "22": 0.28545,
    "23": 0.19879
  }
}