{
  "day": "2026-03-11",
  "data": {
    "0": 0.17059,
    "1": 0.15461,
    "2": 0.14698,
    "3": 0.13837,
    "4": 0.14236,
    "5": 0.15468,
    "6": 0.17728,
    "7": 0.20085,
    "8": 0.20277,
    "9": 0.11622,
    "10": 0.0718,
    "11": 0.12671,
    "12": 0.12105,
    "13": 0.12996,
    "14": 0.14173,
    "15": 0.08004,
    "16": 0.09656,
    "17": 0.14641,
    "18": 0.20716,
    "19": 0.32066,
    "20": 0.39858,
    "21": 0.32778,
    "22": 0.29271,
    "23": 0.20292
  }
}