{
  "day": "2026-03-13",
  "data": {
    "0": 0.13117,
    "1": 0.12085,
    "2": 0.10886,
    "3": 0.10968,
    "4": 0.1067,
    "5": 0.10602,
    "6": 0.12941,
    "7": 0.15617,
    "8": 0.13985,
    "9": 0.08773,
    "10": 0.07523,
    "11": 0.14457,
    "12": 0.14552,
    "13": 0.1452,
    "14": 0.1458,
    "15": 0.07687,
    "16": 0.0783,
    "17": 0.08198,
    "18": 0.14809,
    "19": 0.27119,
    "20": 0.27161,
    "21": 0.26269,
    "22": 0.23917,
    "23": 0.13084
  }
}