{
  "day": "2026-03-14",
  "data": {
    "0": 0.10426,
    "1": 0.09181,
    "2": 0.08406,
    "3": 0.08342,
    "4": 0.08236,
    "5": 0.08437,
    "6": 0.08064,
    "7": 0.08228,
    "8": 0.08064,
    "9": 0.07507,
    "10": 0.07042,
    "11": 0.06984,
    "12": 0.07136,
    "13": 0.07084,
    "14": 0.07144,
    "15": 0.07171,
    "16": 0.07346,
    "17": 0.07697,
    "18": 0.09568,
    "19": 0.12478,
    "20": 0.13738,
    "21": 0.13394,
    "22": 0.11346,
    "23": 0.11081
  }
}