{
  "day": "2026-03-17",
  "data": {
    "0": 0.17116,
    "1": 0.14672,
    "2": 0.12046,
    "3": 0.10812,
    "4": 0.1038,
    "5": 0.11561,
    "6": 0.13002,
    "7": 0.17682,
    "8": 0.1257,
    "9": 0.07217,
    "10": 0.0696,
    "11": 0.13923,
    "12": 0.13945,
    "13": 0.13929,
    "14": 0.13961,
    "15": 0.07041,
    "16": 0.07105,
    "17": 0.07805,
    "18": 0.15194,
    "19": 0.30502,
    "20": 0.29986,
    "21": 0.26562,
    "22": 0.23555,
    "23": 0.1388
  }
}