{
  "day": "2026-03-19",
  "data": {
    "0": 0.09728,
    "1": 0.09778,
    "2": 0.09581,
    "3": 0.09081,
    "4": 0.09078,
    "5": 0.09738,
    "6": 0.09512,
    "7": 0.10512,
    "8": 0.12088,
    "9": 0.09953,
    "10": 0.09151,
    "11": 0.16333,
    "12": 0.16429,
    "13": 0.16429,
    "14": 0.16523,
    "15": 0.09412,
    "16": 0.09531,
    "17": 0.11027,
    "18": 0.13617,
    "19": 0.2638,
    "20": 0.26359,
    "21": 0.24724,
    "22": 0.24749,
    "23": 0.15961
  }
}