{
  "day": "2026-03-22",
  "data": {
    "0": 0.15585,
    "1": 0.14217,
    "2": 0.13429,
    "3": 0.13139,
    "4": 0.13208,
    "5": 0.13104,
    "6": 0.13348,
    "7": 0.1353,
    "8": 0.1206,
    "9": 0.084,
    "10": 0.06799,
    "11": 0.06427,
    "12": 0.06603,
    "13": 0.06427,
    "14": 0.0692,
    "15": 0.07389,
    "16": 0.07554,
    "17": 0.07687,
    "18": 0.09359,
    "19": 0.1367,
    "20": 0.16012,
    "21": 0.14312,
    "22": 0.10999,
    "23": 0.09239
  }
}