{
  "day": "2026-03-23",
  "data": {
    "0": 0.09012,
    "1": 0.08573,
    "2": 0.08585,
    "3": 0.08769,
    "4": 0.08847,
    "5": 0.08976,
    "6": 0.11568,
    "7": 0.14675,
    "8": 0.14032,
    "9": 0.09084,
    "10": 0.08907,
    "11": 0.15923,
    "12": 0.15937,
    "13": 0.15937,
    "14": 0.16009,
    "15": 0.09243,
    "16": 0.09325,
    "17": 0.10394,
    "18": 0.14311,
    "19": 0.29473,
    "20": 0.33263,
    "21": 0.30732,
    "22": 0.28271,
    "23": 0.17736
  }
}