{
  "day": "2026-03-24",
  "data": {
    "0": 0.12119,
    "1": 0.11289,
    "2": 0.11055,
    "3": 0.11322,
    "4": 0.11257,
    "5": 0.12617,
    "6": 0.16855,
    "7": 0.18486,
    "8": 0.12957,
    "9": 0.07918,
    "10": 0.06913,
    "11": 0.13866,
    "12": 0.14012,
    "13": 0.13899,
    "14": 0.13956,
    "15": 0.07025,
    "16": 0.07101,
    "17": 0.10381,
    "18": 0.16961,
    "19": 0.30962,
    "20": 0.33151,
    "21": 0.3156,
    "22": 0.27548,
    "23": 0.16093
  }
}