{
  "day": "2026-03-25",
  "data": {
    "0": 0.12153,
    "1": 0.11588,
    "2": 0.11755,
    "3": 0.11314,
    "4": 0.11568,
    "5": 0.11137,
    "6": 0.12081,
    "7": 0.11619,
    "8": 0.11385,
    "9": 0.09898,
    "10": 0.10146,
    "11": 0.17112,
    "12": 0.17153,
    "13": 0.17117,
    "14": 0.17213,
    "15": 0.10331,
    "16": 0.10396,
    "17": 0.10654,
    "18": 0.11707,
    "19": 0.21139,
    "20": 0.21426,
    "21": 0.20844,
    "22": 0.1999,
    "23": 0.12111
  }
}