{
  "day": "2026-03-26",
  "data": {
    "0": 0.08617,
    "1": 0.08667,
    "2": 0.08884,
    "3": 0.08895,
    "4": 0.08862,
    "5": 0.08781,
    "6": 0.08329,
    "7": 0.07981,
    "8": 0.1088,
    "9": 0.10616,
    "10": 0.10739,
    "11": 0.17679,
    "12": 0.17671,
    "13": 0.17704,
    "14": 0.17778,
    "15": 0.10979,
    "16": 0.11148,
    "17": 0.114,
    "18": 0.11228,
    "19": 0.19836,
    "20": 0.21425,
    "21": 0.20507,
    "22": 0.19029,
    "23": 0.11492
  }
}