{
  "day": "2026-03-30",
  "data": {
    "0": 0.09048,
    "1": 0.09142,
    "2": 0.09337,
    "3": 0.09242,
    "4": 0.09193,
    "5": 0.09108,
    "6": 0.09133,
    "7": 0.10992,
    "8": 0.12799,
    "9": 0.1094,
    "10": 0.10813,
    "11": 0.17929,
    "12": 0.18082,
    "13": 0.18083,
    "14": 0.1815,
    "15": 0.113,
    "16": 0.11451,
    "17": 0.11428,
    "18": 0.11019,
    "19": 0.17985,
    "20": 0.21936,
    "21": 0.2404,
    "22": 0.2068,
    "23": 0.11836
  }
}