{
  "day": "2022-11-03",
  "data": {
    "0": 0.16115,
    "1": 0.14585,
    "2": 0.14026,
    "3": 0.13548,
    "4": 0.13098,
    "5": 0.13311,
    "6": 0.13668,
    "7": 0.1483,
    "8": 0.19797,
    "9": 0.18417,
    "10": 0.21602,
    "11": 0.22132,
    "12": 0.23576,
    "13": 0.23944,
    "14": 0.19733,
    "15": 0.19815,
    "16": 0.20692,
    "17": 0.21203,
    "18": 0.29282,
    "19": 0.27084,
    "20": 0.25057,
    "21": 0.2451,
    "22": 0.19544,
    "23": 0.18077
  }
}