{
  "day": "2022-11-06",
  "data": {
    "0": 0.18865,
    "1": 0.18096,
    "2": 0.16114,
    "3": 0.14482,
    "4": 0.14052,
    "5": 0.14485,
    "6": 0.145,
    "7": 0.15119,
    "8": 0.15437,
    "9": 0.14255,
    "10": 0.13669,
    "11": 0.14047,
    "12": 0.13636,
    "13": 0.13981,
    "14": 0.14161,
    "15": 0.14397,
    "16": 0.15468,
    "17": 0.18524,
    "18": 0.20324,
    "19": 0.18982,
    "20": 0.18896,
    "21": 0.19345,
    "22": 0.18525,
    "23": 0.17893
  }
}