{
  "day": "2022-11-09",
  "data": {
    "0": 0.14857,
    "1": 0.14242,
    "2": 0.14176,
    "3": 0.13792,
    "4": 0.13813,
    "5": 0.14467,
    "6": 0.17219,
    "7": 0.19738,
    "8": 0.2355,
    "9": 0.22416,
    "10": 0.25534,
    "11": 0.24337,
    "12": 0.24321,
    "13": 0.24101,
    "14": 0.19578,
    "15": 0.19953,
    "16": 0.22653,
    "17": 0.24392,
    "18": 0.29767,
    "19": 0.31966,
    "20": 0.28385,
    "21": 0.27114,
    "22": 0.20618,
    "23": 0.20042
  }
}