{
  "day": "2022-11-10",
  "data": {
    "0": 0.18085,
    "1": 0.17823,
    "2": 0.17401,
    "3": 0.16897,
    "4": 0.16768,
    "5": 0.1825,
    "6": 0.19367,
    "7": 0.20957,
    "8": 0.24448,
    "9": 0.22477,
    "10": 0.25855,
    "11": 0.23895,
    "12": 0.23951,
    "13": 0.23826,
    "14": 0.18648,
    "15": 0.18871,
    "16": 0.21658,
    "17": 0.24549,
    "18": 0.31772,
    "19": 0.34239,
    "20": 0.33182,
    "21": 0.30639,
    "22": 0.22943,
    "23": 0.22131
  }
}