{
  "day": "2022-11-11",
  "data": {
    "0": 0.19671,
    "1": 0.1954,
    "2": 0.18334,
    "3": 0.16284,
    "4": 0.15682,
    "5": 0.16493,
    "6": 0.17008,
    "7": 0.19354,
    "8": 0.22002,
    "9": 0.20099,
    "10": 0.23252,
    "11": 0.22233,
    "12": 0.22151,
    "13": 0.2179,
    "14": 0.1669,
    "15": 0.16748,
    "16": 0.18168,
    "17": 0.21105,
    "18": 0.25691,
    "19": 0.26337,
    "20": 0.26887,
    "21": 0.25837,
    "22": 0.19939,
    "23": 0.16878
  }
}