{
  "day": "2022-11-13",
  "data": {
    "0": 0.19586,
    "1": 0.18832,
    "2": 0.18317,
    "3": 0.18161,
    "4": 0.19168,
    "5": 0.19265,
    "6": 0.1908,
    "7": 0.19893,
    "8": 0.18945,
    "9": 0.17361,
    "10": 0.15663,
    "11": 0.14697,
    "12": 0.14539,
    "13": 0.1469,
    "14": 0.14457,
    "15": 0.14377,
    "16": 0.15738,
    "17": 0.18166,
    "18": 0.21313,
    "19": 0.22575,
    "20": 0.21125,
    "21": 0.20274,
    "22": 0.20975,
    "23": 0.18776
  }
}