{
  "day": "2022-11-16",
  "data": {
    "0": 0.13166,
    "1": 0.12961,
    "2": 0.12723,
    "3": 0.12841,
    "4": 0.13103,
    "5": 0.12893,
    "6": 0.12949,
    "7": 0.15424,
    "8": 0.18747,
    "9": 0.18836,
    "10": 0.21887,
    "11": 0.22074,
    "12": 0.20876,
    "13": 0.20385,
    "14": 0.15767,
    "15": 0.1632,
    "16": 0.17456,
    "17": 0.17036,
    "18": 0.22871,
    "19": 0.2313,
    "20": 0.23391,
    "21": 0.23489,
    "22": 0.17796,
    "23": 0.15087
  }
}