{
  "day": "2022-11-21",
  "data": {
    "0": 0.13759,
    "1": 0.1001,
    "2": 0.08774,
    "3": 0.07957,
    "4": 0.08098,
    "5": 0.08022,
    "6": 0.08378,
    "7": 0.1266,
    "8": 0.15069,
    "9": 0.1522,
    "10": 0.1966,
    "11": 0.19695,
    "12": 0.19887,
    "13": 0.19709,
    "14": 0.12844,
    "15": 0.11514,
    "16": 0.11818,
    "17": 0.13042,
    "18": 0.19876,
    "19": 0.19489,
    "20": 0.19497,
    "21": 0.20037,
    "22": 0.1193,
    "23": 0.1042
  }
}