{
  "day": "2022-11-22",
  "data": {
    "0": 0.07441,
    "1": 0.07315,
    "2": 0.07522,
    "3": 0.07675,
    "4": 0.07963,
    "5": 0.07865,
    "6": 0.07948,
    "7": 0.11836,
    "8": 0.15537,
    "9": 0.15419,
    "10": 0.18345,
    "11": 0.16155,
    "12": 0.15641,
    "13": 0.15319,
    "14": 0.10846,
    "15": 0.11605,
    "16": 0.13249,
    "17": 0.15364,
    "18": 0.20233,
    "19": 0.20809,
    "20": 0.20929,
    "21": 0.20088,
    "22": 0.13079,
    "23": 0.09954
  }
}