{
  "day": "2022-11-23",
  "data": {
    "0": 0.09352,
    "1": 0.0226,
    "2": 0.01705,
    "3": 0.01219,
    "4": 0.01168,
    "5": 0.0128,
    "6": 0.06243,
    "7": 0.11239,
    "8": 0.15097,
    "9": 0.15493,
    "10": 0.2015,
    "11": 0.20251,
    "12": 0.20424,
    "13": 0.20694,
    "14": 0.16304,
    "15": 0.17495,
    "16": 0.19694,
    "17": 0.20286,
    "18": 0.25533,
    "19": 0.26688,
    "20": 0.28381,
    "21": 0.27259,
    "22": 0.21864,
    "23": 0.19991
  }
}