{
  "day": "2022-11-25",
  "data": {
    "0": 0.23527,
    "1": 0.21687,
    "2": 0.19791,
    "3": 0.18532,
    "4": 0.18098,
    "5": 0.18458,
    "6": 0.19206,
    "7": 0.21391,
    "8": 0.24976,
    "9": 0.2437,
    "10": 0.29369,
    "11": 0.28157,
    "12": 0.25145,
    "13": 0.24022,
    "14": 0.17734,
    "15": 0.18043,
    "16": 0.22669,
    "17": 0.25747,
    "18": 0.30604,
    "19": 0.32073,
    "20": 0.33054,
    "21": 0.31719,
    "22": 0.25667,
    "23": 0.26208
  }
}