{
  "day": "2022-11-26",
  "data": {
    "0": 0.21345,
    "1": 0.17747,
    "2": 0.18936,
    "3": 0.18582,
    "4": 0.18531,
    "5": 0.18464,
    "6": 0.20484,
    "7": 0.20301,
    "8": 0.20921,
    "9": 0.20219,
    "10": 0.17825,
    "11": 0.15653,
    "12": 0.1575,
    "13": 0.16022,
    "14": 0.15981,
    "15": 0.16258,
    "16": 0.20993,
    "17": 0.23079,
    "18": 0.24918,
    "19": 0.25275,
    "20": 0.26075,
    "21": 0.25752,
    "22": 0.24233,
    "23": 0.24268
  }
}