{
  "day": "2022-11-27",
  "data": {
    "0": 0.23458,
    "1": 0.23224,
    "2": 0.22367,
    "3": 0.19753,
    "4": 0.1992,
    "5": 0.19754,
    "6": 0.1951,
    "7": 0.2046,
    "8": 0.19553,
    "9": 0.1728,
    "10": 0.15438,
    "11": 0.14711,
    "12": 0.14677,
    "13": 0.15462,
    "14": 0.15541,
    "15": 0.15996,
    "16": 0.18338,
    "17": 0.22264,
    "18": 0.22577,
    "19": 0.22606,
    "20": 0.22411,
    "21": 0.21441,
    "22": 0.20227,
    "23": 0.16981
  }
}