{
  "day": "2022-11-28",
  "data": {
    "0": 0.16697,
    "1": 0.16127,
    "2": 0.1516,
    "3": 0.15096,
    "4": 0.14141,
    "5": 0.13007,
    "6": 0.14037,
    "7": 0.14967,
    "8": 0.19596,
    "9": 0.16597,
    "10": 0.20035,
    "11": 0.1942,
    "12": 0.18288,
    "13": 0.16563,
    "14": 0.11819,
    "15": 0.1372,
    "16": 0.15879,
    "17": 0.18418,
    "18": 0.27008,
    "19": 0.28155,
    "20": 0.30444,
    "21": 0.29598,
    "22": 0.23454,
    "23": 0.21929
  }
}