{
  "day": "2022-11-29",
  "data": {
    "0": 0.18871,
    "1": 0.17382,
    "2": 0.17173,
    "3": 0.17431,
    "4": 0.1728,
    "5": 0.17116,
    "6": 0.18619,
    "7": 0.21398,
    "8": 0.23194,
    "9": 0.19611,
    "10": 0.22295,
    "11": 0.22076,
    "12": 0.22341,
    "13": 0.2228,
    "14": 0.17501,
    "15": 0.17815,
    "16": 0.22375,
    "17": 0.24553,
    "18": 0.32077,
    "19": 0.34475,
    "20": 0.35219,
    "21": 0.32914,
    "22": 0.26138,
    "23": 0.26124
  }
}