{
  "day": "2022-11-30",
  "data": {
    "0": 0.24023,
    "1": 0.24687,
    "2": 0.2595,
    "3": 0.26429,
    "4": 0.26472,
    "5": 0.26221,
    "6": 0.25145,
    "7": 0.25691,
    "8": 0.2899,
    "9": 0.27477,
    "10": 0.3173,
    "11": 0.3159,
    "12": 0.31669,
    "13": 0.31689,
    "14": 0.26595,
    "15": 0.27361,
    "16": 0.27964,
    "17": 0.31331,
    "18": 0.37129,
    "19": 0.37803,
    "20": 0.37751,
    "21": 0.37753,
    "22": 0.30647,
    "23": 0.27603
  }
}