{
  "day": "2023-09-08",
  "data": {
    "0": 0.15095,
    "1": 0.13886,
    "2": 0.12929,
    "3": 0.12875,
    "4": 0.1251,
    "5": 0.1204,
    "6": 0.13412,
    "7": 0.15464,
    "8": 0.18207,
    "9": 0.16171,
    "10": 0.19061,
    "11": 0.18307,
    "12": 0.18132,
    "13": 0.18003,
    "14": 0.13342,
    "15": 0.13411,
    "16": 0.14575,
    "17": 0.16661,
    "18": 0.21617,
    "19": 0.2307,
    "20": 0.26096,
    "21": 0.2419,
    "22": 0.17706,
    "23": 0.17408
  }
}