{
  "day": "2023-09-10",
  "data": {
    "0": 0.16414,
    "1": 0.15281,
    "2": 0.15291,
    "3": 0.15068,
    "4": 0.14741,
    "5": 0.1376,
    "6": 0.14892,
    "7": 0.14832,
    "8": 0.14898,
    "9": 0.13687,
    "10": 0.11722,
    "11": 0.11055,
    "12": 0.10552,
    "13": 0.10496,
    "14": 0.1036,
    "15": 0.08176,
    "16": 0.11183,
    "17": 0.11774,
    "18": 0.13662,
    "19": 0.15717,
    "20": 0.16805,
    "21": 0.17081,
    "22": 0.16424,
    "23": 0.15273
  }
}