{
  "day": "2023-09-15",
  "data": {
    "0": 0.15421,
    "1": 0.1436,
    "2": 0.13637,
    "3": 0.1369,
    "4": 0.13709,
    "5": 0.13746,
    "6": 0.15815,
    "7": 0.16158,
    "8": 0.1855,
    "9": 0.18322,
    "10": 0.2304,
    "11": 0.22793,
    "12": 0.22642,
    "13": 0.21229,
    "14": 0.15546,
    "15": 0.15075,
    "16": 0.15253,
    "17": 0.16648,
    "18": 0.22446,
    "19": 0.23092,
    "20": 0.2403,
    "21": 0.23992,
    "22": 0.18877,
    "23": 0.18831
  }
}