{
  "day": "2023-09-18",
  "data": {
    "0": 0.12295,
    "1": 0.12245,
    "2": 0.12289,
    "3": 0.12138,
    "4": 0.12317,
    "5": 0.12358,
    "6": 0.14494,
    "7": 0.16176,
    "8": 0.19148,
    "9": 0.18575,
    "10": 0.21404,
    "11": 0.19323,
    "12": 0.19177,
    "13": 0.18963,
    "14": 0.14223,
    "15": 0.1425,
    "16": 0.14543,
    "17": 0.16602,
    "18": 0.22922,
    "19": 0.23598,
    "20": 0.26086,
    "21": 0.27819,
    "22": 0.19333,
    "23": 0.1895
  }
}