{
  "day": "2023-09-22",
  "data": {
    "0": 0.13999,
    "1": 0.13209,
    "2": 0.13295,
    "3": 0.13239,
    "4": 0.13033,
    "5": 0.14193,
    "6": 0.14809,
    "7": 0.15722,
    "8": 0.18732,
    "9": 0.18142,
    "10": 0.20477,
    "11": 0.19763,
    "12": 0.19177,
    "13": 0.18223,
    "14": 0.12818,
    "15": 0.12959,
    "16": 0.1365,
    "17": 0.13843,
    "18": 0.21254,
    "19": 0.22907,
    "20": 0.2437,
    "21": 0.24134,
    "22": 0.18747,
    "23": 0.18695
  }
}