{
  "day": "2023-09-25",
  "data": {
    "0": 0.16633,
    "1": 0.1536,
    "2": 0.15383,
    "3": 0.15495,
    "4": 0.15475,
    "5": 0.15899,
    "6": 0.17108,
    "7": 0.17751,
    "8": 0.20659,
    "9": 0.19458,
    "10": 0.19964,
    "11": 0.19099,
    "12": 0.18846,
    "13": 0.18784,
    "14": 0.14215,
    "15": 0.1509,
    "16": 0.15688,
    "17": 0.16263,
    "18": 0.23844,
    "19": 0.26095,
    "20": 0.26758,
    "21": 0.27137,
    "22": 0.20279,
    "23": 0.19726
  }
}