{
  "day": "2021-12-01",
  "data": {
    "0": 0.36245,
    "1": 0.32872,
    "2": 0.31394,
    "3": 0.29576,
    "4": 0.25864,
    "5": 0.25786,
    "6": 0.30518,
    "7": 0.33656,
    "8": 0.36049,
    "9": 0.33515,
    "10": 0.33198,
    "11": 0.32682,
    "12": 0.32271,
    "13": 0.31885,
    "14": 0.30091,
    "15": 0.30953,
    "16": 0.3152,
    "17": 0.32448,
    "18": 0.36135,
    "19": 0.37693,
    "20": 0.37905,
    "21": 0.3488,
    "22": 0.32095,
    "23": 0.26246
  }
}