{
  "day": "2021-12-03",
  "data": {
    "0": 0.30595,
    "1": 0.27196,
    "2": 0.25475,
    "3": 0.25111,
    "4": 0.24996,
    "5": 0.25466,
    "6": 0.26029,
    "7": 0.28924,
    "8": 0.32635,
    "9": 0.32381,
    "10": 0.30667,
    "11": 0.28714,
    "12": 0.27965,
    "13": 0.27415,
    "14": 0.2574,
    "15": 0.26577,
    "16": 0.29378,
    "17": 0.33694,
    "18": 0.36803,
    "19": 0.36738,
    "20": 0.36782,
    "21": 0.35887,
    "22": 0.31684,
    "23": 0.28972
  }
}