{
  "day": "2021-12-08",
  "data": {
    "0": 0.22915,
    "1": 0.15628,
    "2": 0.14701,
    "3": 0.06557,
    "4": 0.04101,
    "5": 0.0393,
    "6": 0.05313,
    "7": 0.05148,
    "8": 0.09606,
    "9": 0.07904,
    "10": 0.12809,
    "11": 0.03655,
    "12": 0.02997,
    "13": 0.07368,
    "14": 0.12232,
    "15": 0.11071,
    "16": 0.18415,
    "17": 0.22613,
    "18": 0.24799,
    "19": 0.2879,
    "20": 0.29727,
    "21": 0.29607,
    "22": 0.27729,
    "23": 0.25076
  }
}