{
  "day": "2021-12-09",
  "data": {
    "0": 0.26506,
    "1": 0.23743,
    "2": 0.23474,
    "3": 0.23401,
    "4": 0.23372,
    "5": 0.23731,
    "6": 0.24511,
    "7": 0.29635,
    "8": 0.32593,
    "9": 0.31999,
    "10": 0.32732,
    "11": 0.30529,
    "12": 0.29143,
    "13": 0.28972,
    "14": 0.27763,
    "15": 0.29039,
    "16": 0.30708,
    "17": 0.32075,
    "18": 0.34098,
    "19": 0.34246,
    "20": 0.34525,
    "21": 0.33083,
    "22": 0.2975,
    "23": 0.261
  }
}