{
  "day": "2021-12-11",
  "data": {
    "0": 0.28295,
    "1": 0.27641,
    "2": 0.27157,
    "3": 0.26531,
    "4": 0.26517,
    "5": 0.2713,
    "6": 0.27089,
    "7": 0.26095,
    "8": 0.26369,
    "9": 0.26907,
    "10": 0.26597,
    "11": 0.28279,
    "12": 0.29505,
    "13": 0.30752,
    "14": 0.29788,
    "15": 0.30618,
    "16": 0.32565,
    "17": 0.35117,
    "18": 0.36158,
    "19": 0.36025,
    "20": 0.35393,
    "21": 0.35612,
    "22": 0.34726,
    "23": 0.33433
  }
}