{
  "day": "2021-12-12",
  "data": {
    "0": 0.33694,
    "1": 0.32597,
    "2": 0.31901,
    "3": 0.30213,
    "4": 0.28941,
    "5": 0.29458,
    "6": 0.30343,
    "7": 0.32168,
    "8": 0.31098,
    "9": 0.32455,
    "10": 0.31445,
    "11": 0.30529,
    "12": 0.31768,
    "13": 0.31913,
    "14": 0.31193,
    "15": 0.30304,
    "16": 0.32298,
    "17": 0.35688,
    "18": 0.37038,
    "19": 0.37381,
    "20": 0.36729,
    "21": 0.36467,
    "22": 0.36055,
    "23": 0.32983
  }
}