{
  "day": "2021-12-16",
  "data": {
    "0": 0.3671,
    "1": 0.35479,
    "2": 0.34956,
    "3": 0.33371,
    "4": 0.32352,
    "5": 0.33849,
    "6": 0.34894,
    "7": 0.39272,
    "8": 0.41675,
    "9": 0.41203,
    "10": 0.40692,
    "11": 0.40351,
    "12": 0.40655,
    "13": 0.40758,
    "14": 0.38748,
    "15": 0.39172,
    "16": 0.39936,
    "17": 0.41681,
    "18": 0.4479,
    "19": 0.45176,
    "20": 0.45762,
    "21": 0.42872,
    "22": 0.3812,
    "23": 0.36998
  }
}