{
  "day": "2021-12-17",
  "data": {
    "0": 0.36354,
    "1": 0.34843,
    "2": 0.3381,
    "3": 0.32497,
    "4": 0.31874,
    "5": 0.34126,
    "6": 0.37728,
    "7": 0.39941,
    "8": 0.42099,
    "9": 0.419,
    "10": 0.42016,
    "11": 0.41809,
    "12": 0.41701,
    "13": 0.41648,
    "14": 0.40338,
    "15": 0.40677,
    "16": 0.41349,
    "17": 0.42587,
    "18": 0.46161,
    "19": 0.4627,
    "20": 0.45349,
    "21": 0.42267,
    "22": 0.40436,
    "23": 0.38429
  }
}