{
  "day": "2021-12-19",
  "data": {
    "0": 0.42359,
    "1": 0.40636,
    "2": 0.39764,
    "3": 0.35884,
    "4": 0.35724,
    "5": 0.35809,
    "6": 0.3924,
    "7": 0.40347,
    "8": 0.39917,
    "9": 0.40538,
    "10": 0.40211,
    "11": 0.39967,
    "12": 0.39443,
    "13": 0.39448,
    "14": 0.3954,
    "15": 0.3933,
    "16": 0.4005,
    "17": 0.42059,
    "18": 0.43129,
    "19": 0.43776,
    "20": 0.43918,
    "21": 0.4306,
    "22": 0.41277,
    "23": 0.4065
  }
}