{
  "day": "2021-12-20",
  "data": {
    "0": 0.40518,
    "1": 0.39044,
    "2": 0.4104,
    "3": 0.35526,
    "4": 0.34903,
    "5": 0.36526,
    "6": 0.39153,
    "7": 0.43779,
    "8": 0.45879,
    "9": 0.45712,
    "10": 0.45969,
    "11": 0.45745,
    "12": 0.45728,
    "13": 0.46062,
    "14": 0.44891,
    "15": 0.45272,
    "16": 0.45962,
    "17": 0.46052,
    "18": 0.48587,
    "19": 0.49328,
    "20": 0.49551,
    "21": 0.48853,
    "22": 0.45644,
    "23": 0.42652
  }
}