{
  "day": "2021-12-21",
  "data": {
    "0": 0.40495,
    "1": 0.39317,
    "2": 0.37834,
    "3": 0.34324,
    "4": 0.34298,
    "5": 0.38335,
    "6": 0.39006,
    "7": 0.40532,
    "8": 0.43356,
    "9": 0.43283,
    "10": 0.43401,
    "11": 0.42588,
    "12": 0.42084,
    "13": 0.41878,
    "14": 0.4093,
    "15": 0.41608,
    "16": 0.42571,
    "17": 0.43353,
    "18": 0.4712,
    "19": 0.47963,
    "20": 0.48759,
    "21": 0.47008,
    "22": 0.4383,
    "23": 0.41723
  }
}