{
  "day": "2021-12-22",
  "data": {
    "0": 0.444,
    "1": 0.44192,
    "2": 0.43235,
    "3": 0.42786,
    "4": 0.42475,
    "5": 0.43687,
    "6": 0.44087,
    "7": 0.4559,
    "8": 0.47856,
    "9": 0.47634,
    "10": 0.47653,
    "11": 0.46908,
    "12": 0.46326,
    "13": 0.46052,
    "14": 0.44677,
    "15": 0.45132,
    "16": 0.46275,
    "17": 0.47575,
    "18": 0.4963,
    "19": 0.49817,
    "20": 0.4995,
    "21": 0.49096,
    "22": 0.46037,
    "23": 0.43451
  }
}