{
  "day": "2021-12-23",
  "data": {
    "0": 0.48561,
    "1": 0.45062,
    "2": 0.3964,
    "3": 0.39015,
    "4": 0.40596,
    "5": 0.4554,
    "6": 0.48442,
    "7": 0.49183,
    "8": 0.50848,
    "9": 0.50604,
    "10": 0.51653,
    "11": 0.51601,
    "12": 0.51614,
    "13": 0.5184,
    "14": 0.5058,
    "15": 0.51158,
    "16": 0.51034,
    "17": 0.51155,
    "18": 0.53521,
    "19": 0.53681,
    "20": 0.53501,
    "21": 0.52696,
    "22": 0.50762,
    "23": 0.48399
  }
}