{
  "day": "2021-12-24",
  "data": {
    "0": 0.4298,
    "1": 0.39294,
    "2": 0.34696,
    "3": 0.33908,
    "4": 0.33158,
    "5": 0.34038,
    "6": 0.37218,
    "7": 0.38581,
    "8": 0.42776,
    "9": 0.4533,
    "10": 0.48437,
    "11": 0.45143,
    "12": 0.42322,
    "13": 0.41158,
    "14": 0.38373,
    "15": 0.39714,
    "16": 0.40115,
    "17": 0.41846,
    "18": 0.44389,
    "19": 0.43724,
    "20": 0.42263,
    "21": 0.41651,
    "22": 0.39469,
    "23": 0.35351
  }
}