{
  "day": "2021-12-25",
  "data": {
    "0": 0.31648,
    "1": 0.29782,
    "2": 0.27285,
    "3": 0.23118,
    "4": 0.20105,
    "5": 0.18723,
    "6": 0.19113,
    "7": 0.2496,
    "8": 0.26247,
    "9": 0.28327,
    "10": 0.28978,
    "11": 0.30758,
    "12": 0.3178,
    "13": 0.30908,
    "14": 0.28976,
    "15": 0.28844,
    "16": 0.29573,
    "17": 0.31202,
    "18": 0.32388,
    "19": 0.35082,
    "20": 0.38555,
    "21": 0.39484,
    "22": 0.37672,
    "23": 0.33333
  }
}