{
  "day": "2021-12-26",
  "data": {
    "0": 0.29107,
    "1": 0.25094,
    "2": 0.24032,
    "3": 0.24144,
    "4": 0.19658,
    "5": 0.19161,
    "6": 0.19251,
    "7": 0.22357,
    "8": 0.23473,
    "9": 0.24448,
    "10": 0.25265,
    "11": 0.25593,
    "12": 0.25232,
    "13": 0.24525,
    "14": 0.24518,
    "15": 0.24751,
    "16": 0.2522,
    "17": 0.27027,
    "18": 0.29457,
    "19": 0.30373,
    "20": 0.2916,
    "21": 0.2517,
    "22": 0.23721,
    "23": 0.21941
  }
}