{
  "day": "2021-12-28",
  "data": {
    "0": 0.09487,
    "1": 0.07338,
    "2": 0.03573,
    "3": 0.03097,
    "4": 0.0381,
    "5": 0.046,
    "6": 0.10398,
    "7": 0.14018,
    "8": 0.17403,
    "9": 0.19729,
    "10": 0.20726,
    "11": 0.19934,
    "12": 0.1898,
    "13": 0.17863,
    "14": 0.16195,
    "15": 0.15299,
    "16": 0.16502,
    "17": 0.20567,
    "18": 0.22179,
    "19": 0.24809,
    "20": 0.25388,
    "21": 0.25082,
    "22": 0.18629,
    "23": 0.16753
  }
}