{
  "day": "2023-04-03",
  "data": {
    "0": 0.09433,
    "1": 0.09106,
    "2": 0.09128,
    "3": 0.09493,
    "4": 0.09441,
    "5": 0.0937,
    "6": 0.09601,
    "7": 0.14268,
    "8": 0.19172,
    "9": 0.11976,
    "10": 0.10254,
    "11": 0.12432,
    "12": 0.1221,
    "13": 0.12242,
    "14": 0.12314,
    "15": 0.07778,
    "16": 0.07857,
    "17": 0.08982,
    "18": 0.10864,
    "19": 0.20636,
    "20": 0.28758,
    "21": 0.28162,
    "22": 0.22696,
    "23": 0.15903
  }
}