{
  "day": "2023-04-08",
  "data": {
    "0": 0.17523,
    "1": 0.16665,
    "2": 0.16834,
    "3": 0.16392,
    "4": 0.16689,
    "5": 0.16786,
    "6": 0.17166,
    "7": 0.18222,
    "8": 0.18462,
    "9": 0.15963,
    "10": 0.08029,
    "11": 0.07052,
    "12": 0.06906,
    "13": 0.0679,
    "14": 0.06103,
    "15": 0.05635,
    "16": 0.04503,
    "17": 0.05598,
    "18": 0.07302,
    "19": 0.154,
    "20": 0.18609,
    "21": 0.18251,
    "22": 0.18108,
    "23": 0.17244
  }
}