{
  "day": "2023-04-10",
  "data": {
    "0": 0.149,
    "1": 0.13716,
    "2": 0.13429,
    "3": 0.12861,
    "4": 0.13027,
    "5": 0.13033,
    "6": 0.13359,
    "7": 0.12533,
    "8": 0.13896,
    "9": 0.12081,
    "10": 0.08686,
    "11": 0.12341,
    "12": 0.11714,
    "13": 0.1009,
    "14": 0.10174,
    "15": 0.05562,
    "16": 0.05683,
    "17": 0.08048,
    "18": 0.09477,
    "19": 0.17146,
    "20": 0.19208,
    "21": 0.19075,
    "22": 0.20154,
    "23": 0.13104
  }
}