{
  "day": "2023-04-11",
  "data": {
    "0": 0.11343,
    "1": 0.1158,
    "2": 0.10757,
    "3": 0.1177,
    "4": 0.12505,
    "5": 0.14401,
    "6": 0.14692,
    "7": 0.1754,
    "8": 0.21469,
    "9": 0.18741,
    "10": 0.18394,
    "11": 0.21372,
    "12": 0.22123,
    "13": 0.21535,
    "14": 0.16833,
    "15": 0.0982,
    "16": 0.09317,
    "17": 0.09768,
    "18": 0.09986,
    "19": 0.21143,
    "20": 0.24752,
    "21": 0.25566,
    "22": 0.24702,
    "23": 0.17845
  }
}