{
  "day": "2023-04-14",
  "data": {
    "0": 0.1314,
    "1": 0.12915,
    "2": 0.13003,
    "3": 0.12575,
    "4": 0.12227,
    "5": 0.11537,
    "6": 0.11244,
    "7": 0.11433,
    "8": 0.14128,
    "9": 0.10204,
    "10": 0.0767,
    "11": 0.09943,
    "12": 0.10014,
    "13": 0.09651,
    "14": 0.09395,
    "15": 0.0487,
    "16": 0.04912,
    "17": 0.0519,
    "18": 0.05649,
    "19": 0.12874,
    "20": 0.17848,
    "21": 0.18807,
    "22": 0.18216,
    "23": 0.10236
  }
}