{
  "day": "2023-04-15",
  "data": {
    "0": 0.06704,
    "1": 0.06651,
    "2": 0.0659,
    "3": 0.06851,
    "4": 0.06839,
    "5": 0.06928,
    "6": 0.07011,
    "7": 0.07195,
    "8": 0.06754,
    "9": 0.07319,
    "10": 0.03305,
    "11": 0.0277,
    "12": 0.02602,
    "13": 0.02576,
    "14": 0.02642,
    "15": 0.02505,
    "16": 0.0251,
    "17": 0.02728,
    "18": 0.03112,
    "19": 0.04618,
    "20": 0.0645,
    "21": 0.07062,
    "22": 0.0676,
    "23": 0.06517
  }
}