{
  "day": "2023-04-16",
  "data": {
    "0": 0.05959,
    "1": 0.0585,
    "2": 0.0585,
    "3": 0.06166,
    "4": 0.05409,
    "5": 0.05929,
    "6": 0.06047,
    "7": 0.06232,
    "8": 0.06025,
    "9": 0.04171,
    "10": 0.03441,
    "11": 0.02973,
    "12": 0.02978,
    "13": 0.02948,
    "14": 0.02921,
    "15": 0.03046,
    "16": 0.03135,
    "17": 0.03173,
    "18": 0.03247,
    "19": 0.0532,
    "20": 0.11287,
    "21": 0.17018,
    "22": 0.15224,
    "23": 0.08665
  }
}