{
  "day": "2023-04-17",
  "data": {
    "0": 0.12664,
    "1": 0.12421,
    "2": 0.0962,
    "3": 0.08659,
    "4": 0.08635,
    "5": 0.09613,
    "6": 0.12376,
    "7": 0.15054,
    "8": 0.16906,
    "9": 0.14249,
    "10": 0.09619,
    "11": 0.14128,
    "12": 0.1407,
    "13": 0.13966,
    "14": 0.13537,
    "15": 0.07864,
    "16": 0.07879,
    "17": 0.08144,
    "18": 0.09775,
    "19": 0.19402,
    "20": 0.23728,
    "21": 0.24796,
    "22": 0.21628,
    "23": 0.15257
  }
}