{
  "day": "2023-04-19",
  "data": {
    "0": 0.17253,
    "1": 0.16113,
    "2": 0.14941,
    "3": 0.15067,
    "4": 0.15078,
    "5": 0.14972,
    "6": 0.17472,
    "7": 0.18307,
    "8": 0.21394,
    "9": 0.2003,
    "10": 0.17582,
    "11": 0.20894,
    "12": 0.20501,
    "13": 0.19911,
    "14": 0.20155,
    "15": 0.15566,
    "16": 0.15641,
    "17": 0.15998,
    "18": 0.17305,
    "19": 0.23659,
    "20": 0.24993,
    "21": 0.26102,
    "22": 0.2532,
    "23": 0.19773
  }
}