{
  "day": "2023-04-20",
  "data": {
    "0": 0.17111,
    "1": 0.16753,
    "2": 0.17071,
    "3": 0.1726,
    "4": 0.17464,
    "5": 0.17567,
    "6": 0.17422,
    "7": 0.19101,
    "8": 0.21894,
    "9": 0.19838,
    "10": 0.16865,
    "11": 0.19825,
    "12": 0.18924,
    "13": 0.18258,
    "14": 0.15892,
    "15": 0.11036,
    "16": 0.11015,
    "17": 0.11288,
    "18": 0.14008,
    "19": 0.23625,
    "20": 0.26487,
    "21": 0.26182,
    "22": 0.25383,
    "23": 0.20318
  }
}