{
  "day": "2023-04-21",
  "data": {
    "0": 0.16642,
    "1": 0.15576,
    "2": 0.16293,
    "3": 0.16675,
    "4": 0.16098,
    "5": 0.16065,
    "6": 0.17317,
    "7": 0.18769,
    "8": 0.22055,
    "9": 0.18429,
    "10": 0.19365,
    "11": 0.21902,
    "12": 0.20611,
    "13": 0.15959,
    "14": 0.14269,
    "15": 0.08405,
    "16": 0.08008,
    "17": 0.08679,
    "18": 0.10913,
    "19": 0.20841,
    "20": 0.25052,
    "21": 0.25092,
    "22": 0.25413,
    "23": 0.19633
  }
}