{
  "day": "2023-04-23",
  "data": {
    "0": 0.15617,
    "1": 0.14621,
    "2": 0.14517,
    "3": 0.13964,
    "4": 0.13676,
    "5": 0.12575,
    "6": 0.12309,
    "7": 0.11089,
    "8": 0.09519,
    "9": 0.0496,
    "10": 0.03582,
    "11": 0.03369,
    "12": 0.03546,
    "13": 0.035,
    "14": 0.03296,
    "15": 0.03022,
    "16": 0.03002,
    "17": 0.02941,
    "18": 0.03808,
    "19": 0.04817,
    "20": 0.12909,
    "21": 0.1675,
    "22": 0.16261,
    "23": 0.1524
  }
}