{
  "day": "2023-04-25",
  "data": {
    "0": 0.17208,
    "1": 0.16874,
    "2": 0.15374,
    "3": 0.13854,
    "4": 0.13345,
    "5": 0.13796,
    "6": 0.16362,
    "7": 0.17585,
    "8": 0.19894,
    "9": 0.1531,
    "10": 0.14209,
    "11": 0.17244,
    "12": 0.16388,
    "13": 0.16355,
    "14": 0.15508,
    "15": 0.0751,
    "16": 0.07522,
    "17": 0.08076,
    "18": 0.11912,
    "19": 0.18954,
    "20": 0.24759,
    "21": 0.25629,
    "22": 0.25734,
    "23": 0.19089
  }
}