{
  "day": "2023-04-28",
  "data": {
    "0": 0.16186,
    "1": 0.15719,
    "2": 0.14032,
    "3": 0.15837,
    "4": 0.13414,
    "5": 0.1407,
    "6": 0.15183,
    "7": 0.16498,
    "8": 0.19529,
    "9": 0.18292,
    "10": 0.17492,
    "11": 0.21292,
    "12": 0.21075,
    "13": 0.19949,
    "14": 0.19551,
    "15": 0.14305,
    "16": 0.14484,
    "17": 0.15748,
    "18": 0.17646,
    "19": 0.22956,
    "20": 0.2386,
    "21": 0.23961,
    "22": 0.23617,
    "23": 0.18723
  }
}