{
  "day": "2023-04-29",
  "data": {
    "0": 0.1593,
    "1": 0.15455,
    "2": 0.15136,
    "3": 0.15128,
    "4": 0.147,
    "5": 0.14893,
    "6": 0.14839,
    "7": 0.15387,
    "8": 0.15853,
    "9": 0.14579,
    "10": 0.14549,
    "11": 0.13379,
    "12": 0.11412,
    "13": 0.10364,
    "14": 0.07398,
    "15": 0.0329,
    "16": 0.03098,
    "17": 0.03113,
    "18": 0.04169,
    "19": 0.10002,
    "20": 0.15675,
    "21": 0.1614,
    "22": 0.15692,
    "23": 0.15195
  }
}