{
  "day": "2022-02-02",
  "data": {
    "0": 0.23757,
    "1": 0.2336,
    "2": 0.22499,
    "3": 0.22338,
    "4": 0.22526,
    "5": 0.23337,
    "6": 0.23694,
    "7": 0.27896,
    "8": 0.30659,
    "9": 0.30896,
    "10": 0.35555,
    "11": 0.33926,
    "12": 0.34291,
    "13": 0.34058,
    "14": 0.26923,
    "15": 0.26903,
    "16": 0.28129,
    "17": 0.32566,
    "18": 0.43301,
    "19": 0.43142,
    "20": 0.43236,
    "21": 0.4307,
    "22": 0.32307,
    "23": 0.29509
  }
}