{
  "day": "2022-02-05",
  "data": {
    "0": 0.27907,
    "1": 0.28066,
    "2": 0.25317,
    "3": 0.25394,
    "4": 0.24555,
    "5": 0.24477,
    "6": 0.25328,
    "7": 0.25274,
    "8": 0.27609,
    "9": 0.26553,
    "10": 0.27048,
    "11": 0.23923,
    "12": 0.24049,
    "13": 0.23854,
    "14": 0.22222,
    "15": 0.21917,
    "16": 0.22627,
    "17": 0.2319,
    "18": 0.28579,
    "19": 0.2885,
    "20": 0.28567,
    "21": 0.28306,
    "22": 0.26684,
    "23": 0.24516
  }
}