{
  "day": "2022-02-06",
  "data": {
    "0": 0.24775,
    "1": 0.23911,
    "2": 0.23946,
    "3": 0.24015,
    "4": 0.23836,
    "5": 0.24413,
    "6": 0.24388,
    "7": 0.24168,
    "8": 0.23832,
    "9": 0.23154,
    "10": 0.22787,
    "11": 0.22763,
    "12": 0.23143,
    "13": 0.22972,
    "14": 0.22996,
    "15": 0.22475,
    "16": 0.22895,
    "17": 0.23755,
    "18": 0.29083,
    "19": 0.30514,
    "20": 0.31157,
    "21": 0.29753,
    "22": 0.28636,
    "23": 0.24601
  }
}