{
  "day": "2022-02-08",
  "data": {
    "0": 0.23725,
    "1": 0.23556,
    "2": 0.23153,
    "3": 0.22797,
    "4": 0.23858,
    "5": 0.24266,
    "6": 0.24782,
    "7": 0.30238,
    "8": 0.33918,
    "9": 0.31969,
    "10": 0.36225,
    "11": 0.33631,
    "12": 0.33208,
    "13": 0.3273,
    "14": 0.25359,
    "15": 0.25355,
    "16": 0.26175,
    "17": 0.29507,
    "18": 0.40259,
    "19": 0.41003,
    "20": 0.39655,
    "21": 0.39091,
    "22": 0.29046,
    "23": 0.27808
  }
}