{
  "day": "2022-02-09",
  "data": {
    "0": 0.25009,
    "1": 0.24414,
    "2": 0.24404,
    "3": 0.24298,
    "4": 0.24175,
    "5": 0.24089,
    "6": 0.25856,
    "7": 0.29831,
    "8": 0.33622,
    "9": 0.32114,
    "10": 0.37142,
    "11": 0.35073,
    "12": 0.33892,
    "13": 0.33278,
    "14": 0.2574,
    "15": 0.26367,
    "16": 0.26725,
    "17": 0.30246,
    "18": 0.4109,
    "19": 0.41843,
    "20": 0.40195,
    "21": 0.39776,
    "22": 0.31132,
    "23": 0.2861
  }
}