{
  "day": "2022-02-16",
  "data": {
    "0": 0.22253,
    "1": 0.21583,
    "2": 0.21342,
    "3": 0.20582,
    "4": 0.2032,
    "5": 0.20645,
    "6": 0.21602,
    "7": 0.26929,
    "8": 0.30104,
    "9": 0.29666,
    "10": 0.31773,
    "11": 0.30391,
    "12": 0.3081,
    "13": 0.29627,
    "14": 0.21247,
    "15": 0.20707,
    "16": 0.20698,
    "17": 0.23594,
    "18": 0.36549,
    "19": 0.37984,
    "20": 0.39208,
    "21": 0.38025,
    "22": 0.28825,
    "23": 0.24715
  }
}