{
  "day": "2022-02-19",
  "data": {
    "0": 0.17703,
    "1": 0.16043,
    "2": 0.14689,
    "3": 0.12365,
    "4": 0.1307,
    "5": 0.14722,
    "6": 0.16347,
    "7": 0.18785,
    "8": 0.18794,
    "9": 0.21769,
    "10": 0.18146,
    "11": 0.17188,
    "12": 0.16051,
    "13": 0.16003,
    "14": 0.16079,
    "15": 0.14921,
    "16": 0.15163,
    "17": 0.17457,
    "18": 0.22032,
    "19": 0.2512,
    "20": 0.25812,
    "21": 0.25875,
    "22": 0.25307,
    "23": 0.24513
  }
}