{
  "day": "2022-02-20",
  "data": {
    "0": 0.25469,
    "1": 0.23504,
    "2": 0.20922,
    "3": 0.20068,
    "4": 0.20198,
    "5": 0.20758,
    "6": 0.22291,
    "7": 0.23401,
    "8": 0.20459,
    "9": 0.19018,
    "10": 0.17811,
    "11": 0.1713,
    "12": 0.17035,
    "13": 0.17129,
    "14": 0.17044,
    "15": 0.16784,
    "16": 0.17469,
    "17": 0.18501,
    "18": 0.25895,
    "19": 0.27743,
    "20": 0.28453,
    "21": 0.28195,
    "22": 0.27047,
    "23": 0.26045
  }
}