{
  "day": "2022-02-21",
  "data": {
    "0": 0.26014,
    "1": 0.22573,
    "2": 0.22162,
    "3": 0.20826,
    "4": 0.20229,
    "5": 0.21709,
    "6": 0.26326,
    "7": 0.28067,
    "8": 0.30721,
    "9": 0.30042,
    "10": 0.3457,
    "11": 0.31386,
    "12": 0.3047,
    "13": 0.28773,
    "14": 0.21139,
    "15": 0.194,
    "16": 0.21457,
    "17": 0.23929,
    "18": 0.37512,
    "19": 0.38326,
    "20": 0.39245,
    "21": 0.38132,
    "22": 0.29771,
    "23": 0.26639
  }
}