{
  "day": "2022-02-23",
  "data": {
    "0": 0.23122,
    "1": 0.22812,
    "2": 0.22404,
    "3": 0.22035,
    "4": 0.21971,
    "5": 0.22681,
    "6": 0.26051,
    "7": 0.26743,
    "8": 0.2983,
    "9": 0.29596,
    "10": 0.35331,
    "11": 0.34118,
    "12": 0.32868,
    "13": 0.32077,
    "14": 0.23837,
    "15": 0.24221,
    "16": 0.25574,
    "17": 0.28672,
    "18": 0.38823,
    "19": 0.39401,
    "20": 0.40087,
    "21": 0.37688,
    "22": 0.29153,
    "23": 0.28717
  }
}