{
  "day": "2022-02-25",
  "data": {
    "0": 0.30005,
    "1": 0.26335,
    "2": 0.24982,
    "3": 0.22642,
    "4": 0.21847,
    "5": 0.23767,
    "6": 0.2749,
    "7": 0.33849,
    "8": 0.36424,
    "9": 0.3638,
    "10": 0.42371,
    "11": 0.4039,
    "12": 0.41247,
    "13": 0.39771,
    "14": 0.3239,
    "15": 0.31889,
    "16": 0.32878,
    "17": 0.35391,
    "18": 0.44819,
    "19": 0.47325,
    "20": 0.46181,
    "21": 0.44528,
    "22": 0.36413,
    "23": 0.36061
  }
}