{
  "day": "2022-02-26",
  "data": {
    "0": 0.364,
    "1": 0.34609,
    "2": 0.34266,
    "3": 0.32889,
    "4": 0.32037,
    "5": 0.31923,
    "6": 0.32969,
    "7": 0.34314,
    "8": 0.35143,
    "9": 0.33624,
    "10": 0.3077,
    "11": 0.30499,
    "12": 0.30289,
    "13": 0.29875,
    "14": 0.29858,
    "15": 0.30062,
    "16": 0.30293,
    "17": 0.32786,
    "18": 0.37869,
    "19": 0.37904,
    "20": 0.37325,
    "21": 0.37617,
    "22": 0.33712,
    "23": 0.33171
  }
}