{
  "day": "2022-02-27",
  "data": {
    "0": 0.33095,
    "1": 0.32827,
    "2": 0.30381,
    "3": 0.3011,
    "4": 0.30862,
    "5": 0.31591,
    "6": 0.33677,
    "7": 0.33692,
    "8": 0.33102,
    "9": 0.32729,
    "10": 0.32129,
    "11": 0.31402,
    "12": 0.30122,
    "13": 0.31444,
    "14": 0.31452,
    "15": 0.27199,
    "16": 0.27505,
    "17": 0.30226,
    "18": 0.35444,
    "19": 0.37962,
    "20": 0.43758,
    "21": 0.43711,
    "22": 0.38641,
    "23": 0.35261
  }
}