{
  "day": "2022-02-28",
  "data": {
    "0": 0.37451,
    "1": 0.3702,
    "2": 0.36932,
    "3": 0.37091,
    "4": 0.36609,
    "5": 0.36794,
    "6": 0.36532,
    "7": 0.40168,
    "8": 0.40848,
    "9": 0.38056,
    "10": 0.41896,
    "11": 0.37467,
    "12": 0.37901,
    "13": 0.37595,
    "14": 0.30302,
    "15": 0.30342,
    "16": 0.3472,
    "17": 0.37933,
    "18": 0.47504,
    "19": 0.49698,
    "20": 0.52763,
    "21": 0.50197,
    "22": 0.38823,
    "23": 0.37711
  }
}