{
  "day": "2025-03-01",
  "data": {
    "0": 0.15417,
    "1": 0.13296,
    "2": 0.13163,
    "3": 0.12615,
    "4": 0.1203,
    "5": 0.11543,
    "6": 0.12401,
    "7": 0.12593,
    "8": 0.12162,
    "9": 0.11234,
    "10": 0.08857,
    "11": 0.07564,
    "12": 0.06897,
    "13": 0.06846,
    "14": 0.06336,
    "15": 0.06021,
    "16": 0.06812,
    "17": 0.0737,
    "18": 0.10198,
    "19": 0.10787,
    "20": 0.11853,
    "21": 0.11874,
    "22": 0.12466,
    "23": 0.10461
  }
}