{
  "day": "2025-03-02",
  "data": {
    "0": 0.10315,
    "1": 0.09353,
    "2": 0.09435,
    "3": 0.09544,
    "4": 0.09766,
    "5": 0.09879,
    "6": 0.09759,
    "7": 0.09516,
    "8": 0.09301,
    "9": 0.09615,
    "10": 0.10043,
    "11": 0.0907,
    "12": 0.05389,
    "13": 0.07414,
    "14": 0.07711,
    "15": 0.0898,
    "16": 0.11986,
    "17": 0.12163,
    "18": 0.12879,
    "19": 0.15576,
    "20": 0.16788,
    "21": 0.16685,
    "22": 0.13292,
    "23": 0.11896
  }
}