{
  "day": "2025-03-03",
  "data": {
    "0": 0.10959,
    "1": 0.10502,
    "2": 0.10205,
    "3": 0.10366,
    "4": 0.10324,
    "5": 0.11339,
    "6": 0.12888,
    "7": 0.13363,
    "8": 0.16859,
    "9": 0.15524,
    "10": 0.15576,
    "11": 0.21944,
    "12": 0.20482,
    "13": 0.20212,
    "14": 0.17939,
    "15": 0.13657,
    "16": 0.14979,
    "17": 0.15064,
    "18": 0.16514,
    "19": 0.25786,
    "20": 0.274,
    "21": 0.24385,
    "22": 0.23642,
    "23": 0.15238
  }
}