{
  "day": "2025-03-04",
  "data": {
    "0": 0.13241,
    "1": 0.13849,
    "2": 0.13707,
    "3": 0.13332,
    "4": 0.13186,
    "5": 0.13496,
    "6": 0.12634,
    "7": 0.13483,
    "8": 0.16233,
    "9": 0.15258,
    "10": 0.1465,
    "11": 0.19278,
    "12": 0.17612,
    "13": 0.15709,
    "14": 0.16432,
    "15": 0.11379,
    "16": 0.13033,
    "17": 0.15402,
    "18": 0.15475,
    "19": 0.26944,
    "20": 0.25428,
    "21": 0.23723,
    "22": 0.22303,
    "23": 0.15871
  }
}