{
  "day": "2025-03-06",
  "data": {
    "0": 0.09609,
    "1": 0.0911,
    "2": 0.10329,
    "3": 0.10486,
    "4": 0.10685,
    "5": 0.10816,
    "6": 0.11279,
    "7": 0.13449,
    "8": 0.16339,
    "9": 0.13428,
    "10": 0.12727,
    "11": 0.19171,
    "12": 0.18701,
    "13": 0.17622,
    "14": 0.17065,
    "15": 0.10736,
    "16": 0.11438,
    "17": 0.1336,
    "18": 0.16375,
    "19": 0.25924,
    "20": 0.25016,
    "21": 0.23677,
    "22": 0.22396,
    "23": 0.1391
  }
}