{
  "day": "2025-03-07",
  "data": {
    "0": 0.12879,
    "1": 0.12264,
    "2": 0.11728,
    "3": 0.11091,
    "4": 0.11173,
    "5": 0.1152,
    "6": 0.11805,
    "7": 0.12367,
    "8": 0.15018,
    "9": 0.1307,
    "10": 0.12752,
    "11": 0.16173,
    "12": 0.14422,
    "13": 0.12706,
    "14": 0.14629,
    "15": 0.0716,
    "16": 0.08243,
    "17": 0.09146,
    "18": 0.10939,
    "19": 0.1745,
    "20": 0.18365,
    "21": 0.18014,
    "22": 0.18153,
    "23": 0.10991
  }
}