{
  "day": "2025-03-08",
  "data": {
    "0": 0.08142,
    "1": 0.06652,
    "2": 0.07056,
    "3": 0.06812,
    "4": 0.06285,
    "5": 0.06027,
    "6": 0.06363,
    "7": 0.06443,
    "8": 0.05512,
    "9": 0.0609,
    "10": 0.05368,
    "11": 0.04785,
    "12": 0.04636,
    "13": 0.04418,
    "14": 0.04347,
    "15": 0.04402,
    "16": 0.04631,
    "17": 0.05764,
    "18": 0.08806,
    "19": 0.0948,
    "20": 0.093,
    "21": 0.0952,
    "22": 0.09583,
    "23": 0.09385
  }
}