{
  "day": "2025-03-12",
  "data": {
    "0": 0.11618,
    "1": 0.10302,
    "2": 0.10079,
    "3": 0.10104,
    "4": 0.10105,
    "5": 0.09867,
    "6": 0.10909,
    "7": 0.13315,
    "8": 0.15958,
    "9": 0.13567,
    "10": 0.12782,
    "11": 0.18802,
    "12": 0.18546,
    "13": 0.1818,
    "14": 0.18282,
    "15": 0.12122,
    "16": 0.12632,
    "17": 0.15789,
    "18": 0.19077,
    "19": 0.31056,
    "20": 0.2736,
    "21": 0.25749,
    "22": 0.2453,
    "23": 0.17036
  }
}