{
  "day": "2025-03-13",
  "data": {
    "0": 0.13826,
    "1": 0.13452,
    "2": 0.13324,
    "3": 0.12392,
    "4": 0.11884,
    "5": 0.12741,
    "6": 0.1407,
    "7": 0.18745,
    "8": 0.21775,
    "9": 0.19289,
    "10": 0.16526,
    "11": 0.22111,
    "12": 0.2122,
    "13": 0.20115,
    "14": 0.20108,
    "15": 0.13758,
    "16": 0.13931,
    "17": 0.13854,
    "18": 0.1559,
    "19": 0.28514,
    "20": 0.27032,
    "21": 0.24289,
    "22": 0.21827,
    "23": 0.12929
  }
}