{
  "day": "2025-03-14",
  "data": {
    "0": 0.09038,
    "1": 0.07754,
    "2": 0.07583,
    "3": 0.07505,
    "4": 0.07757,
    "5": 0.08326,
    "6": 0.10645,
    "7": 0.14185,
    "8": 0.16792,
    "9": 0.12741,
    "10": 0.09749,
    "11": 0.14747,
    "12": 0.14669,
    "13": 0.13795,
    "14": 0.12269,
    "15": 0.05721,
    "16": 0.06909,
    "17": 0.09592,
    "18": 0.15124,
    "19": 0.27644,
    "20": 0.27048,
    "21": 0.24868,
    "22": 0.24229,
    "23": 0.17165
  }
}