{
  "day": "2025-03-15",
  "data": {
    "0": 0.13318,
    "1": 0.11947,
    "2": 0.11101,
    "3": 0.09839,
    "4": 0.09336,
    "5": 0.09329,
    "6": 0.09745,
    "7": 0.10489,
    "8": 0.07654,
    "9": 0.03204,
    "10": 0.02654,
    "11": 0.02766,
    "12": 0.02759,
    "13": 0.02755,
    "14": 0.02784,
    "15": 0.02862,
    "16": 0.02905,
    "17": 0.06746,
    "18": 0.13334,
    "19": 0.18688,
    "20": 0.17145,
    "21": 0.15897,
    "22": 0.15659,
    "23": 0.14616
  }
}