{
  "day": "2025-03-16",
  "data": {
    "0": 0.1318,
    "1": 0.12079,
    "2": 0.11833,
    "3": 0.12066,
    "4": 0.11909,
    "5": 0.12105,
    "6": 0.12005,
    "7": 0.12205,
    "8": 0.12135,
    "9": 0.08798,
    "10": 0.06075,
    "11": 0.03804,
    "12": 0.03642,
    "13": 0.03732,
    "14": 0.03613,
    "15": 0.03369,
    "16": 0.06556,
    "17": 0.08811,
    "18": 0.12869,
    "19": 0.19069,
    "20": 0.17915,
    "21": 0.16044,
    "22": 0.15484,
    "23": 0.13683
  }
}