{
  "day": "2025-03-19",
  "data": {
    "0": 0.10457,
    "1": 0.10215,
    "2": 0.09721,
    "3": 0.08813,
    "4": 0.08942,
    "5": 0.08878,
    "6": 0.12421,
    "7": 0.17369,
    "8": 0.11137,
    "9": 0.09177,
    "10": 0.07581,
    "11": 0.13612,
    "12": 0.13586,
    "13": 0.13324,
    "14": 0.13506,
    "15": 0.07058,
    "16": 0.07147,
    "17": 0.08054,
    "18": 0.10569,
    "19": 0.17418,
    "20": 0.19229,
    "21": 0.17576,
    "22": 0.17109,
    "23": 0.0894
  }
}