{
  "day": "2025-03-20",
  "data": {
    "0": 0.05331,
    "1": 0.052,
    "2": 0.05335,
    "3": 0.05029,
    "4": 0.05032,
    "5": 0.04948,
    "6": 0.05306,
    "7": 0.05291,
    "8": 0.09019,
    "9": 0.07862,
    "10": 0.07499,
    "11": 0.13987,
    "12": 0.13682,
    "13": 0.13462,
    "14": 0.13784,
    "15": 0.07624,
    "16": 0.08825,
    "17": 0.11107,
    "18": 0.14438,
    "19": 0.25324,
    "20": 0.24241,
    "21": 0.20791,
    "22": 0.19365,
    "23": 0.11959
  }
}