{
  "day": "2025-03-22",
  "data": {
    "0": 0.06207,
    "1": 0.06402,
    "2": 0.06294,
    "3": 0.05987,
    "4": 0.06101,
    "5": 0.06143,
    "6": 0.05986,
    "7": 0.05577,
    "8": 0.0541,
    "9": 0.05038,
    "10": 0.05038,
    "11": 0.05161,
    "12": 0.05114,
    "13": 0.05092,
    "14": 0.05118,
    "15": 0.05082,
    "16": 0.05134,
    "17": 0.05167,
    "18": 0.06048,
    "19": 0.09254,
    "20": 0.13463,
    "21": 0.11032,
    "22": 0.10117,
    "23": 0.09047
  }
}