{
  "day": "2025-03-25",
  "data": {
    "0": 0.09371,
    "1": 0.07385,
    "2": 0.07014,
    "3": 0.06628,
    "4": 0.06713,
    "5": 0.07199,
    "6": 0.08591,
    "7": 0.14563,
    "8": 0.10734,
    "9": 0.06436,
    "10": 0.06304,
    "11": 0.12725,
    "12": 0.12713,
    "13": 0.12466,
    "14": 0.12547,
    "15": 0.06219,
    "16": 0.06212,
    "17": 0.11925,
    "18": 0.13799,
    "19": 0.31238,
    "20": 0.31265,
    "21": 0.27769,
    "22": 0.25349,
    "23": 0.18143
  }
}