{
  "day": "2025-03-26",
  "data": {
    "0": 0.10477,
    "1": 0.0869,
    "2": 0.07704,
    "3": 0.0726,
    "4": 0.07768,
    "5": 0.0851,
    "6": 0.1162,
    "7": 0.15457,
    "8": 0.09581,
    "9": 0.06557,
    "10": 0.06515,
    "11": 0.12936,
    "12": 0.12926,
    "13": 0.12686,
    "14": 0.12741,
    "15": 0.062,
    "16": 0.0626,
    "17": 0.06172,
    "18": 0.09756,
    "19": 0.27393,
    "20": 0.27565,
    "21": 0.25197,
    "22": 0.24403,
    "23": 0.13181
  }
}