{
  "day": "2025-03-30",
  "data": {
    "0": 0.06762,
    "1": 0.07151,
    "3": 0.07631,
    "4": 0.0736,
    "5": 0.0739,
    "6": 0.07382,
    "7": 0.07265,
    "8": 0.0772,
    "9": 0.0612,
    "10": 0.06059,
    "11": 0.0584,
    "12": 0.05755,
    "13": 0.05715,
    "14": 0.05599,
    "15": 0.0577,
    "16": 0.0591,
    "17": 0.06035,
    "18": 0.05803,
    "19": 0.06414,
    "20": 0.08385,
    "21": 0.09562,
    "22": 0.08526,
    "23": 0.07075
  }
}