{
  "day": "2021-07-02",
  "data": {
    "0": 0.12913,
    "1": 0.12786,
    "2": 0.12796,
    "3": 0.12845,
    "4": 0.12847,
    "5": 0.12874,
    "6": 0.12992,
    "7": 0.13527,
    "8": 0.17196,
    "9": 0.16813,
    "10": 0.16271,
    "11": 0.25319,
    "12": 0.25321,
    "13": 0.2489,
    "14": 0.24544,
    "15": 0.14642,
    "16": 0.14131,
    "17": 0.15455,
    "18": 0.16144,
    "19": 0.25717,
    "20": 0.2613,
    "21": 0.26387,
    "22": 0.26376,
    "23": 0.16482
  }
}