{
  "day": "2021-07-03",
  "data": {
    "0": 0.12516,
    "1": 0.12405,
    "2": 0.12255,
    "3": 0.12681,
    "4": 0.12672,
    "5": 0.12509,
    "6": 0.12478,
    "7": 0.12565,
    "8": 0.12758,
    "9": 0.12375,
    "10": 0.11896,
    "11": 0.11752,
    "12": 0.11711,
    "13": 0.11747,
    "14": 0.11392,
    "15": 0.09847,
    "16": 0.0999,
    "17": 0.11038,
    "18": 0.11946,
    "19": 0.12508,
    "20": 0.12839,
    "21": 0.13566,
    "22": 0.13726,
    "23": 0.13034
  }
}