{
  "day": "2021-07-04",
  "data": {
    "0": 0.12368,
    "1": 0.11631,
    "2": 0.10955,
    "3": 0.10464,
    "4": 0.09987,
    "5": 0.09902,
    "6": 0.10383,
    "7": 0.10501,
    "8": 0.1075,
    "9": 0.10309,
    "10": 0.09941,
    "11": 0.10252,
    "12": 0.10308,
    "13": 0.09828,
    "14": 0.09325,
    "15": 0.09105,
    "16": 0.08143,
    "17": 0.08865,
    "18": 0.0949,
    "19": 0.10667,
    "20": 0.12817,
    "21": 0.13032,
    "22": 0.13315,
    "23": 0.12812
  }
}