{
  "day": "2021-07-05",
  "data": {
    "0": 0.12278,
    "1": 0.12033,
    "2": 0.11777,
    "3": 0.11767,
    "4": 0.11757,
    "5": 0.12055,
    "6": 0.124,
    "7": 0.12844,
    "8": 0.16651,
    "9": 0.16345,
    "10": 0.16077,
    "11": 0.25311,
    "12": 0.25152,
    "13": 0.24767,
    "14": 0.2421,
    "15": 0.14391,
    "16": 0.13898,
    "17": 0.13765,
    "18": 0.13833,
    "19": 0.24771,
    "20": 0.25798,
    "21": 0.26142,
    "22": 0.26067,
    "23": 0.15741
  }
}