{
  "day": "2021-07-11",
  "data": {
    "0": 0.12858,
    "1": 0.12812,
    "2": 0.12821,
    "3": 0.12846,
    "4": 0.12874,
    "5": 0.12897,
    "6": 0.12869,
    "7": 0.12823,
    "8": 0.12324,
    "9": 0.12179,
    "10": 0.11803,
    "11": 0.11453,
    "12": 0.10495,
    "13": 0.09915,
    "14": 0.09795,
    "15": 0.09692,
    "16": 0.09194,
    "17": 0.09845,
    "18": 0.10723,
    "19": 0.12183,
    "20": 0.12859,
    "21": 0.13307,
    "22": 0.13294,
    "23": 0.12893
  }
}