{
  "day": "2021-07-12",
  "data": {
    "0": 0.1228,
    "1": 0.10866,
    "2": 0.10118,
    "3": 0.10075,
    "4": 0.10099,
    "5": 0.10412,
    "6": 0.12321,
    "7": 0.12946,
    "8": 0.1675,
    "9": 0.16238,
    "10": 0.1563,
    "11": 0.24531,
    "12": 0.24465,
    "13": 0.24081,
    "14": 0.23968,
    "15": 0.13418,
    "16": 0.1324,
    "17": 0.13155,
    "18": 0.13202,
    "19": 0.22757,
    "20": 0.2419,
    "21": 0.25813,
    "22": 0.25921,
    "23": 0.15956
  }
}