{
  "day": "2021-07-13",
  "data": {
    "0": 0.11491,
    "1": 0.10965,
    "2": 0.10696,
    "3": 0.10756,
    "4": 0.10963,
    "5": 0.11579,
    "6": 0.12531,
    "7": 0.12816,
    "8": 0.16862,
    "9": 0.16138,
    "10": 0.16018,
    "11": 0.25022,
    "12": 0.25263,
    "13": 0.25153,
    "14": 0.24883,
    "15": 0.15208,
    "16": 0.15148,
    "17": 0.15627,
    "18": 0.15872,
    "19": 0.253,
    "20": 0.25487,
    "21": 0.25641,
    "22": 0.25518,
    "23": 0.15709
  }
}