{
  "day": "2021-07-18",
  "data": {
    "0": 0.12105,
    "1": 0.11807,
    "2": 0.10967,
    "3": 0.11618,
    "4": 0.11721,
    "5": 0.117,
    "6": 0.11695,
    "7": 0.11662,
    "8": 0.10152,
    "9": 0.0977,
    "10": 0.09553,
    "11": 0.09479,
    "12": 0.09452,
    "13": 0.09599,
    "14": 0.09661,
    "15": 0.06486,
    "16": 0.0228,
    "17": 0.04002,
    "18": 0.08145,
    "19": 0.10002,
    "20": 0.11252,
    "21": 0.126,
    "22": 0.13004,
    "23": 0.12751
  }
}