{
  "day": "2021-07-20",
  "data": {
    "0": 0.13061,
    "1": 0.12963,
    "2": 0.12262,
    "3": 0.12171,
    "4": 0.12569,
    "5": 0.12764,
    "6": 0.12777,
    "7": 0.13485,
    "8": 0.17324,
    "9": 0.16176,
    "10": 0.15887,
    "11": 0.25221,
    "12": 0.25345,
    "13": 0.25544,
    "14": 0.25455,
    "15": 0.15985,
    "16": 0.15909,
    "17": 0.15913,
    "18": 0.15805,
    "19": 0.26128,
    "20": 0.26534,
    "21": 0.26773,
    "22": 0.26362,
    "23": 0.16642
  }
}