{
  "day": "2021-07-21",
  "data": {
    "0": 0.14008,
    "1": 0.13936,
    "2": 0.13811,
    "3": 0.13628,
    "4": 0.13726,
    "5": 0.13779,
    "6": 0.13667,
    "7": 0.13534,
    "8": 0.16982,
    "9": 0.16621,
    "10": 0.16399,
    "11": 0.25722,
    "12": 0.25903,
    "13": 0.25938,
    "14": 0.25913,
    "15": 0.16387,
    "16": 0.16143,
    "17": 0.1607,
    "18": 0.16246,
    "19": 0.2645,
    "20": 0.26793,
    "21": 0.26703,
    "22": 0.26568,
    "23": 0.16887
  }
}