{
  "day": "2021-07-22",
  "data": {
    "0": 0.13359,
    "1": 0.12999,
    "2": 0.12872,
    "3": 0.12761,
    "4": 0.12783,
    "5": 0.12793,
    "6": 0.12856,
    "7": 0.13017,
    "8": 0.16676,
    "9": 0.16616,
    "10": 0.16274,
    "11": 0.2554,
    "12": 0.25627,
    "13": 0.25445,
    "14": 0.25392,
    "15": 0.1585,
    "16": 0.15579,
    "17": 0.15542,
    "18": 0.15637,
    "19": 0.25776,
    "20": 0.26219,
    "21": 0.2641,
    "22": 0.26552,
    "23": 0.17036
  }
}