{
  "day": "2021-07-23",
  "data": {
    "0": 0.13452,
    "1": 0.13404,
    "2": 0.13131,
    "3": 0.12807,
    "4": 0.12741,
    "5": 0.12704,
    "6": 0.12919,
    "7": 0.13188,
    "8": 0.16802,
    "9": 0.16426,
    "10": 0.15747,
    "11": 0.24634,
    "12": 0.24175,
    "13": 0.23036,
    "14": 0.22975,
    "15": 0.1349,
    "16": 0.13379,
    "17": 0.14487,
    "18": 0.15313,
    "19": 0.25491,
    "20": 0.25692,
    "21": 0.25957,
    "22": 0.26575,
    "23": 0.16593
  }
}