{
  "day": "2021-07-25",
  "data": {
    "0": 0.13447,
    "1": 0.13142,
    "2": 0.1272,
    "3": 0.12801,
    "4": 0.12343,
    "5": 0.12322,
    "6": 0.12625,
    "7": 0.12541,
    "8": 0.12419,
    "9": 0.11678,
    "10": 0.10844,
    "11": 0.11102,
    "12": 0.11316,
    "13": 0.1194,
    "14": 0.11575,
    "15": 0.10732,
    "16": 0.10163,
    "17": 0.1013,
    "18": 0.10586,
    "19": 0.11405,
    "20": 0.1282,
    "21": 0.14134,
    "22": 0.14258,
    "23": 0.14011
  }
}