{
  "day": "2021-07-27",
  "data": {
    "0": 0.1325,
    "1": 0.13103,
    "2": 0.12846,
    "3": 0.1274,
    "4": 0.12688,
    "5": 0.1237,
    "6": 0.12868,
    "7": 0.13125,
    "8": 0.16597,
    "9": 0.165,
    "10": 0.16159,
    "11": 0.25431,
    "12": 0.25498,
    "13": 0.25298,
    "14": 0.25285,
    "15": 0.15733,
    "16": 0.15331,
    "17": 0.14859,
    "18": 0.15753,
    "19": 0.25475,
    "20": 0.25534,
    "21": 0.25737,
    "22": 0.25779,
    "23": 0.16011
  }
}