{
  "day": "2021-07-28",
  "data": {
    "0": 0.10961,
    "1": 0.10704,
    "2": 0.10162,
    "3": 0.10286,
    "4": 0.10021,
    "5": 0.10611,
    "6": 0.12538,
    "7": 0.12783,
    "8": 0.16398,
    "9": 0.16496,
    "10": 0.1616,
    "11": 0.25754,
    "12": 0.26482,
    "13": 0.26144,
    "14": 0.25937,
    "15": 0.16593,
    "16": 0.16391,
    "17": 0.16454,
    "18": 0.15941,
    "19": 0.25218,
    "20": 0.25489,
    "21": 0.25817,
    "22": 0.25762,
    "23": 0.15624
  }
}