{
  "day": "2021-07-29",
  "data": {
    "0": 0.12903,
    "1": 0.12547,
    "2": 0.1262,
    "3": 0.12729,
    "4": 0.12761,
    "5": 0.12848,
    "6": 0.13028,
    "7": 0.12914,
    "8": 0.16458,
    "9": 0.16393,
    "10": 0.16047,
    "11": 0.25266,
    "12": 0.25549,
    "13": 0.25312,
    "14": 0.24806,
    "15": 0.14621,
    "16": 0.14751,
    "17": 0.15238,
    "18": 0.15237,
    "19": 0.25011,
    "20": 0.25987,
    "21": 0.26708,
    "22": 0.26708,
    "23": 0.16887
  }
}