{
  "day": "2021-07-30",
  "data": {
    "0": 0.13156,
    "1": 0.13107,
    "2": 0.13013,
    "3": 0.1298,
    "4": 0.12806,
    "5": 0.12355,
    "6": 0.12939,
    "7": 0.1308,
    "8": 0.165,
    "9": 0.16263,
    "10": 0.161,
    "11": 0.25317,
    "12": 0.2535,
    "13": 0.25271,
    "14": 0.25411,
    "15": 0.15232,
    "16": 0.13848,
    "17": 0.13183,
    "18": 0.12915,
    "19": 0.2268,
    "20": 0.25169,
    "21": 0.26092,
    "22": 0.26191,
    "23": 0.1607
  }
}