{
  "day": "2024-07-01",
  "data": {
    "0": 0.12054,
    "1": 0.11689,
    "2": 0.11085,
    "3": 0.11858,
    "4": 0.10034,
    "5": 0.10136,
    "6": 0.10772,
    "7": 0.14054,
    "8": 0.14406,
    "9": 0.11778,
    "10": 0.15963,
    "11": 0.15191,
    "12": 0.15147,
    "13": 0.15124,
    "14": 0.08743,
    "15": 0.08153,
    "16": 0.07665,
    "17": 0.08808,
    "18": 0.15109,
    "19": 0.16928,
    "20": 0.19637,
    "21": 0.20202,
    "22": 0.17101,
    "23": 0.1561
  }
}