{
  "day": "2024-07-05",
  "data": {
    "0": 0.12201,
    "1": 0.12309,
    "2": 0.12326,
    "3": 0.13015,
    "4": 0.13087,
    "5": 0.13207,
    "6": 0.13791,
    "7": 0.14933,
    "8": 0.15678,
    "9": 0.12324,
    "10": 0.14178,
    "11": 0.13483,
    "12": 0.11031,
    "13": 0.10534,
    "14": 0.05558,
    "15": 0.05285,
    "16": 0.05654,
    "17": 0.07556,
    "18": 0.15082,
    "19": 0.17958,
    "20": 0.19842,
    "21": 0.20922,
    "22": 0.17369,
    "23": 0.1557
  }
}