{
  "day": "2024-07-06",
  "data": {
    "0": 0.15401,
    "1": 0.14951,
    "2": 0.13238,
    "3": 0.12409,
    "4": 0.13012,
    "5": 0.12348,
    "6": 0.12314,
    "7": 0.12005,
    "8": 0.08752,
    "9": 0.04313,
    "10": 0.0379,
    "11": 0.03774,
    "12": 0.03713,
    "13": 0.03661,
    "14": 0.0374,
    "15": 0.03756,
    "16": 0.03787,
    "17": 0.03686,
    "18": 0.04025,
    "19": 0.04635,
    "20": 0.06469,
    "21": 0.08883,
    "22": 0.11076,
    "23": 0.09645
  }
}