{
  "day": "2024-07-07",
  "data": {
    "0": 0.10996,
    "1": 0.10263,
    "2": 0.09809,
    "3": 0.09873,
    "4": 0.09785,
    "5": 0.11102,
    "6": 0.11115,
    "7": 0.11808,
    "8": 0.08192,
    "9": 0.04959,
    "10": 0.04166,
    "11": 0.04115,
    "12": 0.04104,
    "13": 0.04129,
    "14": 0.04041,
    "15": 0.04067,
    "16": 0.04107,
    "17": 0.04115,
    "18": 0.04534,
    "19": 0.0854,
    "20": 0.11275,
    "21": 0.15306,
    "22": 0.15777,
    "23": 0.15284
  }
}