{
  "day": "2024-07-09",
  "data": {
    "0": 0.13478,
    "1": 0.11096,
    "2": 0.11688,
    "3": 0.11239,
    "4": 0.10539,
    "5": 0.10343,
    "6": 0.1186,
    "7": 0.1436,
    "8": 0.15242,
    "9": 0.13183,
    "10": 0.15161,
    "11": 0.14716,
    "12": 0.13713,
    "13": 0.12421,
    "14": 0.05665,
    "15": 0.06571,
    "16": 0.08344,
    "17": 0.10596,
    "18": 0.17155,
    "19": 0.19866,
    "20": 0.21857,
    "21": 0.23472,
    "22": 0.2112,
    "23": 0.18136
  }
}