{
  "day": "2024-07-12",
  "data": {
    "0": 0.12377,
    "1": 0.10954,
    "2": 0.11325,
    "3": 0.10006,
    "4": 0.09387,
    "5": 0.09788,
    "6": 0.10801,
    "7": 0.1149,
    "8": 0.13585,
    "9": 0.10985,
    "10": 0.15054,
    "11": 0.15025,
    "12": 0.1504,
    "13": 0.14966,
    "14": 0.09957,
    "15": 0.09397,
    "16": 0.08062,
    "17": 0.09859,
    "18": 0.15349,
    "19": 0.16609,
    "20": 0.1891,
    "21": 0.20441,
    "22": 0.15262,
    "23": 0.14513
  }
}