{
  "day": "2024-07-15",
  "data": {
    "0": 0.13745,
    "1": 0.12077,
    "2": 0.10634,
    "3": 0.10796,
    "4": 0.10745,
    "5": 0.10662,
    "6": 0.11302,
    "7": 0.14406,
    "8": 0.15301,
    "9": 0.12961,
    "10": 0.14835,
    "11": 0.12076,
    "12": 0.10937,
    "13": 0.10722,
    "14": 0.05891,
    "15": 0.06454,
    "16": 0.06306,
    "17": 0.07248,
    "18": 0.15391,
    "19": 0.17583,
    "20": 0.19873,
    "21": 0.22746,
    "22": 0.17921,
    "23": 0.16297
  }
}