{
  "day": "2024-07-16",
  "data": {
    "0": 0.1398,
    "1": 0.13172,
    "2": 0.13266,
    "3": 0.13237,
    "4": 0.13265,
    "5": 0.13485,
    "6": 0.13537,
    "7": 0.15951,
    "8": 0.15788,
    "9": 0.14474,
    "10": 0.17684,
    "11": 0.16476,
    "12": 0.16448,
    "13": 0.16375,
    "14": 0.11274,
    "15": 0.11226,
    "16": 0.11187,
    "17": 0.11247,
    "18": 0.17289,
    "19": 0.20836,
    "20": 0.21953,
    "21": 0.23505,
    "22": 0.17652,
    "23": 0.15984
  }
}