{
  "day": "2024-07-18",
  "data": {
    "0": 0.13704,
    "1": 0.12942,
    "2": 0.12493,
    "3": 0.12337,
    "4": 0.12328,
    "5": 0.12447,
    "6": 0.13621,
    "7": 0.14118,
    "8": 0.15871,
    "9": 0.14333,
    "10": 0.19338,
    "11": 0.1914,
    "12": 0.18626,
    "13": 0.18401,
    "14": 0.1324,
    "15": 0.12816,
    "16": 0.12925,
    "17": 0.13999,
    "18": 0.20852,
    "19": 0.22596,
    "20": 0.23587,
    "21": 0.24523,
    "22": 0.18051,
    "23": 0.16756
  }
}