{
  "day": "2024-07-20",
  "data": {
    "0": 0.14576,
    "1": 0.14266,
    "2": 0.14602,
    "3": 0.14291,
    "4": 0.14104,
    "5": 0.14023,
    "6": 0.14045,
    "7": 0.14508,
    "8": 0.11799,
    "9": 0.0909,
    "10": 0.03928,
    "11": 0.02895,
    "12": 0.02858,
    "13": 0.02781,
    "14": 0.02884,
    "15": 0.03159,
    "16": 0.03329,
    "17": 0.0353,
    "18": 0.03682,
    "19": 0.04362,
    "20": 0.10567,
    "21": 0.13579,
    "22": 0.13522,
    "23": 0.12778
  }
}