{
  "day": "2024-07-21",
  "data": {
    "0": 0.12084,
    "1": 0.10087,
    "2": 0.09301,
    "3": 0.09513,
    "4": 0.08706,
    "5": 0.08193,
    "6": 0.0834,
    "7": 0.08569,
    "8": 0.07904,
    "9": 0.04202,
    "10": 0.04055,
    "11": 0.03982,
    "12": 0.03945,
    "13": 0.03884,
    "14": 0.03844,
    "15": 0.04047,
    "16": 0.04083,
    "17": 0.0409,
    "18": 0.04027,
    "19": 0.07265,
    "20": 0.11197,
    "21": 0.15062,
    "22": 0.15132,
    "23": 0.15033
  }
}