{
  "day": "2024-07-22",
  "data": {
    "0": 0.13053,
    "1": 0.12628,
    "2": 0.11574,
    "3": 0.11334,
    "4": 0.11145,
    "5": 0.11688,
    "6": 0.12768,
    "7": 0.12905,
    "8": 0.15244,
    "9": 0.11818,
    "10": 0.16029,
    "11": 0.15755,
    "12": 0.15858,
    "13": 0.15857,
    "14": 0.10871,
    "15": 0.10926,
    "16": 0.10899,
    "17": 0.11005,
    "18": 0.16899,
    "19": 0.20068,
    "20": 0.21698,
    "21": 0.24554,
    "22": 0.17454,
    "23": 0.16294
  }
}