{
  "day": "2024-07-23",
  "data": {
    "0": 0.13252,
    "1": 0.1306,
    "2": 0.12619,
    "3": 0.12503,
    "4": 0.12788,
    "5": 0.13272,
    "6": 0.13512,
    "7": 0.1364,
    "8": 0.15696,
    "9": 0.1457,
    "10": 0.1736,
    "11": 0.16693,
    "12": 0.1718,
    "13": 0.17377,
    "14": 0.12602,
    "15": 0.1221,
    "16": 0.12201,
    "17": 0.1332,
    "18": 0.18977,
    "19": 0.20785,
    "20": 0.21211,
    "21": 0.22946,
    "22": 0.16655,
    "23": 0.16213
  }
}