{
  "day": "2024-07-24",
  "data": {
    "0": 0.13421,
    "1": 0.12978,
    "2": 0.12709,
    "3": 0.12687,
    "4": 0.12815,
    "5": 0.13037,
    "6": 0.13728,
    "7": 0.14045,
    "8": 0.15841,
    "9": 0.14654,
    "10": 0.18892,
    "11": 0.17651,
    "12": 0.1814,
    "13": 0.18348,
    "14": 0.13112,
    "15": 0.12674,
    "16": 0.12607,
    "17": 0.12719,
    "18": 0.17891,
    "19": 0.20279,
    "20": 0.21303,
    "21": 0.2302,
    "22": 0.16693,
    "23": 0.16155
  }
}