{
  "day": "2024-07-27",
  "data": {
    "0": 0.14274,
    "1": 0.14533,
    "2": 0.14075,
    "3": 0.14127,
    "4": 0.14121,
    "5": 0.1414,
    "6": 0.14344,
    "7": 0.14174,
    "8": 0.13867,
    "9": 0.10727,
    "10": 0.09087,
    "11": 0.08754,
    "12": 0.0607,
    "13": 0.03926,
    "14": 0.03938,
    "15": 0.04053,
    "16": 0.03623,
    "17": 0.05555,
    "18": 0.08576,
    "19": 0.1017,
    "20": 0.14681,
    "21": 0.16348,
    "22": 0.1599,
    "23": 0.14958
  }
}