{
  "day": "2024-07-29",
  "data": {
    "0": 0.14204,
    "1": 0.13811,
    "2": 0.13389,
    "3": 0.13308,
    "4": 0.13343,
    "5": 0.13386,
    "6": 0.13604,
    "7": 0.13871,
    "8": 0.16353,
    "9": 0.16253,
    "10": 0.2117,
    "11": 0.20683,
    "12": 0.20502,
    "13": 0.20024,
    "14": 0.14912,
    "15": 0.14283,
    "16": 0.14347,
    "17": 0.15285,
    "18": 0.2074,
    "19": 0.20804,
    "20": 0.21423,
    "21": 0.2396,
    "22": 0.18352,
    "23": 0.1638
  }
}