{
  "day": "2024-07-30",
  "data": {
    "0": 0.13948,
    "1": 0.1379,
    "2": 0.13735,
    "3": 0.1367,
    "4": 0.13687,
    "5": 0.13729,
    "6": 0.13841,
    "7": 0.14058,
    "8": 0.16275,
    "9": 0.15871,
    "10": 0.19333,
    "11": 0.17726,
    "12": 0.17583,
    "13": 0.17479,
    "14": 0.12488,
    "15": 0.11724,
    "16": 0.11362,
    "17": 0.12458,
    "18": 0.18759,
    "19": 0.21178,
    "20": 0.21718,
    "21": 0.25301,
    "22": 0.2042,
    "23": 0.17548
  }
}