{
  "day": "2025-02-01",
  "data": {
    "0": 0.19231,
    "1": 0.17925,
    "2": 0.17555,
    "3": 0.16691,
    "4": 0.15278,
    "5": 0.15635,
    "6": 0.15283,
    "7": 0.14387,
    "8": 0.15495,
    "9": 0.15719,
    "10": 0.09934,
    "11": 0.0383,
    "12": 0.0206,
    "13": 0.02073,
    "14": 0.0208,
    "15": 0.02234,
    "16": 0.07553,
    "17": 0.14855,
    "18": 0.18199,
    "19": 0.20508,
    "20": 0.1978,
    "21": 0.18697,
    "22": 0.18962,
    "23": 0.18252
  }
}