{
  "day": "2025-02-02",
  "data": {
    "0": 0.17115,
    "1": 0.16669,
    "2": 0.15812,
    "3": 0.156,
    "4": 0.15015,
    "5": 0.15971,
    "6": 0.15451,
    "7": 0.15878,
    "8": 0.16856,
    "9": 0.18868,
    "10": 0.15857,
    "11": 0.13328,
    "12": 0.11467,
    "13": 0.12311,
    "14": 0.12383,
    "15": 0.13097,
    "16": 0.14607,
    "17": 0.17254,
    "18": 0.19814,
    "19": 0.20864,
    "20": 0.19853,
    "21": 0.18907,
    "22": 0.18499,
    "23": 0.16944
  }
}