{
  "day": "2025-02-04",
  "data": {
    "0": 0.15737,
    "1": 0.15108,
    "2": 0.15086,
    "3": 0.14896,
    "4": 0.14816,
    "5": 0.15143,
    "6": 0.16989,
    "7": 0.21649,
    "8": 0.2703,
    "9": 0.20967,
    "10": 0.24127,
    "11": 0.21751,
    "12": 0.20462,
    "13": 0.20066,
    "14": 0.13314,
    "15": 0.13579,
    "16": 0.14417,
    "17": 0.17387,
    "18": 0.2902,
    "19": 0.34203,
    "20": 0.37235,
    "21": 0.27873,
    "22": 0.19178,
    "23": 0.18726
  }
}