{
  "day": "2025-02-07",
  "data": {
    "0": 0.1627,
    "1": 0.14673,
    "2": 0.14636,
    "3": 0.14,
    "4": 0.14101,
    "5": 0.14148,
    "6": 0.14953,
    "7": 0.17579,
    "8": 0.22857,
    "9": 0.20612,
    "10": 0.2238,
    "11": 0.21221,
    "12": 0.20547,
    "13": 0.2001,
    "14": 0.13246,
    "15": 0.13743,
    "16": 0.14156,
    "17": 0.16131,
    "18": 0.25912,
    "19": 0.27113,
    "20": 0.26502,
    "21": 0.25266,
    "22": 0.18711,
    "23": 0.1753
  }
}