{
  "day": "2025-02-08",
  "data": {
    "0": 0.14554,
    "1": 0.13643,
    "2": 0.13064,
    "3": 0.13393,
    "4": 0.12916,
    "5": 0.1304,
    "6": 0.13638,
    "7": 0.15276,
    "8": 0.1518,
    "9": 0.14054,
    "10": 0.10628,
    "11": 0.11864,
    "12": 0.08385,
    "13": 0.07297,
    "14": 0.06772,
    "15": 0.06286,
    "16": 0.09413,
    "17": 0.15292,
    "18": 0.20024,
    "19": 0.20648,
    "20": 0.20372,
    "21": 0.19158,
    "22": 0.18863,
    "23": 0.18573
  }
}