{
  "day": "2025-02-12",
  "data": {
    "0": 0.15458,
    "1": 0.14757,
    "2": 0.14925,
    "3": 0.14449,
    "4": 0.14189,
    "5": 0.14424,
    "6": 0.14771,
    "7": 0.1942,
    "8": 0.24481,
    "9": 0.20727,
    "10": 0.22135,
    "11": 0.19476,
    "12": 0.18084,
    "13": 0.18704,
    "14": 0.10511,
    "15": 0.1036,
    "16": 0.12804,
    "17": 0.15827,
    "18": 0.26823,
    "19": 0.32344,
    "20": 0.30323,
    "21": 0.27985,
    "22": 0.20995,
    "23": 0.19902
  }
}