{
  "day": "2025-02-17",
  "data": {
    "0": 0.14833,
    "1": 0.14433,
    "2": 0.15063,
    "3": 0.14744,
    "4": 0.14746,
    "5": 0.15039,
    "6": 0.15281,
    "7": 0.2365,
    "8": 0.26543,
    "9": 0.17872,
    "10": 0.22236,
    "11": 0.21837,
    "12": 0.21053,
    "13": 0.19681,
    "14": 0.13073,
    "15": 0.13305,
    "16": 0.1461,
    "17": 0.16846,
    "18": 0.29395,
    "19": 0.33799,
    "20": 0.31963,
    "21": 0.26656,
    "22": 0.1838,
    "23": 0.17487
  }
}