{
  "day": "2025-02-18",
  "data": {
    "0": 0.14945,
    "1": 0.13279,
    "2": 0.12183,
    "3": 0.11171,
    "4": 0.10422,
    "5": 0.10073,
    "6": 0.10925,
    "7": 0.13611,
    "8": 0.17038,
    "9": 0.13928,
    "10": 0.18704,
    "11": 0.16757,
    "12": 0.12569,
    "13": 0.1131,
    "14": 0.05162,
    "15": 0.07144,
    "16": 0.11466,
    "17": 0.14021,
    "18": 0.24358,
    "19": 0.29693,
    "20": 0.28131,
    "21": 0.26962,
    "22": 0.19496,
    "23": 0.18715
  }
}