{
  "day": "2025-02-19",
  "data": {
    "0": 0.13407,
    "1": 0.13117,
    "2": 0.13415,
    "3": 0.12912,
    "4": 0.12626,
    "5": 0.13088,
    "6": 0.14686,
    "7": 0.17496,
    "8": 0.22067,
    "9": 0.18414,
    "10": 0.22331,
    "11": 0.21653,
    "12": 0.21205,
    "13": 0.20097,
    "14": 0.1287,
    "15": 0.12938,
    "16": 0.14584,
    "17": 0.16734,
    "18": 0.26599,
    "19": 0.30702,
    "20": 0.33249,
    "21": 0.29126,
    "22": 0.19069,
    "23": 0.16928
  }
}