{
  "day": "2025-02-23",
  "data": {
    "0": 0.14015,
    "1": 0.13346,
    "2": 0.13508,
    "3": 0.13734,
    "4": 0.1358,
    "5": 0.13704,
    "6": 0.13995,
    "7": 0.13711,
    "8": 0.12997,
    "9": 0.11394,
    "10": 0.06187,
    "11": 0.04621,
    "12": 0.03502,
    "13": 0.04122,
    "14": 0.041,
    "15": 0.03266,
    "16": 0.04152,
    "17": 0.09409,
    "18": 0.15105,
    "19": 0.17046,
    "20": 0.18533,
    "21": 0.17468,
    "22": 0.15116,
    "23": 0.13224
  }
}