{
  "day": "2025-02-25",
  "data": {
    "0": 0.10656,
    "1": 0.10863,
    "2": 0.11028,
    "3": 0.10981,
    "4": 0.11869,
    "5": 0.12802,
    "6": 0.13671,
    "7": 0.16245,
    "8": 0.20111,
    "9": 0.18841,
    "10": 0.23249,
    "11": 0.21051,
    "12": 0.19478,
    "13": 0.18736,
    "14": 0.10817,
    "15": 0.10514,
    "16": 0.1086,
    "17": 0.13275,
    "18": 0.23158,
    "19": 0.26781,
    "20": 0.26504,
    "21": 0.25535,
    "22": 0.17343,
    "23": 0.15991
  }
}