{
  "day": "2025-02-26",
  "data": {
    "0": 0.13454,
    "1": 0.1179,
    "2": 0.12998,
    "3": 0.1201,
    "4": 0.12282,
    "5": 0.13221,
    "6": 0.14559,
    "7": 0.16971,
    "8": 0.19675,
    "9": 0.16021,
    "10": 0.17631,
    "11": 0.18203,
    "12": 0.1692,
    "13": 0.16513,
    "14": 0.09629,
    "15": 0.10127,
    "16": 0.11688,
    "17": 0.14533,
    "18": 0.24631,
    "19": 0.28936,
    "20": 0.36794,
    "21": 0.31457,
    "22": 0.18251,
    "23": 0.18368
  }
}