{
  "day": "2025-02-28",
  "data": {
    "0": 0.14768,
    "1": 0.14204,
    "2": 0.14201,
    "3": 0.13425,
    "4": 0.1334,
    "5": 0.13263,
    "6": 0.14489,
    "7": 0.16245,
    "8": 0.19718,
    "9": 0.16588,
    "10": 0.21469,
    "11": 0.20479,
    "12": 0.20209,
    "13": 0.18686,
    "14": 0.12852,
    "15": 0.13883,
    "16": 0.14407,
    "17": 0.16864,
    "18": 0.23891,
    "19": 0.27408,
    "20": 0.25282,
    "21": 0.23863,
    "22": 0.16569,
    "23": 0.15692
  }
}