{
  "day": "2022-01-01",
  "data": {
    "0": 0.20451,
    "1": 0.17135,
    "2": 0.1727,
    "3": 0.15607,
    "4": 0.15908,
    "5": 0.15728,
    "6": 0.15887,
    "7": 0.15758,
    "8": 0.15618,
    "9": 0.11896,
    "10": 0.12206,
    "11": 0.12797,
    "12": 0.1399,
    "13": 0.14195,
    "14": 0.14348,
    "15": 0.14769,
    "16": 0.17214,
    "17": 0.21224,
    "18": 0.24074,
    "19": 0.24433,
    "20": 0.24711,
    "21": 0.24838,
    "22": 0.24888,
    "23": 0.2291
  }
}