{
  "day": "2022-01-03",
  "data": {
    "0": 0.23741,
    "1": 0.21514,
    "2": 0.20871,
    "3": 0.20375,
    "4": 0.19649,
    "5": 0.20068,
    "6": 0.20287,
    "7": 0.20664,
    "8": 0.26511,
    "9": 0.25798,
    "10": 0.29868,
    "11": 0.28837,
    "12": 0.28407,
    "13": 0.27619,
    "14": 0.18977,
    "15": 0.17326,
    "16": 0.1903,
    "17": 0.21717,
    "18": 0.31966,
    "19": 0.32648,
    "20": 0.29516,
    "21": 0.2811,
    "22": 0.17933,
    "23": 0.16471
  }
}