{
  "day": "2022-01-06",
  "data": {
    "0": 0.27397,
    "1": 0.27438,
    "2": 0.26005,
    "3": 0.24779,
    "4": 0.23525,
    "5": 0.26543,
    "6": 0.2744,
    "7": 0.28548,
    "8": 0.28854,
    "9": 0.28262,
    "10": 0.27253,
    "11": 0.26294,
    "12": 0.25946,
    "13": 0.25912,
    "14": 0.25031,
    "15": 0.24551,
    "16": 0.26118,
    "17": 0.284,
    "18": 0.34792,
    "19": 0.35209,
    "20": 0.31889,
    "21": 0.29236,
    "22": 0.27692,
    "23": 0.27225
  }
}