{
  "day": "2022-01-08",
  "data": {
    "0": 0.34783,
    "1": 0.31443,
    "2": 0.29202,
    "3": 0.28861,
    "4": 0.27673,
    "5": 0.27613,
    "6": 0.27428,
    "7": 0.28059,
    "8": 0.28415,
    "9": 0.29587,
    "10": 0.28982,
    "11": 0.27362,
    "12": 0.26392,
    "13": 0.23943,
    "14": 0.22152,
    "15": 0.21472,
    "16": 0.21744,
    "17": 0.24906,
    "18": 0.26787,
    "19": 0.26997,
    "20": 0.26994,
    "21": 0.27,
    "22": 0.24349,
    "23": 0.19953
  }
}