{
  "day": "2022-01-11",
  "data": {
    "0": 0.27137,
    "1": 0.2628,
    "2": 0.25757,
    "3": 0.25226,
    "4": 0.25489,
    "5": 0.26592,
    "6": 0.28093,
    "7": 0.28584,
    "8": 0.33772,
    "9": 0.33695,
    "10": 0.3957,
    "11": 0.35879,
    "12": 0.35251,
    "13": 0.35221,
    "14": 0.28327,
    "15": 0.28413,
    "16": 0.29196,
    "17": 0.33071,
    "18": 0.42253,
    "19": 0.42491,
    "20": 0.42654,
    "21": 0.40636,
    "22": 0.31668,
    "23": 0.29902
  }
}