{
  "day": "2022-01-13",
  "data": {
    "0": 0.24457,
    "1": 0.24544,
    "2": 0.24566,
    "3": 0.24019,
    "4": 0.24514,
    "5": 0.24402,
    "6": 0.2465,
    "7": 0.27544,
    "8": 0.30959,
    "9": 0.30908,
    "10": 0.36903,
    "11": 0.36475,
    "12": 0.36185,
    "13": 0.36208,
    "14": 0.29298,
    "15": 0.29403,
    "16": 0.30286,
    "17": 0.31515,
    "18": 0.42118,
    "19": 0.42548,
    "20": 0.41321,
    "21": 0.38742,
    "22": 0.30365,
    "23": 0.29317
  }
}