{
  "day": "2022-01-14",
  "data": {
    "0": 0.26233,
    "1": 0.25781,
    "2": 0.25454,
    "3": 0.25059,
    "4": 0.25046,
    "5": 0.25515,
    "6": 0.26276,
    "7": 0.25691,
    "8": 0.28749,
    "9": 0.28557,
    "10": 0.34443,
    "11": 0.32378,
    "12": 0.32134,
    "13": 0.32212,
    "14": 0.25324,
    "15": 0.25664,
    "16": 0.27903,
    "17": 0.29066,
    "18": 0.38039,
    "19": 0.39062,
    "20": 0.39252,
    "21": 0.38172,
    "22": 0.30264,
    "23": 0.29079
  }
}