{
  "day": "2022-01-16",
  "data": {
    "0": 0.29217,
    "1": 0.28361,
    "2": 0.27519,
    "3": 0.26391,
    "4": 0.2518,
    "5": 0.25156,
    "6": 0.26384,
    "7": 0.26257,
    "8": 0.26029,
    "9": 0.26243,
    "10": 0.25901,
    "11": 0.25784,
    "12": 0.25923,
    "13": 0.24634,
    "14": 0.24296,
    "15": 0.25075,
    "16": 0.25796,
    "17": 0.28623,
    "18": 0.32788,
    "19": 0.33773,
    "20": 0.32741,
    "21": 0.31598,
    "22": 0.29221,
    "23": 0.27293
  }
}