{
  "day": "2022-01-19",
  "data": {
    "0": 0.28553,
    "1": 0.27715,
    "2": 0.26358,
    "3": 0.2526,
    "4": 0.24687,
    "5": 0.25339,
    "6": 0.28332,
    "7": 0.28332,
    "8": 0.3238,
    "9": 0.31319,
    "10": 0.36391,
    "11": 0.35364,
    "12": 0.354,
    "13": 0.35348,
    "14": 0.25243,
    "15": 0.2524,
    "16": 0.25848,
    "17": 0.29964,
    "18": 0.39494,
    "19": 0.42019,
    "20": 0.41415,
    "21": 0.37662,
    "22": 0.29173,
    "23": 0.27145
  }
}