{
  "day": "2022-01-20",
  "data": {
    "0": 0.25149,
    "1": 0.24345,
    "2": 0.23802,
    "3": 0.22879,
    "4": 0.22497,
    "5": 0.23369,
    "6": 0.2398,
    "7": 0.2602,
    "8": 0.29963,
    "9": 0.29733,
    "10": 0.35257,
    "11": 0.32745,
    "12": 0.31227,
    "13": 0.31184,
    "14": 0.23253,
    "15": 0.23031,
    "16": 0.23518,
    "17": 0.28253,
    "18": 0.36864,
    "19": 0.39701,
    "20": 0.37467,
    "21": 0.36196,
    "22": 0.26564,
    "23": 0.25468
  }
}