{
  "day": "2022-01-22",
  "data": {
    "0": 0.25079,
    "1": 0.23275,
    "2": 0.22544,
    "3": 0.22491,
    "4": 0.22577,
    "5": 0.22649,
    "6": 0.22648,
    "7": 0.22371,
    "8": 0.21894,
    "9": 0.2329,
    "10": 0.23772,
    "11": 0.2318,
    "12": 0.23261,
    "13": 0.24096,
    "14": 0.24002,
    "15": 0.24307,
    "16": 0.24801,
    "17": 0.26264,
    "18": 0.29105,
    "19": 0.31241,
    "20": 0.29017,
    "21": 0.27151,
    "22": 0.26042,
    "23": 0.25437
  }
}