{
  "day": "2022-01-23",
  "data": {
    "0": 0.25717,
    "1": 0.25048,
    "2": 0.24952,
    "3": 0.24123,
    "4": 0.24141,
    "5": 0.24195,
    "6": 0.24003,
    "7": 0.24973,
    "8": 0.2485,
    "9": 0.2512,
    "10": 0.24809,
    "11": 0.24791,
    "12": 0.24779,
    "13": 0.23608,
    "14": 0.23432,
    "15": 0.24262,
    "16": 0.24999,
    "17": 0.27659,
    "18": 0.30634,
    "19": 0.31217,
    "20": 0.31745,
    "21": 0.31509,
    "22": 0.28517,
    "23": 0.26272
  }
}