{
  "day": "2022-01-26",
  "data": {
    "0": 0.31252,
    "1": 0.30214,
    "2": 0.29976,
    "3": 0.29552,
    "4": 0.29219,
    "5": 0.3007,
    "6": 0.29578,
    "7": 0.29792,
    "8": 0.32943,
    "9": 0.32873,
    "10": 0.39185,
    "11": 0.38978,
    "12": 0.38645,
    "13": 0.38491,
    "14": 0.3114,
    "15": 0.31196,
    "16": 0.31895,
    "17": 0.32381,
    "18": 0.4018,
    "19": 0.40679,
    "20": 0.409,
    "21": 0.40278,
    "22": 0.32465,
    "23": 0.31489
  }
}