{
  "day": "2022-01-30",
  "data": {
    "0": 0.30497,
    "1": 0.29138,
    "2": 0.28854,
    "3": 0.2804,
    "4": 0.28015,
    "5": 0.28632,
    "6": 0.28769,
    "7": 0.29599,
    "8": 0.28833,
    "9": 0.29576,
    "10": 0.28569,
    "11": 0.29222,
    "12": 0.29732,
    "13": 0.28104,
    "14": 0.27223,
    "15": 0.26821,
    "16": 0.28473,
    "17": 0.29563,
    "18": 0.33308,
    "19": 0.33526,
    "20": 0.34168,
    "21": 0.33823,
    "22": 0.32769,
    "23": 0.3206
  }
}