{
  "day": "2022-01-31",
  "data": {
    "0": 0.31453,
    "1": 0.29405,
    "2": 0.26157,
    "3": 0.24641,
    "4": 0.23194,
    "5": 0.23097,
    "6": 0.25482,
    "7": 0.3025,
    "8": 0.34036,
    "9": 0.34034,
    "10": 0.40358,
    "11": 0.39753,
    "12": 0.39102,
    "13": 0.37261,
    "14": 0.28657,
    "15": 0.27197,
    "16": 0.27501,
    "17": 0.32862,
    "18": 0.41435,
    "19": 0.42193,
    "20": 0.41411,
    "21": 0.40092,
    "22": 0.3078,
    "23": 0.2899
  }
}