{
  "day": "2023-06-01",
  "data": {
    "0": 0.12571,
    "1": 0.11829,
    "2": 0.12028,
    "3": 0.12433,
    "4": 0.11513,
    "5": 0.11321,
    "6": 0.12072,
    "7": 0.13099,
    "8": 0.15624,
    "9": 0.14343,
    "10": 0.13063,
    "11": 0.1731,
    "12": 0.17303,
    "13": 0.17188,
    "14": 0.17073,
    "15": 0.12357,
    "16": 0.12252,
    "17": 0.12805,
    "18": 0.14571,
    "19": 0.20466,
    "20": 0.20846,
    "21": 0.20895,
    "22": 0.2076,
    "23": 0.15119
  }
}