{
  "day": "2023-06-02",
  "data": {
    "0": 0.12339,
    "1": 0.11349,
    "2": 0.11121,
    "3": 0.113,
    "4": 0.11004,
    "5": 0.11551,
    "6": 0.12442,
    "7": 0.12512,
    "8": 0.14968,
    "9": 0.14284,
    "10": 0.14584,
    "11": 0.18306,
    "12": 0.18209,
    "13": 0.18302,
    "14": 0.17971,
    "15": 0.1336,
    "16": 0.13686,
    "17": 0.14728,
    "18": 0.14658,
    "19": 0.19581,
    "20": 0.20596,
    "21": 0.20955,
    "22": 0.21001,
    "23": 0.1624
  }
}