{
  "day": "2023-06-03",
  "data": {
    "0": 0.12967,
    "1": 0.12063,
    "2": 0.1255,
    "3": 0.12733,
    "4": 0.13356,
    "5": 0.13164,
    "6": 0.12488,
    "7": 0.12321,
    "8": 0.11696,
    "9": 0.11459,
    "10": 0.10285,
    "11": 0.09015,
    "12": 0.08671,
    "13": 0.08903,
    "14": 0.08929,
    "15": 0.08588,
    "16": 0.086,
    "17": 0.093,
    "18": 0.11115,
    "19": 0.11371,
    "20": 0.11417,
    "21": 0.13762,
    "22": 0.13943,
    "23": 0.13072
  }
}