{
  "day": "2023-06-05",
  "data": {
    "0": 0.13328,
    "1": 0.12838,
    "2": 0.12906,
    "3": 0.13135,
    "4": 0.13043,
    "5": 0.11981,
    "6": 0.13018,
    "7": 0.13498,
    "8": 0.15707,
    "9": 0.14063,
    "10": 0.12865,
    "11": 0.16878,
    "12": 0.16745,
    "13": 0.16435,
    "14": 0.16529,
    "15": 0.12184,
    "16": 0.13027,
    "17": 0.14389,
    "18": 0.1458,
    "19": 0.19959,
    "20": 0.20711,
    "21": 0.20913,
    "22": 0.20592,
    "23": 0.14719
  }
}