{
  "day": "2023-06-06",
  "data": {
    "0": 0.1251,
    "1": 0.12311,
    "2": 0.12363,
    "3": 0.12003,
    "4": 0.11422,
    "5": 0.11393,
    "6": 0.12376,
    "7": 0.13218,
    "8": 0.15999,
    "9": 0.15095,
    "10": 0.14198,
    "11": 0.1824,
    "12": 0.17704,
    "13": 0.17247,
    "14": 0.16762,
    "15": 0.12646,
    "16": 0.13005,
    "17": 0.14133,
    "18": 0.15063,
    "19": 0.20049,
    "20": 0.20626,
    "21": 0.20641,
    "22": 0.20198,
    "23": 0.14897
  }
}