{
  "day": "2023-06-10",
  "data": {
    "0": 0.1258,
    "1": 0.12501,
    "2": 0.12477,
    "3": 0.12629,
    "4": 0.1267,
    "5": 0.12843,
    "6": 0.12927,
    "7": 0.12646,
    "8": 0.1256,
    "9": 0.11435,
    "10": 0.09931,
    "11": 0.09328,
    "12": 0.09087,
    "13": 0.08976,
    "14": 0.08242,
    "15": 0.07694,
    "16": 0.0759,
    "17": 0.08602,
    "18": 0.10866,
    "19": 0.11959,
    "20": 0.12904,
    "21": 0.14658,
    "22": 0.14928,
    "23": 0.13969
  }
}