{
  "day": "2023-06-11",
  "data": {
    "0": 0.12574,
    "1": 0.12585,
    "2": 0.12886,
    "3": 0.12761,
    "4": 0.12279,
    "5": 0.12739,
    "6": 0.12796,
    "7": 0.12615,
    "8": 0.11641,
    "9": 0.09824,
    "10": 0.08438,
    "11": 0.04991,
    "12": 0.04405,
    "13": 0.04918,
    "14": 0.04317,
    "15": 0.04408,
    "16": 0.03962,
    "17": 0.05973,
    "18": 0.10769,
    "19": 0.12749,
    "20": 0.14066,
    "21": 0.1474,
    "22": 0.14693,
    "23": 0.13767
  }
}