{
  "day": "2023-06-12",
  "data": {
    "0": 0.12744,
    "1": 0.11857,
    "2": 0.1193,
    "3": 0.11662,
    "4": 0.11906,
    "5": 0.12974,
    "6": 0.1396,
    "7": 0.14152,
    "8": 0.16218,
    "9": 0.16001,
    "10": 0.15032,
    "11": 0.19128,
    "12": 0.1877,
    "13": 0.1832,
    "14": 0.18105,
    "15": 0.13257,
    "16": 0.13332,
    "17": 0.14191,
    "18": 0.1501,
    "19": 0.19877,
    "20": 0.21468,
    "21": 0.2236,
    "22": 0.21318,
    "23": 0.15733
  }
}