{
  "day": "2023-06-14",
  "data": {
    "0": 0.13035,
    "1": 0.12375,
    "2": 0.12248,
    "3": 0.12311,
    "4": 0.12269,
    "5": 0.12932,
    "6": 0.13218,
    "7": 0.13329,
    "8": 0.14105,
    "9": 0.1258,
    "10": 0.12233,
    "11": 0.15454,
    "12": 0.16626,
    "13": 0.16925,
    "14": 0.16921,
    "15": 0.12402,
    "16": 0.12399,
    "17": 0.1277,
    "18": 0.13563,
    "19": 0.20386,
    "20": 0.20751,
    "21": 0.22164,
    "22": 0.22207,
    "23": 0.16604
  }
}