{
  "day": "2023-06-15",
  "data": {
    "0": 0.1433,
    "1": 0.13969,
    "2": 0.13864,
    "3": 0.13908,
    "4": 0.13866,
    "5": 0.13609,
    "6": 0.14155,
    "7": 0.14542,
    "8": 0.16846,
    "9": 0.16763,
    "10": 0.16612,
    "11": 0.20516,
    "12": 0.1985,
    "13": 0.19522,
    "14": 0.19523,
    "15": 0.15269,
    "16": 0.15613,
    "17": 0.15975,
    "18": 0.16267,
    "19": 0.21198,
    "20": 0.21685,
    "21": 0.25418,
    "22": 0.26107,
    "23": 0.18186
  }
}