{
  "day": "2023-06-23",
  "data": {
    "0": 0.1661,
    "1": 0.16026,
    "2": 0.14731,
    "3": 0.1419,
    "4": 0.1352,
    "5": 0.13868,
    "6": 0.1522,
    "7": 0.16609,
    "8": 0.19318,
    "9": 0.18286,
    "10": 0.16826,
    "11": 0.20358,
    "12": 0.19821,
    "13": 0.19187,
    "14": 0.18705,
    "15": 0.14133,
    "16": 0.1508,
    "17": 0.15321,
    "18": 0.17157,
    "19": 0.23876,
    "20": 0.25072,
    "21": 0.24621,
    "22": 0.24161,
    "23": 0.18628
  }
}