{
  "day": "2023-06-26",
  "data": {
    "0": 0.13243,
    "1": 0.13128,
    "2": 0.12186,
    "3": 0.1215,
    "4": 0.12333,
    "5": 0.12273,
    "6": 0.12568,
    "7": 0.14789,
    "8": 0.17346,
    "9": 0.16232,
    "10": 0.14681,
    "11": 0.18587,
    "12": 0.18518,
    "13": 0.1787,
    "14": 0.17361,
    "15": 0.12713,
    "16": 0.12749,
    "17": 0.14463,
    "18": 0.15883,
    "19": 0.21827,
    "20": 0.22398,
    "21": 0.23507,
    "22": 0.24019,
    "23": 0.18275
  }
}