{
  "day": "2025-02-03",
  "data": {
    "0": 0.15094,
    "1": 0.13598,
    "2": 0.13755,
    "3": 0.13961,
    "4": 0.13892,
    "5": 0.14166,
    "6": 0.13392,
    "7": 0.17265,
    "8": 0.21918,
    "9": 0.20374,
    "10": 0.15354,
    "11": 0.21046,
    "12": 0.21051,
    "13": 0.20818,
    "14": 0.20875,
    "15": 0.1572,
    "16": 0.16752,
    "17": 0.1906,
    "18": 0.26009,
    "19": 0.32697,
    "20": 0.3607,
    "21": 0.31115,
    "22": 0.26887,
    "23": 0.18643
  }
}