{
  "day": "2025-02-05",
  "data": {
    "0": 0.16447,
    "1": 0.15654,
    "2": 0.1556,
    "3": 0.15454,
    "4": 0.15865,
    "5": 0.16374,
    "6": 0.17562,
    "7": 0.20801,
    "8": 0.2453,
    "9": 0.20494,
    "10": 0.14866,
    "11": 0.15201,
    "12": 0.13076,
    "13": 0.13425,
    "14": 0.12879,
    "15": 0.07567,
    "16": 0.11377,
    "17": 0.17455,
    "18": 0.25368,
    "19": 0.31945,
    "20": 0.29548,
    "21": 0.27904,
    "22": 0.26672,
    "23": 0.19498
  }
}