{
  "day": "2025-02-06",
  "data": {
    "0": 0.15919,
    "1": 0.15895,
    "2": 0.15759,
    "3": 0.15311,
    "4": 0.15238,
    "5": 0.15774,
    "6": 0.1703,
    "7": 0.20834,
    "8": 0.26998,
    "9": 0.20359,
    "10": 0.15817,
    "11": 0.19787,
    "12": 0.19425,
    "13": 0.1903,
    "14": 0.1853,
    "15": 0.12468,
    "16": 0.15212,
    "17": 0.18383,
    "18": 0.22083,
    "19": 0.31269,
    "20": 0.36314,
    "21": 0.27876,
    "22": 0.2629,
    "23": 0.19262
  }
}