{
  "day": "2025-02-09",
  "data": {
    "0": 0.16969,
    "1": 0.15436,
    "2": 0.14785,
    "3": 0.14426,
    "4": 0.13702,
    "5": 0.13697,
    "6": 0.14578,
    "7": 0.15355,
    "8": 0.15215,
    "9": 0.13843,
    "10": 0.10105,
    "11": 0.09095,
    "12": 0.08413,
    "13": 0.09319,
    "14": 0.09347,
    "15": 0.09499,
    "16": 0.12512,
    "17": 0.15224,
    "18": 0.2098,
    "19": 0.20847,
    "20": 0.23223,
    "21": 0.21475,
    "22": 0.18958,
    "23": 0.17608
  }
}