{
  "day": "2025-02-10",
  "data": {
    "0": 0.15334,
    "1": 0.15758,
    "2": 0.15594,
    "3": 0.14938,
    "4": 0.14878,
    "5": 0.15302,
    "6": 0.17514,
    "7": 0.19119,
    "8": 0.23273,
    "9": 0.21111,
    "10": 0.19308,
    "11": 0.22374,
    "12": 0.22452,
    "13": 0.22316,
    "14": 0.21941,
    "15": 0.16044,
    "16": 0.16123,
    "17": 0.2694,
    "18": 0.21431,
    "19": 0.3016,
    "20": 0.32305,
    "21": 0.27564,
    "22": 0.26626,
    "23": 0.18497
  }
}