{
  "day": "2025-02-11",
  "data": {
    "0": 0.14803,
    "1": 0.15058,
    "2": 0.14928,
    "3": 0.14202,
    "4": 0.13772,
    "5": 0.13874,
    "6": 0.1545,
    "7": 0.18462,
    "8": 0.21726,
    "9": 0.20335,
    "10": 0.16847,
    "11": 0.23301,
    "12": 0.21818,
    "13": 0.21257,
    "14": 0.21779,
    "15": 0.15229,
    "16": 0.16961,
    "17": 0.20689,
    "18": 0.22865,
    "19": 0.31186,
    "20": 0.31888,
    "21": 0.27571,
    "22": 0.26352,
    "23": 0.18252
  }
}