{
  "day": "2025-02-13",
  "data": {
    "0": 0.15531,
    "1": 0.14837,
    "2": 0.15928,
    "3": 0.14844,
    "4": 0.14325,
    "5": 0.13301,
    "6": 0.15895,
    "7": 0.19115,
    "8": 0.25565,
    "9": 0.20185,
    "10": 0.14319,
    "11": 0.19951,
    "12": 0.19701,
    "13": 0.18621,
    "14": 0.18323,
    "15": 0.12277,
    "16": 0.13506,
    "17": 0.18004,
    "18": 0.24329,
    "19": 0.32066,
    "20": 0.32584,
    "21": 0.28648,
    "22": 0.26992,
    "23": 0.19321
  }
}