{
  "day": "2025-02-14",
  "data": {
    "0": 0.15866,
    "1": 0.15817,
    "2": 0.14869,
    "3": 0.13958,
    "4": 0.13478,
    "5": 0.14639,
    "6": 0.16096,
    "7": 0.19323,
    "8": 0.2508,
    "9": 0.18143,
    "10": 0.13645,
    "11": 0.1754,
    "12": 0.16388,
    "13": 0.16709,
    "14": 0.15547,
    "15": 0.09068,
    "16": 0.10488,
    "17": 0.16355,
    "18": 0.22563,
    "19": 0.33111,
    "20": 0.30942,
    "21": 0.2816,
    "22": 0.27368,
    "23": 0.19515
  }
}