{
  "day": "2025-02-15",
  "data": {
    "0": 0.1632,
    "1": 0.16174,
    "2": 0.15244,
    "3": 0.14654,
    "4": 0.14701,
    "5": 0.1471,
    "6": 0.1434,
    "7": 0.14588,
    "8": 0.14203,
    "9": 0.1244,
    "10": 0.09725,
    "11": 0.07785,
    "12": 0.05883,
    "13": 0.05022,
    "14": 0.04137,
    "15": 0.05151,
    "16": 0.07645,
    "17": 0.10624,
    "18": 0.14357,
    "19": 0.1668,
    "20": 0.16716,
    "21": 0.16312,
    "22": 0.16207,
    "23": 0.15638
  }
}