{
  "day": "2025-02-16",
  "data": {
    "0": 0.14062,
    "1": 0.13573,
    "2": 0.14493,
    "3": 0.14852,
    "4": 0.14436,
    "5": 0.14541,
    "6": 0.15255,
    "7": 0.15436,
    "8": 0.1507,
    "9": 0.123,
    "10": 0.09282,
    "11": 0.07857,
    "12": 0.0642,
    "13": 0.05813,
    "14": 0.04124,
    "15": 0.03185,
    "16": 0.06888,
    "17": 0.11474,
    "18": 0.16491,
    "19": 0.20683,
    "20": 0.19889,
    "21": 0.18289,
    "22": 0.18289,
    "23": 0.1783
  }
}