{
  "day": "2025-02-20",
  "data": {
    "0": 0.14157,
    "1": 0.13881,
    "2": 0.14019,
    "3": 0.12996,
    "4": 0.1289,
    "5": 0.1299,
    "6": 0.13929,
    "7": 0.15064,
    "8": 0.19595,
    "9": 0.16261,
    "10": 0.13214,
    "11": 0.16952,
    "12": 0.14757,
    "13": 0.137,
    "14": 0.12802,
    "15": 0.07249,
    "16": 0.10084,
    "17": 0.13513,
    "18": 0.18923,
    "19": 0.27385,
    "20": 0.28455,
    "21": 0.26231,
    "22": 0.22984,
    "23": 0.1535
  }
}