{
  "day": "2025-02-21",
  "data": {
    "0": 0.132,
    "1": 0.12901,
    "2": 0.10945,
    "3": 0.10733,
    "4": 0.09376,
    "5": 0.09192,
    "6": 0.10865,
    "7": 0.11612,
    "8": 0.14454,
    "9": 0.14041,
    "10": 0.1134,
    "11": 0.14025,
    "12": 0.12806,
    "13": 0.12546,
    "14": 0.12582,
    "15": 0.0615,
    "16": 0.06494,
    "17": 0.11202,
    "18": 0.12442,
    "19": 0.23692,
    "20": 0.22686,
    "21": 0.21129,
    "22": 0.21045,
    "23": 0.14867
  }
}