{
  "day": "2025-02-22",
  "data": {
    "0": 0.10365,
    "1": 0.09905,
    "2": 0.10175,
    "3": 0.09633,
    "4": 0.0939,
    "5": 0.10824,
    "6": 0.1082,
    "7": 0.11164,
    "8": 0.11417,
    "9": 0.11667,
    "10": 0.10274,
    "11": 0.10093,
    "12": 0.08556,
    "13": 0.07756,
    "14": 0.07438,
    "15": 0.07379,
    "16": 0.08297,
    "17": 0.12107,
    "18": 0.16948,
    "19": 0.177,
    "20": 0.16551,
    "21": 0.15695,
    "22": 0.15393,
    "23": 0.15291
  }
}