{
  "day": "2025-02-24",
  "data": {
    "0": 0.12254,
    "1": 0.11042,
    "2": 0.10387,
    "3": 0.0984,
    "4": 0.09526,
    "5": 0.10363,
    "6": 0.11851,
    "7": 0.14464,
    "8": 0.18158,
    "9": 0.16708,
    "10": 0.15208,
    "11": 0.2012,
    "12": 0.1802,
    "13": 0.15966,
    "14": 0.15055,
    "15": 0.08772,
    "16": 0.09829,
    "17": 0.12755,
    "18": 0.17485,
    "19": 0.29764,
    "20": 0.26793,
    "21": 0.24702,
    "22": 0.23131,
    "23": 0.14546
  }
}