{
  "day": "2025-02-27",
  "data": {
    "0": 0.14646,
    "1": 0.14453,
    "2": 0.13774,
    "3": 0.13281,
    "4": 0.12984,
    "5": 0.13207,
    "6": 0.14333,
    "7": 0.17169,
    "8": 0.22496,
    "9": 0.17689,
    "10": 0.15444,
    "11": 0.2093,
    "12": 0.19982,
    "13": 0.19308,
    "14": 0.19093,
    "15": 0.12813,
    "16": 0.14484,
    "17": 0.16307,
    "18": 0.18467,
    "19": 0.28539,
    "20": 0.35308,
    "21": 0.26453,
    "22": 0.23663,
    "23": 0.1634
  }
}