{
  "day": "2022-10-04",
  "data": {
    "0": 0.38506,
    "1": 0.36968,
    "2": 0.37734,
    "3": 0.3587,
    "4": 0.36973,
    "5": 0.38482,
    "6": 0.38733,
    "7": 0.42311,
    "8": 0.45614,
    "9": 0.42727,
    "10": 0.31449,
    "11": 0.33627,
    "12": 0.32906,
    "13": 0.33128,
    "14": 0.32933,
    "15": 0.27732,
    "16": 0.27978,
    "17": 0.29469,
    "18": 0.34168,
    "19": 0.47684,
    "20": 0.51253,
    "21": 0.49398,
    "22": 0.48979,
    "23": 0.40906
  }
}