{
  "day": "2022-10-05",
  "data": {
    "0": 0.42464,
    "1": 0.3904,
    "2": 0.36437,
    "3": 0.3524,
    "4": 0.32629,
    "5": 0.35223,
    "6": 0.37245,
    "7": 0.43595,
    "8": 0.46554,
    "9": 0.39474,
    "10": 0.3086,
    "11": 0.33594,
    "12": 0.33167,
    "13": 0.33032,
    "14": 0.33064,
    "15": 0.2867,
    "16": 0.29182,
    "17": 0.2999,
    "18": 0.31516,
    "19": 0.44493,
    "20": 0.47437,
    "21": 0.44022,
    "22": 0.3802,
    "23": 0.31552
  }
}