{
  "day": "2022-10-06",
  "data": {
    "0": 0.22738,
    "1": 0.22347,
    "2": 0.21349,
    "3": 0.21058,
    "4": 0.20475,
    "5": 0.20294,
    "6": 0.20055,
    "7": 0.21868,
    "8": 0.26199,
    "9": 0.23747,
    "10": 0.21796,
    "11": 0.25051,
    "12": 0.24834,
    "13": 0.25396,
    "14": 0.26194,
    "15": 0.21783,
    "16": 0.22082,
    "17": 0.23399,
    "18": 0.25463,
    "19": 0.38088,
    "20": 0.42037,
    "21": 0.4305,
    "22": 0.40064,
    "23": 0.32134
  }
}