{
  "day": "2022-10-10",
  "data": {
    "0": 0.24245,
    "1": 0.2398,
    "2": 0.24176,
    "3": 0.24658,
    "4": 0.24585,
    "5": 0.24304,
    "6": 0.24305,
    "7": 0.28269,
    "8": 0.34957,
    "9": 0.33782,
    "10": 0.31869,
    "11": 0.33447,
    "12": 0.32873,
    "13": 0.32951,
    "14": 0.33008,
    "15": 0.2839,
    "16": 0.28635,
    "17": 0.30297,
    "18": 0.33742,
    "19": 0.43473,
    "20": 0.46876,
    "21": 0.40973,
    "22": 0.40443,
    "23": 0.32088
  }
}