{
  "day": "2022-10-12",
  "data": {
    "0": 0.34029,
    "1": 0.31745,
    "2": 0.29688,
    "3": 0.29825,
    "4": 0.29993,
    "5": 0.29761,
    "6": 0.29046,
    "7": 0.27128,
    "8": 0.26415,
    "9": 0.2575,
    "10": 0.24336,
    "11": 0.21553,
    "12": 0.20556,
    "13": 0.21093,
    "14": 0.21469,
    "15": 0.21126,
    "16": 0.2138,
    "17": 0.23662,
    "18": 0.24906,
    "19": 0.25284,
    "20": 0.32033,
    "21": 0.32481,
    "22": 0.30835,
    "23": 0.27945
  }
}