{
  "day": "2022-10-13",
  "data": {
    "0": 0.27794,
    "1": 0.28448,
    "2": 0.28907,
    "3": 0.29701,
    "4": 0.30164,
    "5": 0.29501,
    "6": 0.28991,
    "7": 0.32374,
    "8": 0.3539,
    "9": 0.33206,
    "10": 0.2536,
    "11": 0.28641,
    "12": 0.27777,
    "13": 0.27655,
    "14": 0.28011,
    "15": 0.23026,
    "16": 0.23438,
    "17": 0.24736,
    "18": 0.27535,
    "19": 0.38047,
    "20": 0.37996,
    "21": 0.38792,
    "22": 0.40672,
    "23": 0.30841
  }
}