{
  "day": "2022-10-14",
  "data": {
    "0": 0.30361,
    "1": 0.27628,
    "2": 0.26923,
    "3": 0.25679,
    "4": 0.25588,
    "5": 0.25525,
    "6": 0.25529,
    "7": 0.28633,
    "8": 0.31572,
    "9": 0.29858,
    "10": 0.23668,
    "11": 0.26233,
    "12": 0.25904,
    "13": 0.25645,
    "14": 0.25726,
    "15": 0.20684,
    "16": 0.21206,
    "17": 0.22849,
    "18": 0.26568,
    "19": 0.3779,
    "20": 0.38429,
    "21": 0.40233,
    "22": 0.3879,
    "23": 0.33596
  }
}