{
  "day": "2022-10-15",
  "data": {
    "0": 0.24978,
    "1": 0.23761,
    "2": 0.23702,
    "3": 0.23909,
    "4": 0.23971,
    "5": 0.23997,
    "6": 0.23548,
    "7": 0.23354,
    "8": 0.23421,
    "9": 0.2165,
    "10": 0.20522,
    "11": 0.15648,
    "12": 0.14396,
    "13": 0.14044,
    "14": 0.12856,
    "15": 0.11353,
    "16": 0.11393,
    "17": 0.13058,
    "18": 0.16148,
    "19": 0.21602,
    "20": 0.25843,
    "21": 0.2445,
    "22": 0.24064,
    "23": 0.22733
  }
}