{
  "day": "2022-10-16",
  "data": {
    "0": 0.1887,
    "1": 0.17048,
    "2": 0.17156,
    "3": 0.17641,
    "4": 0.13511,
    "5": 0.13515,
    "6": 0.14211,
    "7": 0.17332,
    "8": 0.16399,
    "9": 0.1851,
    "10": 0.16916,
    "11": 0.12357,
    "12": 0.11688,
    "13": 0.11392,
    "14": 0.11102,
    "15": 0.10993,
    "16": 0.11411,
    "17": 0.11463,
    "18": 0.15838,
    "19": 0.16756,
    "20": 0.2011,
    "21": 0.19828,
    "22": 0.19166,
    "23": 0.18311
  }
}