{
  "day": "2022-10-18",
  "data": {
    "0": 0.18976,
    "1": 0.14823,
    "2": 0.13898,
    "3": 0.13438,
    "4": 0.12964,
    "5": 0.12367,
    "6": 0.16679,
    "7": 0.1941,
    "8": 0.2338,
    "9": 0.22403,
    "10": 0.1935,
    "11": 0.18973,
    "12": 0.18099,
    "13": 0.16476,
    "14": 0.15561,
    "15": 0.10602,
    "16": 0.11486,
    "17": 0.14436,
    "18": 0.20407,
    "19": 0.26458,
    "20": 0.28476,
    "21": 0.27883,
    "22": 0.26905,
    "23": 0.16658
  }
}