{
  "day": "2022-10-19",
  "data": {
    "0": 0.15768,
    "1": 0.14558,
    "2": 0.10148,
    "3": 0.09277,
    "4": 0.08598,
    "5": 0.07904,
    "6": 0.07801,
    "7": 0.09422,
    "8": 0.17778,
    "9": 0.12886,
    "10": 0.11877,
    "11": 0.15561,
    "12": 0.1492,
    "13": 0.14836,
    "14": 0.14725,
    "15": 0.1005,
    "16": 0.10733,
    "17": 0.12167,
    "18": 0.17111,
    "19": 0.22111,
    "20": 0.24801,
    "21": 0.23253,
    "22": 0.21865,
    "23": 0.12691
  }
}