{
  "day": "2022-10-20",
  "data": {
    "0": 0.10481,
    "1": 0.09766,
    "2": 0.09498,
    "3": 0.09068,
    "4": 0.09345,
    "5": 0.09218,
    "6": 0.09711,
    "7": 0.12973,
    "8": 0.17677,
    "9": 0.17856,
    "10": 0.16059,
    "11": 0.19501,
    "12": 0.17614,
    "13": 0.17267,
    "14": 0.16933,
    "15": 0.11723,
    "16": 0.12451,
    "17": 0.13253,
    "18": 0.15084,
    "19": 0.2037,
    "20": 0.22965,
    "21": 0.22018,
    "22": 0.19871,
    "23": 0.12891
  }
}