{
  "day": "2022-10-21",
  "data": {
    "0": 0.12001,
    "1": 0.10604,
    "2": 0.103,
    "3": 0.10399,
    "4": 0.11215,
    "5": 0.11773,
    "6": 0.12499,
    "7": 0.14408,
    "8": 0.18022,
    "9": 0.17822,
    "10": 0.17237,
    "11": 0.21775,
    "12": 0.21449,
    "13": 0.2109,
    "14": 0.21036,
    "15": 0.16318,
    "16": 0.16677,
    "17": 0.17352,
    "18": 0.16779,
    "19": 0.22503,
    "20": 0.2902,
    "21": 0.2456,
    "22": 0.22256,
    "23": 0.17628
  }
}