{
  "day": "2022-10-24",
  "data": {
    "0": 0.12868,
    "1": 0.11855,
    "2": 0.1201,
    "3": 0.13566,
    "4": 0.12251,
    "5": 0.12336,
    "6": 0.1477,
    "7": 0.1546,
    "8": 0.1911,
    "9": 0.18782,
    "10": 0.17128,
    "11": 0.21387,
    "12": 0.19534,
    "13": 0.18815,
    "14": 0.1902,
    "15": 0.14383,
    "16": 0.1514,
    "17": 0.17471,
    "18": 0.19497,
    "19": 0.26043,
    "20": 0.29653,
    "21": 0.2672,
    "22": 0.2331,
    "23": 0.15482
  }
}