{
  "day": "2022-10-26",
  "data": {
    "0": 0.12615,
    "1": 0.12112,
    "2": 0.11704,
    "3": 0.11711,
    "4": 0.1169,
    "5": 0.12066,
    "6": 0.12335,
    "7": 0.1718,
    "8": 0.21039,
    "9": 0.19337,
    "10": 0.18553,
    "11": 0.21442,
    "12": 0.20594,
    "13": 0.19297,
    "14": 0.19618,
    "15": 0.14783,
    "16": 0.15493,
    "17": 0.17861,
    "18": 0.19134,
    "19": 0.25656,
    "20": 0.24609,
    "21": 0.21597,
    "22": 0.20206,
    "23": 0.14407
  }
}