{
  "day": "2022-10-27",
  "data": {
    "0": 0.13405,
    "1": 0.13528,
    "2": 0.13619,
    "3": 0.13031,
    "4": 0.12852,
    "5": 0.13295,
    "6": 0.14482,
    "7": 0.1713,
    "8": 0.24208,
    "9": 0.20266,
    "10": 0.19045,
    "11": 0.22616,
    "12": 0.20955,
    "13": 0.2051,
    "14": 0.19958,
    "15": 0.14921,
    "16": 0.15027,
    "17": 0.17071,
    "18": 0.19784,
    "19": 0.26284,
    "20": 0.25005,
    "21": 0.24166,
    "22": 0.24029,
    "23": 0.16442
  }
}