{
  "day": "2022-10-30",
  "data": {
    "0": 0.18258,
    "1": 0.14576,
    "2": 0.14193,
    "3": 0.1444,
    "4": 0.14388,
    "5": 0.1414,
    "6": 0.14016,
    "7": 0.14531,
    "8": 0.15116,
    "9": 0.15462,
    "10": 0.17662,
    "11": 0.17742,
    "12": 0.17137,
    "13": 0.1699,
    "14": 0.17119,
    "15": 0.16461,
    "16": 0.16457,
    "17": 0.17952,
    "18": 0.19709,
    "19": 0.21587,
    "20": 0.2514,
    "21": 0.28103,
    "22": 0.26243,
    "23": 0.20008,
    "24": 0.18649
  }
}