{
  "day": "2025-12-03",
  "data": {
    "0": 0.12918,
    "1": 0.12485,
    "2": 0.12057,
    "3": 0.11158,
    "4": 0.11067,
    "5": 0.11461,
    "6": 0.12107,
    "7": 0.13534,
    "8": 0.16844,
    "9": 0.15108,
    "10": 0.19864,
    "11": 0.17159,
    "12": 0.15398,
    "13": 0.14576,
    "14": 0.07941,
    "15": 0.09786,
    "16": 0.12883,
    "17": 0.15507,
    "18": 0.23759,
    "19": 0.23544,
    "20": 0.23703,
    "21": 0.22941,
    "22": 0.15322,
    "23": 0.14222
  }
}