{
  "day": "2025-12-06",
  "data": {
    "0": 0.09188,
    "1": 0.08134,
    "2": 0.08062,
    "3": 0.0736,
    "4": 0.07154,
    "5": 0.07287,
    "6": 0.07574,
    "7": 0.0818,
    "8": 0.08966,
    "9": 0.09703,
    "10": 0.08866,
    "11": 0.08158,
    "12": 0.08217,
    "13": 0.07811,
    "14": 0.07831,
    "15": 0.08312,
    "16": 0.09482,
    "17": 0.11658,
    "18": 0.11854,
    "19": 0.12235,
    "20": 0.12735,
    "21": 0.12805,
    "22": 0.12427,
    "23": 0.10969
  }
}