{
  "day": "2025-12-11",
  "data": {
    "0": 0.13979,
    "1": 0.13008,
    "2": 0.12987,
    "3": 0.11647,
    "4": 0.11352,
    "5": 0.11465,
    "6": 0.12935,
    "7": 0.15487,
    "8": 0.18861,
    "9": 0.17373,
    "10": 0.20877,
    "11": 0.2,
    "12": 0.1975,
    "13": 0.1932,
    "14": 0.12835,
    "15": 0.13244,
    "16": 0.1517,
    "17": 0.17919,
    "18": 0.2424,
    "19": 0.24824,
    "20": 0.25815,
    "21": 0.25156,
    "22": 0.16757,
    "23": 0.1572
  }
}