{
  "day": "2025-12-12",
  "data": {
    "0": 0.12858,
    "1": 0.11432,
    "2": 0.11372,
    "3": 0.10947,
    "4": 0.11004,
    "5": 0.1161,
    "6": 0.12975,
    "7": 0.14493,
    "8": 0.18784,
    "9": 0.17713,
    "10": 0.23401,
    "11": 0.22948,
    "12": 0.22249,
    "13": 0.21797,
    "14": 0.1538,
    "15": 0.15001,
    "16": 0.15536,
    "17": 0.16753,
    "18": 0.24238,
    "19": 0.24014,
    "20": 0.23986,
    "21": 0.23496,
    "22": 0.15539,
    "23": 0.146
  }
}