{
  "day": "2025-12-14",
  "data": {
    "0": 0.12836,
    "1": 0.11811,
    "2": 0.11581,
    "3": 0.11531,
    "4": 0.11252,
    "5": 0.11133,
    "6": 0.11445,
    "7": 0.11859,
    "8": 0.12825,
    "9": 0.12357,
    "10": 0.11015,
    "11": 0.10102,
    "12": 0.10183,
    "13": 0.09806,
    "14": 0.09799,
    "15": 0.1054,
    "16": 0.11724,
    "17": 0.1375,
    "18": 0.14924,
    "19": 0.15094,
    "20": 0.15105,
    "21": 0.15056,
    "22": 0.14193,
    "23": 0.13458
  }
}