{
  "day": "2025-12-15",
  "data": {
    "0": 0.11908,
    "1": 0.10844,
    "2": 0.10925,
    "3": 0.10863,
    "4": 0.10515,
    "5": 0.10795,
    "6": 0.1211,
    "7": 0.13454,
    "8": 0.17102,
    "9": 0.16484,
    "10": 0.22059,
    "11": 0.2106,
    "12": 0.20603,
    "13": 0.20441,
    "14": 0.14555,
    "15": 0.15829,
    "16": 0.16529,
    "17": 0.16802,
    "18": 0.23763,
    "19": 0.24226,
    "20": 0.25284,
    "21": 0.24834,
    "22": 0.17732,
    "23": 0.16475
  }
}