{
  "day": "2025-12-17",
  "data": {
    "0": 0.11307,
    "1": 0.11353,
    "2": 0.11385,
    "3": 0.10686,
    "4": 0.10575,
    "5": 0.10733,
    "6": 0.13038,
    "7": 0.16188,
    "8": 0.21674,
    "9": 0.19101,
    "10": 0.21994,
    "11": 0.20806,
    "12": 0.20448,
    "13": 0.19878,
    "14": 0.13555,
    "15": 0.14531,
    "16": 0.16748,
    "17": 0.18193,
    "18": 0.26711,
    "19": 0.2665,
    "20": 0.28052,
    "21": 0.26801,
    "22": 0.18802,
    "23": 0.17288
  }
}