{
  "day": "2025-12-18",
  "data": {
    "0": 0.15001,
    "1": 0.14109,
    "2": 0.14054,
    "3": 0.12736,
    "4": 0.12376,
    "5": 0.12319,
    "6": 0.13395,
    "7": 0.13733,
    "8": 0.17052,
    "9": 0.15752,
    "10": 0.20054,
    "11": 0.16706,
    "12": 0.16067,
    "13": 0.14774,
    "14": 0.08487,
    "15": 0.11781,
    "16": 0.1422,
    "17": 0.16447,
    "18": 0.23943,
    "19": 0.24631,
    "20": 0.24953,
    "21": 0.24777,
    "22": 0.16599,
    "23": 0.15631
  }
}