{
  "day": "2025-12-21",
  "data": {
    "0": 0.09592,
    "1": 0.10551,
    "2": 0.1021,
    "3": 0.09735,
    "4": 0.09365,
    "5": 0.09266,
    "6": 0.09946,
    "7": 0.10594,
    "8": 0.11887,
    "9": 0.11229,
    "10": 0.10732,
    "11": 0.10565,
    "12": 0.1089,
    "13": 0.10282,
    "14": 0.10105,
    "15": 0.10651,
    "16": 0.11172,
    "17": 0.11679,
    "18": 0.12476,
    "19": 0.13273,
    "20": 0.13126,
    "21": 0.11906,
    "22": 0.11667,
    "23": 0.11132
  }
}