{
  "day": "2025-12-23",
  "data": {
    "0": 0.11232,
    "1": 0.1038,
    "2": 0.10469,
    "3": 0.09952,
    "4": 0.09625,
    "5": 0.10017,
    "6": 0.11193,
    "7": 0.11789,
    "8": 0.1603,
    "9": 0.16053,
    "10": 0.21682,
    "11": 0.20908,
    "12": 0.21018,
    "13": 0.2045,
    "14": 0.13889,
    "15": 0.14785,
    "16": 0.15081,
    "17": 0.15572,
    "18": 0.22555,
    "19": 0.22482,
    "20": 0.22908,
    "21": 0.22789,
    "22": 0.15605,
    "23": 0.13821
  }
}