{
  "day": "2025-12-27",
  "data": {
    "0": 0.14311,
    "1": 0.14159,
    "2": 0.1371,
    "3": 0.12484,
    "4": 0.12399,
    "5": 0.12313,
    "6": 0.1205,
    "7": 0.12133,
    "8": 0.12605,
    "9": 0.12824,
    "10": 0.11001,
    "11": 0.10322,
    "12": 0.1029,
    "13": 0.10302,
    "14": 0.10324,
    "15": 0.10613,
    "16": 0.12087,
    "17": 0.13212,
    "18": 0.14277,
    "19": 0.14673,
    "20": 0.13942,
    "21": 0.13097,
    "22": 0.12617,
    "23": 0.11908
  }
}