{
  "day": "2025-12-28",
  "data": {
    "0": 0.10836,
    "1": 0.11264,
    "2": 0.10496,
    "3": 0.09971,
    "4": 0.10405,
    "5": 0.10788,
    "6": 0.11857,
    "7": 0.12156,
    "8": 0.13343,
    "9": 0.13158,
    "10": 0.11944,
    "11": 0.11126,
    "12": 0.11754,
    "13": 0.11374,
    "14": 0.11522,
    "15": 0.12203,
    "16": 0.1335,
    "17": 0.14507,
    "18": 0.15289,
    "19": 0.15711,
    "20": 0.15702,
    "21": 0.15049,
    "22": 0.14397,
    "23": 0.13383
  }
}