{
  "day": "2025-12-31",
  "data": {
    "0": 0.14077,
    "1": 0.12752,
    "2": 0.12523,
    "3": 0.11756,
    "4": 0.11647,
    "5": 0.11816,
    "6": 0.12623,
    "7": 0.13093,
    "8": 0.17044,
    "9": 0.16911,
    "10": 0.22233,
    "11": 0.20747,
    "12": 0.20328,
    "13": 0.20313,
    "14": 0.1412,
    "15": 0.1521,
    "16": 0.16465,
    "17": 0.17139,
    "18": 0.25803,
    "19": 0.26658,
    "20": 0.26371,
    "21": 0.24521,
    "22": 0.16722,
    "23": 0.16059
  }
}