{
  "day": "2024-08-01",
  "data": {
    "0": 0.14638,
    "1": 0.14287,
    "2": 0.14212,
    "3": 0.1416,
    "4": 0.14122,
    "5": 0.14162,
    "6": 0.14579,
    "7": 0.14981,
    "8": 0.16977,
    "9": 0.16455,
    "10": 0.21489,
    "11": 0.19831,
    "12": 0.19285,
    "13": 0.19223,
    "14": 0.13855,
    "15": 0.13225,
    "16": 0.13182,
    "17": 0.1322,
    "18": 0.19821,
    "19": 0.21183,
    "20": 0.22275,
    "21": 0.24094,
    "22": 0.18321,
    "23": 0.17363
  }
}