{
  "day": "2024-08-02",
  "data": {
    "0": 0.1471,
    "1": 0.14776,
    "2": 0.14498,
    "3": 0.14562,
    "4": 0.14429,
    "5": 0.1441,
    "6": 0.14532,
    "7": 0.14622,
    "8": 0.16586,
    "9": 0.16019,
    "10": 0.18151,
    "11": 0.16719,
    "12": 0.17245,
    "13": 0.16084,
    "14": 0.10886,
    "15": 0.10303,
    "16": 0.10133,
    "17": 0.11154,
    "18": 0.16968,
    "19": 0.19631,
    "20": 0.22432,
    "21": 0.24133,
    "22": 0.19034,
    "23": 0.17824
  }
}