{
  "day": "2024-08-03",
  "data": {
    "0": 0.15985,
    "1": 0.15628,
    "2": 0.15512,
    "3": 0.15402,
    "4": 0.15218,
    "5": 0.15186,
    "6": 0.15298,
    "7": 0.15326,
    "8": 0.14418,
    "9": 0.10234,
    "10": 0.0592,
    "11": 0.04422,
    "12": 0.0374,
    "13": 0.02772,
    "14": 0.02563,
    "15": 0.03148,
    "16": 0.03172,
    "17": 0.04293,
    "18": 0.09047,
    "19": 0.11681,
    "20": 0.16955,
    "21": 0.18483,
    "22": 0.17865,
    "23": 0.17403
  }
}