{
  "day": "2024-08-04",
  "data": {
    "0": 0.1591,
    "1": 0.15594,
    "2": 0.14887,
    "3": 0.15447,
    "4": 0.15452,
    "5": 0.15546,
    "6": 0.15552,
    "7": 0.15521,
    "8": 0.14116,
    "9": 0.10606,
    "10": 0.03884,
    "11": 0.02323,
    "12": 0.02139,
    "13": 0.02585,
    "14": 0.03159,
    "15": 0.022,
    "16": 0.02144,
    "17": 0.04571,
    "18": 0.09626,
    "19": 0.11967,
    "20": 0.1639,
    "21": 0.1908,
    "22": 0.19262,
    "23": 0.18017
  }
}