{
  "day": "2024-08-06",
  "data": {
    "0": 0.14394,
    "1": 0.13972,
    "2": 0.12857,
    "3": 0.13987,
    "4": 0.13955,
    "5": 0.1428,
    "6": 0.15061,
    "7": 0.16119,
    "8": 0.17504,
    "9": 0.16263,
    "10": 0.20863,
    "11": 0.19231,
    "12": 0.18479,
    "13": 0.18388,
    "14": 0.13313,
    "15": 0.13234,
    "16": 0.13296,
    "17": 0.13463,
    "18": 0.19445,
    "19": 0.22127,
    "20": 0.22828,
    "21": 0.24265,
    "22": 0.18658,
    "23": 0.17699
  }
}