{
  "day": "2024-08-10",
  "data": {
    "0": 0.14838,
    "1": 0.14319,
    "2": 0.13693,
    "3": 0.15925,
    "4": 0.15606,
    "5": 0.15631,
    "6": 0.15602,
    "7": 0.15647,
    "8": 0.15464,
    "9": 0.1061,
    "10": 0.03575,
    "11": 0.02052,
    "12": 0.02225,
    "13": 0.02369,
    "14": 0.02416,
    "15": 0.02195,
    "16": 0.02204,
    "17": 0.0239,
    "18": 0.08104,
    "19": 0.11988,
    "20": 0.15538,
    "21": 0.17175,
    "22": 0.1678,
    "23": 0.15434
  }
}