{
  "day": "2024-08-16",
  "data": {
    "0": 0.14283,
    "1": 0.14202,
    "2": 0.12811,
    "3": 0.12654,
    "4": 0.14123,
    "5": 0.14249,
    "6": 0.14223,
    "7": 0.15156,
    "8": 0.16472,
    "9": 0.12721,
    "10": 0.17005,
    "11": 0.16812,
    "12": 0.16316,
    "13": 0.15634,
    "14": 0.10286,
    "15": 0.10909,
    "16": 0.11581,
    "17": 0.11701,
    "18": 0.17091,
    "19": 0.2166,
    "20": 0.236,
    "21": 0.24773,
    "22": 0.19203,
    "23": 0.18381
  }
}