{
  "day": "2024-08-17",
  "data": {
    "0": 0.15275,
    "1": 0.15221,
    "2": 0.15374,
    "3": 0.1499,
    "4": 0.14482,
    "5": 0.14055,
    "6": 0.1386,
    "7": 0.13858,
    "8": 0.13917,
    "9": 0.1081,
    "10": 0.10333,
    "11": 0.08258,
    "12": 0.07138,
    "13": 0.06405,
    "14": 0.06101,
    "15": 0.06454,
    "16": 0.07664,
    "17": 0.08641,
    "18": 0.10396,
    "19": 0.12721,
    "20": 0.14921,
    "21": 0.16508,
    "22": 0.15772,
    "23": 0.14923
  }
}