{
  "day": "2024-08-19",
  "data": {
    "0": 0.12859,
    "1": 0.11189,
    "2": 0.11185,
    "3": 0.11283,
    "4": 0.11214,
    "5": 0.11607,
    "6": 0.121,
    "7": 0.1503,
    "8": 0.17789,
    "9": 0.17209,
    "10": 0.18862,
    "11": 0.17701,
    "12": 0.17156,
    "13": 0.16989,
    "14": 0.12039,
    "15": 0.1178,
    "16": 0.1212,
    "17": 0.13326,
    "18": 0.2104,
    "19": 0.22355,
    "20": 0.24165,
    "21": 0.27284,
    "22": 0.19338,
    "23": 0.18614
  }
}