{
  "day": "2024-08-21",
  "data": {
    "0": 0.14515,
    "1": 0.12146,
    "2": 0.11884,
    "3": 0.10133,
    "4": 0.09517,
    "5": 0.10078,
    "6": 0.1205,
    "7": 0.14388,
    "8": 0.15857,
    "9": 0.11691,
    "10": 0.10459,
    "11": 0.10077,
    "12": 0.10295,
    "13": 0.141,
    "14": 0.10662,
    "15": 0.11548,
    "16": 0.12114,
    "17": 0.13867,
    "18": 0.21226,
    "19": 0.22387,
    "20": 0.24619,
    "21": 0.2867,
    "22": 0.22054,
    "23": 0.1966
  }
}