{
  "day": "2024-08-22",
  "data": {
    "0": 0.14922,
    "1": 0.14405,
    "2": 0.14766,
    "3": 0.14693,
    "4": 0.14687,
    "5": 0.1464,
    "6": 0.14959,
    "7": 0.15558,
    "8": 0.17444,
    "9": 0.16985,
    "10": 0.20952,
    "11": 0.18151,
    "12": 0.17997,
    "13": 0.18119,
    "14": 0.12996,
    "15": 0.12728,
    "16": 0.12651,
    "17": 0.13083,
    "18": 0.18806,
    "19": 0.22023,
    "20": 0.23953,
    "21": 0.2765,
    "22": 0.19628,
    "23": 0.17688
  }
}