{
  "day": "2024-08-24",
  "data": {
    "0": 0.15881,
    "1": 0.15739,
    "2": 0.14865,
    "3": 0.15157,
    "4": 0.14167,
    "5": 0.14051,
    "6": 0.14568,
    "7": 0.14779,
    "8": 0.12545,
    "9": 0.04619,
    "10": 0.02293,
    "11": 0.02241,
    "12": 0.02229,
    "13": 0.02213,
    "14": 0.02207,
    "15": 0.02219,
    "16": 0.02227,
    "17": 0.02639,
    "18": 0.04366,
    "19": 0.11177,
    "20": 0.15511,
    "21": 0.169,
    "22": 0.15055,
    "23": 0.14381
  }
}