{
  "day": "2024-08-25",
  "data": {
    "0": 0.12234,
    "1": 0.10806,
    "2": 0.10162,
    "3": 0.09159,
    "4": 0.05574,
    "5": 0.05372,
    "6": 0.06118,
    "7": 0.06104,
    "8": 0.05024,
    "9": 0.03485,
    "10": 0.03189,
    "11": 0.03108,
    "12": 0.0312,
    "13": 0.0316,
    "14": 0.03138,
    "15": 0.03149,
    "16": 0.03161,
    "17": 0.03221,
    "18": 0.05074,
    "19": 0.12321,
    "20": 0.15369,
    "21": 0.16786,
    "22": 0.16056,
    "23": 0.15199
  }
}