{
  "day": "2024-08-27",
  "data": {
    "0": 0.15969,
    "1": 0.15251,
    "2": 0.14833,
    "3": 0.14764,
    "4": 0.13969,
    "5": 0.13688,
    "6": 0.14279,
    "7": 0.15285,
    "8": 0.17299,
    "9": 0.16121,
    "10": 0.19657,
    "11": 0.18036,
    "12": 0.17595,
    "13": 0.17555,
    "14": 0.12394,
    "15": 0.1228,
    "16": 0.12303,
    "17": 0.13787,
    "18": 0.21826,
    "19": 0.22742,
    "20": 0.23151,
    "21": 0.26451,
    "22": 0.18032,
    "23": 0.17492
  }
}