{
  "day": "2021-09-03",
  "data": {
    "0": 0.17886,
    "1": 0.17645,
    "2": 0.17548,
    "3": 0.17546,
    "4": 0.17477,
    "5": 0.17426,
    "6": 0.17535,
    "7": 0.17644,
    "8": 0.21316,
    "9": 0.20978,
    "10": 0.29994,
    "11": 0.29676,
    "12": 0.29054,
    "13": 0.29182,
    "14": 0.19203,
    "15": 0.18631,
    "16": 0.18313,
    "17": 0.18613,
    "18": 0.29749,
    "19": 0.30744,
    "20": 0.30911,
    "21": 0.31259,
    "22": 0.21767,
    "23": 0.21495
  }
}