{
  "day": "2021-09-04",
  "data": {
    "0": 0.18659,
    "1": 0.18688,
    "2": 0.18597,
    "3": 0.18537,
    "4": 0.18597,
    "5": 0.18478,
    "6": 0.18561,
    "7": 0.18491,
    "8": 0.18224,
    "9": 0.17408,
    "10": 0.14969,
    "11": 0.14389,
    "12": 0.14328,
    "13": 0.14229,
    "14": 0.1392,
    "15": 0.13449,
    "16": 0.13443,
    "17": 0.13565,
    "18": 0.16268,
    "19": 0.18482,
    "20": 0.18788,
    "21": 0.18878,
    "22": 0.18754,
    "23": 0.18678
  }
}