{
  "day": "2021-09-07",
  "data": {
    "0": 0.16417,
    "1": 0.14553,
    "2": 0.14191,
    "3": 0.13882,
    "4": 0.13799,
    "5": 0.14077,
    "6": 0.16108,
    "7": 0.17808,
    "8": 0.21898,
    "9": 0.20862,
    "10": 0.29335,
    "11": 0.27784,
    "12": 0.26826,
    "13": 0.26478,
    "14": 0.17121,
    "15": 0.17103,
    "16": 0.17669,
    "17": 0.20064,
    "18": 0.30194,
    "19": 0.31251,
    "20": 0.31744,
    "21": 0.3179,
    "22": 0.22197,
    "23": 0.21724
  }
}