{
  "day": "2021-09-09",
  "data": {
    "0": 0.17832,
    "1": 0.17028,
    "2": 0.1627,
    "3": 0.15506,
    "4": 0.15392,
    "5": 0.15682,
    "6": 0.17388,
    "7": 0.18226,
    "8": 0.21887,
    "9": 0.21278,
    "10": 0.30383,
    "11": 0.30353,
    "12": 0.30391,
    "13": 0.30541,
    "14": 0.20781,
    "15": 0.20527,
    "16": 0.20288,
    "17": 0.21023,
    "18": 0.30965,
    "19": 0.31946,
    "20": 0.32138,
    "21": 0.32014,
    "22": 0.22385,
    "23": 0.21809
  }
}