{
  "day": "2021-09-10",
  "data": {
    "0": 0.19244,
    "1": 0.19027,
    "2": 0.18785,
    "3": 0.18658,
    "4": 0.18464,
    "5": 0.18656,
    "6": 0.18807,
    "7": 0.19378,
    "8": 0.23103,
    "9": 0.22594,
    "10": 0.31519,
    "11": 0.31175,
    "12": 0.31167,
    "13": 0.3112,
    "14": 0.21825,
    "15": 0.21633,
    "16": 0.21429,
    "17": 0.21673,
    "18": 0.31238,
    "19": 0.32187,
    "20": 0.32591,
    "21": 0.32612,
    "22": 0.23129,
    "23": 0.22857
  }
}