{
  "day": "2021-09-14",
  "data": {
    "0": 0.15491,
    "1": 0.1555,
    "2": 0.15385,
    "3": 0.15368,
    "4": 0.15237,
    "5": 0.1562,
    "6": 0.18662,
    "7": 0.19852,
    "8": 0.24036,
    "9": 0.23183,
    "10": 0.32462,
    "11": 0.32669,
    "12": 0.32835,
    "13": 0.32658,
    "14": 0.23196,
    "15": 0.23066,
    "16": 0.23141,
    "17": 0.23451,
    "18": 0.33438,
    "19": 0.33731,
    "20": 0.33838,
    "21": 0.33862,
    "22": 0.23936,
    "23": 0.23545
  }
}