{
  "day": "2021-09-15",
  "data": {
    "0": 0.21144,
    "1": 0.20849,
    "2": 0.20147,
    "3": 0.19923,
    "4": 0.19933,
    "5": 0.20199,
    "6": 0.20877,
    "7": 0.2193,
    "8": 0.25538,
    "9": 0.25305,
    "10": 0.34555,
    "11": 0.34416,
    "12": 0.34566,
    "13": 0.34106,
    "14": 0.24794,
    "15": 0.24772,
    "16": 0.24798,
    "17": 0.24775,
    "18": 0.34231,
    "19": 0.34833,
    "20": 0.35404,
    "21": 0.34605,
    "22": 0.24558,
    "23": 0.23342
  }
}