{
  "day": "2021-09-16",
  "data": {
    "0": 0.23063,
    "1": 0.22509,
    "2": 0.21754,
    "3": 0.21699,
    "4": 0.21665,
    "5": 0.21658,
    "6": 0.22203,
    "7": 0.23088,
    "8": 0.25567,
    "9": 0.24898,
    "10": 0.25243,
    "11": 0.25321,
    "12": 0.25259,
    "13": 0.25242,
    "14": 0.24119,
    "15": 0.23559,
    "16": 0.23284,
    "17": 0.23298,
    "18": 0.25625,
    "19": 0.26929,
    "20": 0.27006,
    "21": 0.27139,
    "22": 0.25711,
    "23": 0.25645
  }
}