{
  "day": "2021-09-17",
  "data": {
    "0": 0.21246,
    "1": 0.21042,
    "2": 0.19726,
    "3": 0.19536,
    "4": 0.19329,
    "5": 0.19615,
    "6": 0.21111,
    "7": 0.2182,
    "8": 0.24555,
    "9": 0.23704,
    "10": 0.24092,
    "11": 0.23214,
    "12": 0.22422,
    "13": 0.20048,
    "14": 0.18804,
    "15": 0.18831,
    "16": 0.18927,
    "17": 0.21836,
    "18": 0.24322,
    "19": 0.25174,
    "20": 0.25681,
    "21": 0.24986,
    "22": 0.2311,
    "23": 0.21088
  }
}