{
  "day": "2021-09-18",
  "data": {
    "0": 0.21928,
    "1": 0.21711,
    "2": 0.21133,
    "3": 0.19804,
    "4": 0.19372,
    "5": 0.19714,
    "6": 0.21209,
    "7": 0.20254,
    "8": 0.20105,
    "9": 0.1975,
    "10": 0.17539,
    "11": 0.16883,
    "12": 0.16881,
    "13": 0.16948,
    "14": 0.16404,
    "15": 0.1541,
    "16": 0.15403,
    "17": 0.16682,
    "18": 0.20035,
    "19": 0.23176,
    "20": 0.22795,
    "21": 0.22653,
    "22": 0.22296,
    "23": 0.21866
  }
}