{
  "day": "2021-09-19",
  "data": {
    "0": 0.20643,
    "1": 0.20137,
    "2": 0.20199,
    "3": 0.203,
    "4": 0.20322,
    "5": 0.20365,
    "6": 0.20335,
    "7": 0.20384,
    "8": 0.19041,
    "9": 0.16884,
    "10": 0.15595,
    "11": 0.14232,
    "12": 0.12674,
    "13": 0.14263,
    "14": 0.14861,
    "15": 0.12642,
    "16": 0.12676,
    "17": 0.15906,
    "18": 0.18132,
    "19": 0.20637,
    "20": 0.22435,
    "21": 0.22874,
    "22": 0.22431,
    "23": 0.22049
  }
}