{
  "day": "2021-09-20",
  "data": {
    "0": 0.19385,
    "1": 0.17908,
    "2": 0.17857,
    "3": 0.17864,
    "4": 0.17794,
    "5": 0.17656,
    "6": 0.20286,
    "7": 0.22179,
    "8": 0.24807,
    "9": 0.23592,
    "10": 0.23694,
    "11": 0.22503,
    "12": 0.21661,
    "13": 0.21042,
    "14": 0.19049,
    "15": 0.19632,
    "16": 0.19283,
    "17": 0.1944,
    "18": 0.212,
    "19": 0.25052,
    "20": 0.25895,
    "21": 0.25174,
    "22": 0.21489,
    "23": 0.19166
  }
}