{
  "day": "2021-09-23",
  "data": {
    "0": 0.19699,
    "1": 0.17189,
    "2": 0.16542,
    "3": 0.16388,
    "4": 0.16392,
    "5": 0.16529,
    "6": 0.19967,
    "7": 0.21078,
    "8": 0.24006,
    "9": 0.23358,
    "10": 0.24014,
    "11": 0.23952,
    "12": 0.24073,
    "13": 0.24116,
    "14": 0.22282,
    "15": 0.1844,
    "16": 0.1823,
    "17": 0.22285,
    "18": 0.2433,
    "19": 0.25702,
    "20": 0.26386,
    "21": 0.26204,
    "22": 0.24417,
    "23": 0.23629
  }
}