{
  "day": "2021-09-30",
  "data": {
    "0": 0.20583,
    "1": 0.19383,
    "2": 0.18116,
    "3": 0.18165,
    "4": 0.18356,
    "5": 0.19847,
    "6": 0.23168,
    "7": 0.24251,
    "8": 0.26483,
    "9": 0.26058,
    "10": 0.2633,
    "11": 0.2567,
    "12": 0.26005,
    "13": 0.26337,
    "14": 0.2481,
    "15": 0.24848,
    "16": 0.25208,
    "17": 0.25826,
    "18": 0.27458,
    "19": 0.29612,
    "20": 0.29789,
    "21": 0.29755,
    "22": 0.27655,
    "23": 0.27053
  }
}