{
  "day": "2023-08-01",
  "data": {
    "0": 0.13564,
    "1": 0.12931,
    "2": 0.12252,
    "3": 0.11696,
    "4": 0.11238,
    "5": 0.1129,
    "6": 0.12627,
    "7": 0.12529,
    "8": 0.15712,
    "9": 0.14347,
    "10": 0.13202,
    "11": 0.17979,
    "12": 0.17504,
    "13": 0.16756,
    "14": 0.16386,
    "15": 0.11951,
    "16": 0.11837,
    "17": 0.12436,
    "18": 0.13715,
    "19": 0.19889,
    "20": 0.21093,
    "21": 0.2209,
    "22": 0.2247,
    "23": 0.16755
  }
}