{
  "day": "2023-08-02",
  "data": {
    "0": 0.12472,
    "1": 0.12677,
    "2": 0.12689,
    "3": 0.12681,
    "4": 0.12495,
    "5": 0.12485,
    "6": 0.12426,
    "7": 0.12717,
    "8": 0.14892,
    "9": 0.13004,
    "10": 0.12133,
    "11": 0.16368,
    "12": 0.16333,
    "13": 0.1622,
    "14": 0.14557,
    "15": 0.07295,
    "16": 0.07723,
    "17": 0.10484,
    "18": 0.11942,
    "19": 0.16995,
    "20": 0.19286,
    "21": 0.19771,
    "22": 0.19857,
    "23": 0.15199
  }
}