{
  "day": "2023-08-08",
  "data": {
    "0": 0.13818,
    "1": 0.13742,
    "2": 0.13263,
    "3": 0.13196,
    "4": 0.12305,
    "5": 0.1239,
    "6": 0.12749,
    "7": 0.13082,
    "8": 0.1559,
    "9": 0.15349,
    "10": 0.14125,
    "11": 0.17922,
    "12": 0.179,
    "13": 0.17997,
    "14": 0.18033,
    "15": 0.13313,
    "16": 0.1333,
    "17": 0.13603,
    "18": 0.15373,
    "19": 0.20623,
    "20": 0.22241,
    "21": 0.2356,
    "22": 0.23425,
    "23": 0.18149
  }
}