{
  "day": "2023-08-09",
  "data": {
    "0": 0.14224,
    "1": 0.13333,
    "2": 0.13322,
    "3": 0.13091,
    "4": 0.12395,
    "5": 0.12673,
    "6": 0.1282,
    "7": 0.13675,
    "8": 0.1632,
    "9": 0.15424,
    "10": 0.1445,
    "11": 0.18394,
    "12": 0.18164,
    "13": 0.17855,
    "14": 0.17808,
    "15": 0.13165,
    "16": 0.13288,
    "17": 0.13688,
    "18": 0.15534,
    "19": 0.22362,
    "20": 0.23111,
    "21": 0.23949,
    "22": 0.23056,
    "23": 0.18516
  }
}