{
  "day": "2023-08-10",
  "data": {
    "0": 0.15196,
    "1": 0.14621,
    "2": 0.1447,
    "3": 0.14424,
    "4": 0.14323,
    "5": 0.14555,
    "6": 0.14704,
    "7": 0.14503,
    "8": 0.16379,
    "9": 0.1629,
    "10": 0.16314,
    "11": 0.18625,
    "12": 0.18509,
    "13": 0.18444,
    "14": 0.18345,
    "15": 0.13675,
    "16": 0.13628,
    "17": 0.14747,
    "18": 0.16096,
    "19": 0.21652,
    "20": 0.22811,
    "21": 0.23452,
    "22": 0.23474,
    "23": 0.17863
  }
}