{
  "day": "2023-08-11",
  "data": {
    "0": 0.15809,
    "1": 0.15733,
    "2": 0.15501,
    "3": 0.15435,
    "4": 0.15258,
    "5": 0.15255,
    "6": 0.15396,
    "7": 0.16127,
    "8": 0.19186,
    "9": 0.1753,
    "10": 0.16993,
    "11": 0.19871,
    "12": 0.19934,
    "13": 0.19901,
    "14": 0.1931,
    "15": 0.14532,
    "16": 0.14509,
    "17": 0.15431,
    "18": 0.17163,
    "19": 0.23011,
    "20": 0.2412,
    "21": 0.24002,
    "22": 0.22925,
    "23": 0.17855
  }
}