{
  "day": "2023-08-12",
  "data": {
    "0": 0.15509,
    "1": 0.14847,
    "2": 0.14586,
    "3": 0.14513,
    "4": 0.14561,
    "5": 0.14574,
    "6": 0.14923,
    "7": 0.14836,
    "8": 0.13953,
    "9": 0.1245,
    "10": 0.11398,
    "11": 0.10699,
    "12": 0.10654,
    "13": 0.10697,
    "14": 0.1057,
    "15": 0.10313,
    "16": 0.10088,
    "17": 0.1027,
    "18": 0.12056,
    "19": 0.1449,
    "20": 0.15318,
    "21": 0.16626,
    "22": 0.16412,
    "23": 0.16355
  }
}