{
  "day": "2023-08-13",
  "data": {
    "0": 0.14485,
    "1": 0.1355,
    "2": 0.13272,
    "3": 0.13389,
    "4": 0.12722,
    "5": 0.13409,
    "6": 0.1361,
    "7": 0.13229,
    "8": 0.12222,
    "9": 0.10672,
    "10": 0.06515,
    "11": 0.04089,
    "12": 0.043,
    "13": 0.0394,
    "14": 0.03355,
    "15": 0.03024,
    "16": 0.04357,
    "17": 0.10339,
    "18": 0.11119,
    "19": 0.13506,
    "20": 0.14999,
    "21": 0.16071,
    "22": 0.16047,
    "23": 0.15449
  }
}