{
  "day": "2023-08-15",
  "data": {
    "0": 0.15342,
    "1": 0.14942,
    "2": 0.13148,
    "3": 0.13084,
    "4": 0.13167,
    "5": 0.13739,
    "6": 0.14603,
    "7": 0.14892,
    "8": 0.14076,
    "9": 0.1228,
    "10": 0.11348,
    "11": 0.10486,
    "12": 0.10488,
    "13": 0.10338,
    "14": 0.10009,
    "15": 0.07167,
    "16": 0.10077,
    "17": 0.1092,
    "18": 0.11894,
    "19": 0.15274,
    "20": 0.16766,
    "21": 0.17398,
    "22": 0.16504,
    "23": 0.15474
  }
}