{
  "day": "2023-08-16",
  "data": {
    "0": 0.139,
    "1": 0.13078,
    "2": 0.12445,
    "3": 0.12299,
    "4": 0.12081,
    "5": 0.12351,
    "6": 0.15052,
    "7": 0.15986,
    "8": 0.18567,
    "9": 0.16597,
    "10": 0.15753,
    "11": 0.19536,
    "12": 0.19157,
    "13": 0.18659,
    "14": 0.18765,
    "15": 0.1444,
    "16": 0.15114,
    "17": 0.16184,
    "18": 0.17605,
    "19": 0.23227,
    "20": 0.24162,
    "21": 0.24476,
    "22": 0.23427,
    "23": 0.18633
  }
}