{
  "day": "2023-08-17",
  "data": {
    "0": 0.15704,
    "1": 0.15198,
    "2": 0.14539,
    "3": 0.14623,
    "4": 0.1572,
    "5": 0.16082,
    "6": 0.16584,
    "7": 0.16865,
    "8": 0.1911,
    "9": 0.17905,
    "10": 0.16449,
    "11": 0.19516,
    "12": 0.19073,
    "13": 0.18966,
    "14": 0.18957,
    "15": 0.14699,
    "16": 0.14992,
    "17": 0.15222,
    "18": 0.1536,
    "19": 0.23301,
    "20": 0.24199,
    "21": 0.24564,
    "22": 0.24522,
    "23": 0.19667
  }
}