{
  "day": "2023-08-19",
  "data": {
    "0": 0.15937,
    "1": 0.1575,
    "2": 0.15352,
    "3": 0.1478,
    "4": 0.14772,
    "5": 0.15381,
    "6": 0.15689,
    "7": 0.15773,
    "8": 0.15988,
    "9": 0.14668,
    "10": 0.12417,
    "11": 0.11689,
    "12": 0.11658,
    "13": 0.11658,
    "14": 0.11575,
    "15": 0.11633,
    "16": 0.11638,
    "17": 0.1184,
    "18": 0.13436,
    "19": 0.15979,
    "20": 0.17423,
    "21": 0.18094,
    "22": 0.17836,
    "23": 0.17259
  }
}