{
  "day": "2023-08-20",
  "data": {
    "0": 0.17218,
    "1": 0.17062,
    "2": 0.16968,
    "3": 0.16808,
    "4": 0.16831,
    "5": 0.16814,
    "6": 0.16753,
    "7": 0.15792,
    "8": 0.14877,
    "9": 0.13491,
    "10": 0.12147,
    "11": 0.11476,
    "12": 0.11409,
    "13": 0.11431,
    "14": 0.11408,
    "15": 0.11289,
    "16": 0.11372,
    "17": 0.12741,
    "18": 0.14633,
    "19": 0.16652,
    "20": 0.17701,
    "21": 0.17872,
    "22": 0.17263,
    "23": 0.17077
  }
}