{
  "day": "2023-08-21",
  "data": {
    "0": 0.1621,
    "1": 0.15422,
    "2": 0.14193,
    "3": 0.13392,
    "4": 0.13289,
    "5": 0.14467,
    "6": 0.15617,
    "7": 0.16898,
    "8": 0.19411,
    "9": 0.17227,
    "10": 0.16076,
    "11": 0.20277,
    "12": 0.20248,
    "13": 0.20215,
    "14": 0.19861,
    "15": 0.15213,
    "16": 0.15759,
    "17": 0.17702,
    "18": 0.18706,
    "19": 0.24633,
    "20": 0.26192,
    "21": 0.26085,
    "22": 0.24564,
    "23": 0.19269
  }
}