{
  "day": "2023-08-23",
  "data": {
    "0": 0.18367,
    "1": 0.17846,
    "2": 0.15551,
    "3": 0.14913,
    "4": 0.14563,
    "5": 0.14934,
    "6": 0.17624,
    "7": 0.19368,
    "8": 0.22163,
    "9": 0.19662,
    "10": 0.17747,
    "11": 0.21761,
    "12": 0.21655,
    "13": 0.21619,
    "14": 0.21695,
    "15": 0.17174,
    "16": 0.17715,
    "17": 0.19646,
    "18": 0.20088,
    "19": 0.26482,
    "20": 0.28251,
    "21": 0.29613,
    "22": 0.28504,
    "23": 0.20851
  }
}