{
  "day": "2023-08-25",
  "data": {
    "0": 0.14892,
    "1": 0.13535,
    "2": 0.13038,
    "3": 0.13107,
    "4": 0.12998,
    "5": 0.13552,
    "6": 0.15965,
    "7": 0.17206,
    "8": 0.2017,
    "9": 0.18948,
    "10": 0.17242,
    "11": 0.21267,
    "12": 0.20334,
    "13": 0.20064,
    "14": 0.1977,
    "15": 0.14821,
    "16": 0.14689,
    "17": 0.14667,
    "18": 0.14868,
    "19": 0.23324,
    "20": 0.25095,
    "21": 0.25146,
    "22": 0.23862,
    "23": 0.16853
  }
}