{
  "day": "2023-08-27",
  "data": {
    "0": 0.13933,
    "1": 0.13079,
    "2": 0.12986,
    "3": 0.12909,
    "4": 0.12335,
    "5": 0.12286,
    "6": 0.12234,
    "7": 0.11812,
    "8": 0.07797,
    "9": 0.03868,
    "10": 0.03024,
    "11": 0.02763,
    "12": 0.02725,
    "13": 0.02632,
    "14": 0.02539,
    "15": 0.0274,
    "16": 0.02764,
    "17": 0.02997,
    "18": 0.03201,
    "19": 0.07846,
    "20": 0.14074,
    "21": 0.16753,
    "22": 0.15772,
    "23": 0.14017
  }
}