{
  "day": "2023-08-28",
  "data": {
    "0": 0.12969,
    "1": 0.12595,
    "2": 0.12341,
    "3": 0.11911,
    "4": 0.11034,
    "5": 0.1254,
    "6": 0.1437,
    "7": 0.14989,
    "8": 0.1802,
    "9": 0.16636,
    "10": 0.14546,
    "11": 0.17659,
    "12": 0.1667,
    "13": 0.16946,
    "14": 0.16707,
    "15": 0.10414,
    "16": 0.09265,
    "17": 0.10433,
    "18": 0.14153,
    "19": 0.21677,
    "20": 0.2448,
    "21": 0.253,
    "22": 0.23834,
    "23": 0.17905
  }
}