{
  "day": "2023-08-30",
  "data": {
    "0": 0.14934,
    "1": 0.14714,
    "2": 0.13431,
    "3": 0.13088,
    "4": 0.13232,
    "5": 0.13322,
    "6": 0.15295,
    "7": 0.16184,
    "8": 0.19167,
    "9": 0.18411,
    "10": 0.17075,
    "11": 0.20505,
    "12": 0.20205,
    "13": 0.20015,
    "14": 0.19574,
    "15": 0.14718,
    "16": 0.14461,
    "17": 0.14723,
    "18": 0.16806,
    "19": 0.23629,
    "20": 0.24939,
    "21": 0.24762,
    "22": 0.23689,
    "23": 0.19036
  }
}