{
  "day": "2023-08-31",
  "data": {
    "0": 0.15339,
    "1": 0.14986,
    "2": 0.13869,
    "3": 0.13957,
    "4": 0.13969,
    "5": 0.14786,
    "6": 0.15913,
    "7": 0.16063,
    "8": 0.18873,
    "9": 0.17197,
    "10": 0.15343,
    "11": 0.19324,
    "12": 0.19091,
    "13": 0.19013,
    "14": 0.18863,
    "15": 0.14282,
    "16": 0.14551,
    "17": 0.15767,
    "18": 0.17287,
    "19": 0.23289,
    "20": 0.24894,
    "21": 0.24959,
    "22": 0.24306,
    "23": 0.18963
  }
}