{
  "day": "2023-09-01",
  "data": {
    "0": 0.15388,
    "1": 0.15129,
    "2": 0.14377,
    "3": 0.1445,
    "4": 0.14336,
    "5": 0.1442,
    "6": 0.14675,
    "7": 0.14851,
    "8": 0.17855,
    "9": 0.16806,
    "10": 0.15994,
    "11": 0.19946,
    "12": 0.19473,
    "13": 0.19114,
    "14": 0.18325,
    "15": 0.13191,
    "16": 0.13181,
    "17": 0.1389,
    "18": 0.16848,
    "19": 0.22737,
    "20": 0.23607,
    "21": 0.23757,
    "22": 0.22877,
    "23": 0.18268
  }
}