{
  "day": "2023-09-02",
  "data": {
    "0": 0.15603,
    "1": 0.14034,
    "2": 0.13477,
    "3": 0.12947,
    "4": 0.12703,
    "5": 0.12884,
    "6": 0.13066,
    "7": 0.13645,
    "8": 0.14503,
    "9": 0.14997,
    "10": 0.15426,
    "11": 0.12796,
    "12": 0.11646,
    "13": 0.11572,
    "14": 0.11487,
    "15": 0.11269,
    "16": 0.11401,
    "17": 0.12921,
    "18": 0.14484,
    "19": 0.15931,
    "20": 0.16757,
    "21": 0.17307,
    "22": 0.16056,
    "23": 0.14272
  }
}