{
  "day": "2023-09-03",
  "data": {
    "0": 0.14181,
    "1": 0.13696,
    "2": 0.12645,
    "3": 0.12221,
    "4": 0.11983,
    "5": 0.11979,
    "6": 0.11978,
    "7": 0.11916,
    "8": 0.1196,
    "9": 0.11627,
    "10": 0.0944,
    "11": 0.07348,
    "12": 0.0487,
    "13": 0.0372,
    "14": 0.02934,
    "15": 0.02746,
    "16": 0.02784,
    "17": 0.02908,
    "18": 0.04992,
    "19": 0.11674,
    "20": 0.14215,
    "21": 0.15177,
    "22": 0.14434,
    "23": 0.13704
  }
}