{
  "day": "2023-09-04",
  "data": {
    "0": 0.12318,
    "1": 0.11365,
    "2": 0.10413,
    "3": 0.09762,
    "4": 0.09384,
    "5": 0.09559,
    "6": 0.1253,
    "7": 0.15174,
    "8": 0.18359,
    "9": 0.17045,
    "10": 0.15341,
    "11": 0.18646,
    "12": 0.18187,
    "13": 0.17188,
    "14": 0.1551,
    "15": 0.10664,
    "16": 0.10712,
    "17": 0.12002,
    "18": 0.16039,
    "19": 0.22734,
    "20": 0.25057,
    "21": 0.24916,
    "22": 0.23248,
    "23": 0.18025
  }
}