{
  "day": "2023-09-05",
  "data": {
    "0": 0.1347,
    "1": 0.12408,
    "2": 0.12135,
    "3": 0.12126,
    "4": 0.12126,
    "5": 0.12249,
    "6": 0.13709,
    "7": 0.15394,
    "8": 0.18436,
    "9": 0.16582,
    "10": 0.14595,
    "11": 0.18678,
    "12": 0.1831,
    "13": 0.18137,
    "14": 0.1821,
    "15": 0.1396,
    "16": 0.14717,
    "17": 0.16099,
    "18": 0.17737,
    "19": 0.24917,
    "20": 0.25974,
    "21": 0.25162,
    "22": 0.24957,
    "23": 0.19104
  }
}