{
  "day": "2023-09-06",
  "data": {
    "0": 0.15102,
    "1": 0.14784,
    "2": 0.13953,
    "3": 0.13281,
    "4": 0.13181,
    "5": 0.13263,
    "6": 0.13662,
    "7": 0.15989,
    "8": 0.18219,
    "9": 0.16178,
    "10": 0.14278,
    "11": 0.18149,
    "12": 0.1785,
    "13": 0.17807,
    "14": 0.17777,
    "15": 0.13567,
    "16": 0.14599,
    "17": 0.1633,
    "18": 0.18143,
    "19": 0.24026,
    "20": 0.26269,
    "21": 0.24358,
    "22": 0.23302,
    "23": 0.17578
  }
}