{
  "day": "2023-09-07",
  "data": {
    "0": 0.15361,
    "1": 0.14362,
    "2": 0.12997,
    "3": 0.12659,
    "4": 0.12556,
    "5": 0.12541,
    "6": 0.13529,
    "7": 0.16513,
    "8": 0.18638,
    "9": 0.17027,
    "10": 0.15184,
    "11": 0.18674,
    "12": 0.18468,
    "13": 0.1816,
    "14": 0.18089,
    "15": 0.1363,
    "16": 0.14292,
    "17": 0.15928,
    "18": 0.17427,
    "19": 0.24087,
    "20": 0.25661,
    "21": 0.24478,
    "22": 0.24207,
    "23": 0.194
  }
}