{
  "day": "2023-09-09",
  "data": {
    "0": 0.16433,
    "1": 0.15334,
    "2": 0.14492,
    "3": 0.13436,
    "4": 0.13222,
    "5": 0.13216,
    "6": 0.14081,
    "7": 0.13772,
    "8": 0.13657,
    "9": 0.12251,
    "10": 0.11943,
    "11": 0.11103,
    "12": 0.10832,
    "13": 0.10238,
    "14": 0.0925,
    "15": 0.08522,
    "16": 0.11092,
    "17": 0.11652,
    "18": 0.13786,
    "19": 0.1636,
    "20": 0.17774,
    "21": 0.17683,
    "22": 0.17654,
    "23": 0.17029
  }
}