{
  "day": "2023-09-11",
  "data": {
    "0": 0.15621,
    "1": 0.15483,
    "2": 0.14357,
    "3": 0.14768,
    "4": 0.14964,
    "5": 0.1513,
    "6": 0.16244,
    "7": 0.16495,
    "8": 0.19888,
    "9": 0.18722,
    "10": 0.17585,
    "11": 0.20012,
    "12": 0.19461,
    "13": 0.19227,
    "14": 0.19044,
    "15": 0.1478,
    "16": 0.15644,
    "17": 0.17679,
    "18": 0.1794,
    "19": 0.23972,
    "20": 0.25708,
    "21": 0.25915,
    "22": 0.24068,
    "23": 0.18416
  }
}