{
  "day": "2023-09-12",
  "data": {
    "0": 0.15436,
    "1": 0.14445,
    "2": 0.14687,
    "3": 0.14495,
    "4": 0.14244,
    "5": 0.14758,
    "6": 0.15472,
    "7": 0.17224,
    "8": 0.20551,
    "9": 0.18353,
    "10": 0.17393,
    "11": 0.20319,
    "12": 0.19921,
    "13": 0.19783,
    "14": 0.19847,
    "15": 0.15611,
    "16": 0.16723,
    "17": 0.17726,
    "18": 0.1818,
    "19": 0.24432,
    "20": 0.25672,
    "21": 0.24576,
    "22": 0.22935,
    "23": 0.16984
  }
}