{
  "day": "2023-09-13",
  "data": {
    "0": 0.14722,
    "1": 0.13198,
    "2": 0.13047,
    "3": 0.1267,
    "4": 0.12582,
    "5": 0.12581,
    "6": 0.14025,
    "7": 0.1576,
    "8": 0.20237,
    "9": 0.18734,
    "10": 0.16252,
    "11": 0.19884,
    "12": 0.19656,
    "13": 0.19414,
    "14": 0.19325,
    "15": 0.14629,
    "16": 0.14807,
    "17": 0.15947,
    "18": 0.17768,
    "19": 0.23853,
    "20": 0.24458,
    "21": 0.24023,
    "22": 0.23358,
    "23": 0.17437
  }
}