{
  "day": "2023-09-14",
  "data": {
    "0": 0.1276,
    "1": 0.12468,
    "2": 0.12115,
    "3": 0.12284,
    "4": 0.12299,
    "5": 0.12599,
    "6": 0.14877,
    "7": 0.15975,
    "8": 0.18802,
    "9": 0.17891,
    "10": 0.15372,
    "11": 0.19162,
    "12": 0.19019,
    "13": 0.1891,
    "14": 0.18982,
    "15": 0.14517,
    "16": 0.1506,
    "17": 0.15021,
    "18": 0.1798,
    "19": 0.23807,
    "20": 0.25507,
    "21": 0.24001,
    "22": 0.23498,
    "23": 0.18827
  }
}