{
  "day": "2023-09-16",
  "data": {
    "0": 0.15707,
    "1": 0.15529,
    "2": 0.15037,
    "3": 0.13595,
    "4": 0.1369,
    "5": 0.12762,
    "6": 0.13666,
    "7": 0.13594,
    "8": 0.13841,
    "9": 0.1337,
    "10": 0.12103,
    "11": 0.11196,
    "12": 0.10754,
    "13": 0.1069,
    "14": 0.10375,
    "15": 0.10551,
    "16": 0.10897,
    "17": 0.11596,
    "18": 0.14169,
    "19": 0.15627,
    "20": 0.16221,
    "21": 0.16362,
    "22": 0.16112,
    "23": 0.15656
  }
}