{
  "day": "2023-09-17",
  "data": {
    "0": 0.15325,
    "1": 0.14615,
    "2": 0.12943,
    "3": 0.12078,
    "4": 0.12029,
    "5": 0.11986,
    "6": 0.12064,
    "7": 0.11915,
    "8": 0.11903,
    "9": 0.111,
    "10": 0.08386,
    "11": 0.05043,
    "12": 0.03282,
    "13": 0.03032,
    "14": 0.03058,
    "15": 0.03116,
    "16": 0.03182,
    "17": 0.03272,
    "18": 0.08101,
    "19": 0.12637,
    "20": 0.1627,
    "21": 0.15841,
    "22": 0.15038,
    "23": 0.13998
  }
}