{
  "day": "2023-09-19",
  "data": {
    "0": 0.16501,
    "1": 0.16074,
    "2": 0.14938,
    "3": 0.14395,
    "4": 0.13737,
    "5": 0.13962,
    "6": 0.15721,
    "7": 0.1648,
    "8": 0.19175,
    "9": 0.173,
    "10": 0.14903,
    "11": 0.19009,
    "12": 0.18905,
    "13": 0.1888,
    "14": 0.18595,
    "15": 0.14006,
    "16": 0.14133,
    "17": 0.14364,
    "18": 0.15573,
    "19": 0.22704,
    "20": 0.2497,
    "21": 0.25339,
    "22": 0.23937,
    "23": 0.17663
  }
}