{
  "day": "2023-09-20",
  "data": {
    "0": 0.14304,
    "1": 0.13101,
    "2": 0.14395,
    "3": 0.13838,
    "4": 0.13684,
    "5": 0.13641,
    "6": 0.14508,
    "7": 0.14951,
    "8": 0.17562,
    "9": 0.17522,
    "10": 0.16375,
    "11": 0.18514,
    "12": 0.18283,
    "13": 0.17713,
    "14": 0.15818,
    "15": 0.08964,
    "16": 0.08405,
    "17": 0.11542,
    "18": 0.14196,
    "19": 0.22177,
    "20": 0.22176,
    "21": 0.222,
    "22": 0.21833,
    "23": 0.15346
  }
}