{
  "day": "2023-09-21",
  "data": {
    "0": 0.1131,
    "1": 0.11197,
    "2": 0.11012,
    "3": 0.11018,
    "4": 0.10709,
    "5": 0.10809,
    "6": 0.11259,
    "7": 0.14405,
    "8": 0.17673,
    "9": 0.1663,
    "10": 0.1621,
    "11": 0.20015,
    "12": 0.19503,
    "13": 0.18831,
    "14": 0.18338,
    "15": 0.13545,
    "16": 0.13525,
    "17": 0.14865,
    "18": 0.16418,
    "19": 0.22644,
    "20": 0.22779,
    "21": 0.22391,
    "22": 0.21443,
    "23": 0.16216
  }
}