{
  "day": "2023-09-23",
  "data": {
    "0": 0.15971,
    "1": 0.15957,
    "2": 0.15896,
    "3": 0.16016,
    "4": 0.16035,
    "5": 0.15825,
    "6": 0.15975,
    "7": 0.16057,
    "8": 0.15823,
    "9": 0.14622,
    "10": 0.12469,
    "11": 0.11728,
    "12": 0.11184,
    "13": 0.10003,
    "14": 0.08789,
    "15": 0.10318,
    "16": 0.1124,
    "17": 0.12329,
    "18": 0.1545,
    "19": 0.17938,
    "20": 0.18666,
    "21": 0.19418,
    "22": 0.17711,
    "23": 0.16806
  }
}