{
  "day": "2023-09-24",
  "data": {
    "0": 0.17773,
    "1": 0.16691,
    "2": 0.16451,
    "3": 0.16335,
    "4": 0.15936,
    "5": 0.15991,
    "6": 0.16206,
    "7": 0.16146,
    "8": 0.15057,
    "9": 0.12199,
    "10": 0.03904,
    "11": 0.02853,
    "12": 0.02593,
    "13": 0.02491,
    "14": 0.02484,
    "15": 0.02599,
    "16": 0.03543,
    "17": 0.05977,
    "18": 0.1261,
    "19": 0.1721,
    "20": 0.1861,
    "21": 0.20378,
    "22": 0.18713,
    "23": 0.18273
  }
}