{
  "day": "2023-09-26",
  "data": {
    "0": 0.15858,
    "1": 0.14564,
    "2": 0.14332,
    "3": 0.15032,
    "4": 0.15134,
    "5": 0.16296,
    "6": 0.16987,
    "7": 0.17851,
    "8": 0.21088,
    "9": 0.19124,
    "10": 0.17113,
    "11": 0.20398,
    "12": 0.20265,
    "13": 0.20222,
    "14": 0.20182,
    "15": 0.15655,
    "16": 0.16655,
    "17": 0.18509,
    "18": 0.19777,
    "19": 0.26203,
    "20": 0.27659,
    "21": 0.27701,
    "22": 0.25248,
    "23": 0.20049
  }
}