{
  "day": "2023-09-27",
  "data": {
    "0": 0.15905,
    "1": 0.15985,
    "2": 0.15409,
    "3": 0.15287,
    "4": 0.14064,
    "5": 0.14174,
    "6": 0.15694,
    "7": 0.1702,
    "8": 0.20397,
    "9": 0.18912,
    "10": 0.16672,
    "11": 0.20089,
    "12": 0.19593,
    "13": 0.19214,
    "14": 0.18678,
    "15": 0.13558,
    "16": 0.14634,
    "17": 0.14659,
    "18": 0.16986,
    "19": 0.24114,
    "20": 0.28361,
    "21": 0.27743,
    "22": 0.2464,
    "23": 0.19765
  }
}