{
  "day": "2023-09-28",
  "data": {
    "0": 0.151,
    "1": 0.15375,
    "2": 0.15626,
    "3": 0.15369,
    "4": 0.15116,
    "5": 0.15688,
    "6": 0.16037,
    "7": 0.16603,
    "8": 0.19528,
    "9": 0.18826,
    "10": 0.151,
    "11": 0.19048,
    "12": 0.18521,
    "13": 0.18343,
    "14": 0.18966,
    "15": 0.15152,
    "16": 0.15364,
    "17": 0.1574,
    "18": 0.17901,
    "19": 0.24228,
    "20": 0.25813,
    "21": 0.257,
    "22": 0.23848,
    "23": 0.18346
  }
}