{
  "day": "2023-09-29",
  "data": {
    "0": 0.1532,
    "1": 0.15854,
    "2": 0.15975,
    "3": 0.16699,
    "4": 0.16718,
    "5": 0.15755,
    "6": 0.16662,
    "7": 0.17376,
    "8": 0.20125,
    "9": 0.17951,
    "10": 0.17055,
    "11": 0.20042,
    "12": 0.19804,
    "13": 0.1971,
    "14": 0.19716,
    "15": 0.14888,
    "16": 0.1574,
    "17": 0.1743,
    "18": 0.18379,
    "19": 0.25144,
    "20": 0.26115,
    "21": 0.25373,
    "22": 0.24006,
    "23": 0.19249
  }
}