{
  "day": "2023-09-30",
  "data": {
    "0": 0.16577,
    "1": 0.16624,
    "2": 0.1611,
    "3": 0.16805,
    "4": 0.16749,
    "5": 0.15959,
    "6": 0.15555,
    "7": 0.16014,
    "8": 0.15088,
    "9": 0.13898,
    "10": 0.12267,
    "11": 0.10179,
    "12": 0.0696,
    "13": 0.08332,
    "14": 0.06644,
    "15": 0.08578,
    "16": 0.11735,
    "17": 0.12735,
    "18": 0.152,
    "19": 0.16956,
    "20": 0.1869,
    "21": 0.19279,
    "22": 0.17311,
    "23": 0.16795
  }
}