{
  "day": "2021-12-02",
  "data": {
    "0": 0.29298,
    "1": 0.25652,
    "2": 0.24946,
    "3": 0.247,
    "4": 0.22544,
    "5": 0.24238,
    "6": 0.24844,
    "7": 0.29847,
    "8": 0.32809,
    "9": 0.32549,
    "10": 0.30295,
    "11": 0.27003,
    "12": 0.26746,
    "13": 0.25872,
    "14": 0.24551,
    "15": 0.2483,
    "16": 0.26051,
    "17": 0.32675,
    "18": 0.34113,
    "19": 0.36968,
    "20": 0.37537,
    "21": 0.37506,
    "22": 0.35289,
    "23": 0.33424
  }
}