{
  "day": "2021-12-04",
  "data": {
    "0": 0.3059,
    "1": 0.28575,
    "2": 0.262,
    "3": 0.24335,
    "4": 0.24369,
    "5": 0.24227,
    "6": 0.24444,
    "7": 0.26117,
    "8": 0.27644,
    "9": 0.28504,
    "10": 0.28346,
    "11": 0.27963,
    "12": 0.28209,
    "13": 0.27287,
    "14": 0.27029,
    "15": 0.26091,
    "16": 0.2772,
    "17": 0.30362,
    "18": 0.31044,
    "19": 0.30914,
    "20": 0.30125,
    "21": 0.30963,
    "22": 0.28888,
    "23": 0.2743
  }
}