{
  "day": "2021-12-05",
  "data": {
    "0": 0.22849,
    "1": 0.14696,
    "2": 0.11842,
    "3": 0.03155,
    "4": 0.02464,
    "5": 0.02324,
    "6": 0.02557,
    "7": 0.03357,
    "8": 0.11315,
    "9": 0.12043,
    "10": 0.11236,
    "11": 0.06094,
    "12": 0.03729,
    "13": 0.04167,
    "14": 0.03785,
    "15": 0.02485,
    "16": 0.11394,
    "17": 0.23072,
    "18": 0.27925,
    "19": 0.30306,
    "20": 0.3157,
    "21": 0.31723,
    "22": 0.3102,
    "23": 0.28834
  }
}