{
  "day": "2021-12-06",
  "data": {
    "0": 0.26118,
    "1": 0.249,
    "2": 0.24211,
    "3": 0.23481,
    "4": 0.2324,
    "5": 0.23136,
    "6": 0.23462,
    "7": 0.24305,
    "8": 0.24017,
    "9": 0.2394,
    "10": 0.24068,
    "11": 0.23974,
    "12": 0.23744,
    "13": 0.24108,
    "14": 0.24586,
    "15": 0.26171,
    "16": 0.28763,
    "17": 0.30984,
    "18": 0.31919,
    "19": 0.32525,
    "20": 0.33859,
    "21": 0.31038,
    "22": 0.30087,
    "23": 0.2856
  }
}