{
  "day": "2021-12-07",
  "data": {
    "0": 0.27969,
    "1": 0.2542,
    "2": 0.25426,
    "3": 0.25519,
    "4": 0.25518,
    "5": 0.27667,
    "6": 0.27097,
    "7": 0.28731,
    "8": 0.30912,
    "9": 0.30648,
    "10": 0.29189,
    "11": 0.29611,
    "12": 0.28327,
    "13": 0.2682,
    "14": 0.26674,
    "15": 0.2553,
    "16": 0.25696,
    "17": 0.2787,
    "18": 0.29625,
    "19": 0.31926,
    "20": 0.32483,
    "21": 0.31171,
    "22": 0.28573,
    "23": 0.25861
  }
}