{
  "day": "2021-12-10",
  "data": {
    "0": 0.23656,
    "1": 0.23193,
    "2": 0.17616,
    "3": 0.1409,
    "4": 0.13878,
    "5": 0.17441,
    "6": 0.23408,
    "7": 0.27112,
    "8": 0.32278,
    "9": 0.32392,
    "10": 0.32108,
    "11": 0.31894,
    "12": 0.29866,
    "13": 0.29729,
    "14": 0.29769,
    "15": 0.28683,
    "16": 0.31255,
    "17": 0.3266,
    "18": 0.33188,
    "19": 0.35377,
    "20": 0.35696,
    "21": 0.33578,
    "22": 0.32861,
    "23": 0.29401
  }
}