{
  "day": "2021-12-13",
  "data": {
    "0": 0.32186,
    "1": 0.29829,
    "2": 0.29076,
    "3": 0.28923,
    "4": 0.2868,
    "5": 0.30006,
    "6": 0.33373,
    "7": 0.35034,
    "8": 0.3768,
    "9": 0.37031,
    "10": 0.33768,
    "11": 0.34744,
    "12": 0.34647,
    "13": 0.34779,
    "14": 0.35008,
    "15": 0.34049,
    "16": 0.36525,
    "17": 0.38671,
    "18": 0.39917,
    "19": 0.41785,
    "20": 0.42242,
    "21": 0.40443,
    "22": 0.39223,
    "23": 0.35418
  }
}