{
  "day": "2021-12-14",
  "data": {
    "0": 0.36304,
    "1": 0.35666,
    "2": 0.34868,
    "3": 0.31994,
    "4": 0.31468,
    "5": 0.33248,
    "6": 0.35995,
    "7": 0.35995,
    "8": 0.38178,
    "9": 0.3776,
    "10": 0.36788,
    "11": 0.35748,
    "12": 0.36817,
    "13": 0.37342,
    "14": 0.3711,
    "15": 0.37025,
    "16": 0.37551,
    "17": 0.38685,
    "18": 0.40494,
    "19": 0.42437,
    "20": 0.42738,
    "21": 0.40364,
    "22": 0.39792,
    "23": 0.35834
  }
}