{
  "day": "2021-12-15",
  "data": {
    "0": 0.36987,
    "1": 0.35567,
    "2": 0.34857,
    "3": 0.33331,
    "4": 0.33267,
    "5": 0.35902,
    "6": 0.34839,
    "7": 0.36641,
    "8": 0.38687,
    "9": 0.38251,
    "10": 0.37697,
    "11": 0.38602,
    "12": 0.38054,
    "13": 0.38078,
    "14": 0.37067,
    "15": 0.36405,
    "16": 0.37617,
    "17": 0.38704,
    "18": 0.40131,
    "19": 0.42184,
    "20": 0.42597,
    "21": 0.41182,
    "22": 0.40652,
    "23": 0.36944
  }
}