{
  "day": "2021-12-18",
  "data": {
    "0": 0.38923,
    "1": 0.37947,
    "2": 0.38055,
    "3": 0.34578,
    "4": 0.34024,
    "5": 0.34873,
    "6": 0.35238,
    "7": 0.37745,
    "8": 0.38933,
    "9": 0.38852,
    "10": 0.38336,
    "11": 0.37854,
    "12": 0.37864,
    "13": 0.35981,
    "14": 0.35306,
    "15": 0.37249,
    "16": 0.38529,
    "17": 0.39522,
    "18": 0.41776,
    "19": 0.42364,
    "20": 0.42362,
    "21": 0.4054,
    "22": 0.39971,
    "23": 0.39725
  }
}