{
  "day": "2021-12-27",
  "data": {
    "0": 0.09527,
    "1": 0.04023,
    "2": 0.03977,
    "3": 0.03864,
    "4": 0.0389,
    "5": 0.0393,
    "6": 0.04443,
    "7": 0.14641,
    "8": 0.1802,
    "9": 0.21658,
    "10": 0.16791,
    "11": 0.17526,
    "12": 0.17005,
    "13": 0.16868,
    "14": 0.14474,
    "15": 0.15879,
    "16": 0.16982,
    "17": 0.27297,
    "18": 0.27683,
    "19": 0.27707,
    "20": 0.24574,
    "21": 0.20697,
    "22": 0.18412,
    "23": 0.16316
  }
}