{
  "day": "2021-12-29",
  "data": {
    "0": 0.15506,
    "1": 0.135,
    "2": 0.13711,
    "3": 0.1333,
    "4": 0.13727,
    "5": 0.16559,
    "6": 0.19282,
    "7": 0.24408,
    "8": 0.26684,
    "9": 0.26953,
    "10": 0.2686,
    "11": 0.28141,
    "12": 0.28283,
    "13": 0.28302,
    "14": 0.28465,
    "15": 0.26662,
    "16": 0.26719,
    "17": 0.27399,
    "18": 0.3042,
    "19": 0.32887,
    "20": 0.34814,
    "21": 0.33246,
    "22": 0.31074,
    "23": 0.27685
  }
}