{
  "day": "2021-12-30",
  "data": {
    "0": 0.2626,
    "1": 0.24856,
    "2": 0.24045,
    "3": 0.23734,
    "4": 0.23689,
    "5": 0.23634,
    "6": 0.25262,
    "7": 0.25607,
    "8": 0.29798,
    "9": 0.29438,
    "10": 0.2556,
    "11": 0.25514,
    "12": 0.25559,
    "13": 0.26173,
    "14": 0.26153,
    "15": 0.24393,
    "16": 0.25796,
    "17": 0.30228,
    "18": 0.33052,
    "19": 0.34315,
    "20": 0.33964,
    "21": 0.33023,
    "22": 0.28926,
    "23": 0.26069
  }
}