{
  "day": "2021-12-31",
  "data": {
    "0": 0.20139,
    "1": 0.1802,
    "2": 0.16539,
    "3": 0.16415,
    "4": 0.16095,
    "5": 0.16233,
    "6": 0.16732,
    "7": 0.17432,
    "8": 0.19937,
    "9": 0.20148,
    "10": 0.19221,
    "11": 0.17885,
    "12": 0.19047,
    "13": 0.19131,
    "14": 0.2125,
    "15": 0.19838,
    "16": 0.22107,
    "17": 0.25658,
    "18": 0.2667,
    "19": 0.27054,
    "20": 0.2614,
    "21": 0.25243,
    "22": 0.2128,
    "23": 0.18809
  }
}