{
  "day": "2023-02-03",
  "data": {
    "0": 0.17233,
    "1": 0.17173,
    "2": 0.16732,
    "3": 0.15313,
    "4": 0.15095,
    "5": 0.15447,
    "6": 0.17526,
    "7": 0.19609,
    "8": 0.23845,
    "9": 0.22639,
    "10": 0.20961,
    "11": 0.24697,
    "12": 0.24389,
    "13": 0.24044,
    "14": 0.23614,
    "15": 0.18695,
    "16": 0.19554,
    "17": 0.20965,
    "18": 0.23016,
    "19": 0.30941,
    "20": 0.2957,
    "21": 0.27028,
    "22": 0.27032,
    "23": 0.22002
  }
}