{
  "day": "2023-02-05",
  "data": {
    "0": 0.14994,
    "1": 0.14065,
    "2": 0.13672,
    "3": 0.13877,
    "4": 0.13786,
    "5": 0.13696,
    "6": 0.13599,
    "7": 0.1346,
    "8": 0.13256,
    "9": 0.11496,
    "10": 0.06333,
    "11": 0.04726,
    "12": 0.04717,
    "13": 0.04726,
    "14": 0.04663,
    "15": 0.04651,
    "16": 0.05092,
    "17": 0.12723,
    "18": 0.16216,
    "19": 0.18592,
    "20": 0.18976,
    "21": 0.19011,
    "22": 0.1841,
    "23": 0.16408
  }
}