{
  "day": "2023-02-06",
  "data": {
    "0": 0.15352,
    "1": 0.138,
    "2": 0.13779,
    "3": 0.13778,
    "4": 0.13777,
    "5": 0.13831,
    "6": 0.14918,
    "7": 0.19126,
    "8": 0.22897,
    "9": 0.21578,
    "10": 0.20551,
    "11": 0.24945,
    "12": 0.25205,
    "13": 0.25185,
    "14": 0.25061,
    "15": 0.20473,
    "16": 0.20647,
    "17": 0.21296,
    "18": 0.22976,
    "19": 0.2989,
    "20": 0.30939,
    "21": 0.28749,
    "22": 0.28007,
    "23": 0.21735
  }
}