{
  "day": "2023-02-07",
  "data": {
    "0": 0.18457,
    "1": 0.17916,
    "2": 0.16952,
    "3": 0.16598,
    "4": 0.16689,
    "5": 0.17781,
    "6": 0.15192,
    "7": 0.19199,
    "8": 0.22957,
    "9": 0.21647,
    "10": 0.19265,
    "11": 0.23937,
    "12": 0.23441,
    "13": 0.23692,
    "14": 0.23639,
    "15": 0.19186,
    "16": 0.1979,
    "17": 0.21387,
    "18": 0.22208,
    "19": 0.284,
    "20": 0.28543,
    "21": 0.27751,
    "22": 0.26464,
    "23": 0.19149
  }
}