{
  "day": "2023-02-09",
  "data": {
    "0": 0.19421,
    "1": 0.19212,
    "2": 0.18907,
    "3": 0.18714,
    "4": 0.18741,
    "5": 0.18958,
    "6": 0.18834,
    "7": 0.18885,
    "8": 0.21889,
    "9": 0.21262,
    "10": 0.20154,
    "11": 0.25067,
    "12": 0.25257,
    "13": 0.24984,
    "14": 0.24872,
    "15": 0.20364,
    "16": 0.20602,
    "17": 0.21263,
    "18": 0.219,
    "19": 0.27895,
    "20": 0.28281,
    "21": 0.27671,
    "22": 0.26868,
    "23": 0.21451
  }
}