{
  "day": "2023-02-10",
  "data": {
    "0": 0.18852,
    "1": 0.18895,
    "2": 0.18648,
    "3": 0.18722,
    "4": 0.18754,
    "5": 0.18973,
    "6": 0.18666,
    "7": 0.19161,
    "8": 0.23213,
    "9": 0.21277,
    "10": 0.20476,
    "11": 0.24833,
    "12": 0.24455,
    "13": 0.23309,
    "14": 0.23225,
    "15": 0.18612,
    "16": 0.19393,
    "17": 0.20677,
    "18": 0.21548,
    "19": 0.27011,
    "20": 0.27668,
    "21": 0.26862,
    "22": 0.26788,
    "23": 0.21409
  }
}