{
  "day": "2023-02-11",
  "data": {
    "0": 0.18468,
    "1": 0.18145,
    "2": 0.17674,
    "3": 0.18093,
    "4": 0.1805,
    "5": 0.17631,
    "6": 0.17953,
    "7": 0.17605,
    "8": 0.17957,
    "9": 0.17373,
    "10": 0.16424,
    "11": 0.15303,
    "12": 0.14611,
    "13": 0.14608,
    "14": 0.14059,
    "15": 0.13908,
    "16": 0.14672,
    "17": 0.1784,
    "18": 0.18564,
    "19": 0.20661,
    "20": 0.20868,
    "21": 0.20237,
    "22": 0.19607,
    "23": 0.18508
  }
}