{
  "day": "2023-02-12",
  "data": {
    "0": 0.1895,
    "1": 0.18702,
    "2": 0.18653,
    "3": 0.18274,
    "4": 0.18511,
    "5": 0.18583,
    "6": 0.18844,
    "7": 0.18739,
    "8": 0.18563,
    "9": 0.17838,
    "10": 0.16753,
    "11": 0.16505,
    "12": 0.16349,
    "13": 0.15819,
    "14": 0.15818,
    "15": 0.16387,
    "16": 0.17731,
    "17": 0.18655,
    "18": 0.20198,
    "19": 0.22131,
    "20": 0.21772,
    "21": 0.20223,
    "22": 0.19797,
    "23": 0.18933
  }
}