{
  "day": "2023-02-13",
  "data": {
    "0": 0.18854,
    "1": 0.18853,
    "2": 0.18596,
    "3": 0.17906,
    "4": 0.18072,
    "5": 0.1865,
    "6": 0.18107,
    "7": 0.19751,
    "8": 0.23053,
    "9": 0.21932,
    "10": 0.20977,
    "11": 0.24912,
    "12": 0.24729,
    "13": 0.24192,
    "14": 0.239,
    "15": 0.1948,
    "16": 0.20131,
    "17": 0.2097,
    "18": 0.22769,
    "19": 0.30105,
    "20": 0.30634,
    "21": 0.28671,
    "22": 0.27756,
    "23": 0.21982
  }
}