{
  "day": "2023-02-14",
  "data": {
    "0": 0.18141,
    "1": 0.17819,
    "2": 0.17632,
    "3": 0.17573,
    "4": 0.17556,
    "5": 0.17574,
    "6": 0.18133,
    "7": 0.19168,
    "8": 0.22763,
    "9": 0.21869,
    "10": 0.20953,
    "11": 0.25335,
    "12": 0.23968,
    "13": 0.23627,
    "14": 0.23582,
    "15": 0.19377,
    "16": 0.20484,
    "17": 0.21203,
    "18": 0.22294,
    "19": 0.28644,
    "20": 0.28827,
    "21": 0.27578,
    "22": 0.26657,
    "23": 0.21068
  }
}