{
  "day": "2023-02-16",
  "data": {
    "0": 0.19819,
    "1": 0.19424,
    "2": 0.19421,
    "3": 0.17674,
    "4": 0.17247,
    "5": 0.17904,
    "6": 0.19832,
    "7": 0.21007,
    "8": 0.24598,
    "9": 0.22834,
    "10": 0.22134,
    "11": 0.26145,
    "12": 0.2549,
    "13": 0.2336,
    "14": 0.23556,
    "15": 0.18705,
    "16": 0.19826,
    "17": 0.21753,
    "18": 0.22657,
    "19": 0.2841,
    "20": 0.27514,
    "21": 0.26798,
    "22": 0.25979,
    "23": 0.18971
  }
}