{
  "day": "2023-02-19",
  "data": {
    "0": 0.19311,
    "1": 0.17055,
    "2": 0.16762,
    "3": 0.16865,
    "4": 0.16859,
    "5": 0.16869,
    "6": 0.16751,
    "7": 0.1711,
    "8": 0.17086,
    "9": 0.1667,
    "10": 0.16119,
    "11": 0.15863,
    "12": 0.15558,
    "13": 0.15105,
    "14": 0.14836,
    "15": 0.15395,
    "16": 0.1612,
    "17": 0.19232,
    "18": 0.20555,
    "19": 0.20722,
    "20": 0.20076,
    "21": 0.19613,
    "22": 0.19115,
    "23": 0.17991
  }
}