{
  "day": "2023-02-20",
  "data": {
    "0": 0.16324,
    "1": 0.16765,
    "2": 0.16606,
    "3": 0.16537,
    "4": 0.16462,
    "5": 0.16911,
    "6": 0.17714,
    "7": 0.20261,
    "8": 0.23192,
    "9": 0.22393,
    "10": 0.21523,
    "11": 0.25199,
    "12": 0.22551,
    "13": 0.22418,
    "14": 0.21997,
    "15": 0.17549,
    "16": 0.18274,
    "17": 0.20709,
    "18": 0.22138,
    "19": 0.28532,
    "20": 0.27935,
    "21": 0.27013,
    "22": 0.2659,
    "23": 0.22135
  }
}