{
  "day": "2023-02-21",
  "data": {
    "0": 0.19852,
    "1": 0.19582,
    "2": 0.19252,
    "3": 0.18501,
    "4": 0.18315,
    "5": 0.19746,
    "6": 0.20683,
    "7": 0.20877,
    "8": 0.2378,
    "9": 0.23087,
    "10": 0.22642,
    "11": 0.26933,
    "12": 0.2594,
    "13": 0.24457,
    "14": 0.24909,
    "15": 0.19427,
    "16": 0.21637,
    "17": 0.22513,
    "18": 0.22945,
    "19": 0.29396,
    "20": 0.28741,
    "21": 0.27561,
    "22": 0.27052,
    "23": 0.21269
  }
}