{
  "day": "2023-02-23",
  "data": {
    "0": 0.18225,
    "1": 0.18218,
    "2": 0.18059,
    "3": 0.17595,
    "4": 0.17653,
    "5": 0.18017,
    "6": 0.2028,
    "7": 0.20989,
    "8": 0.23248,
    "9": 0.22749,
    "10": 0.2198,
    "11": 0.25787,
    "12": 0.23984,
    "13": 0.22936,
    "14": 0.22642,
    "15": 0.18064,
    "16": 0.18176,
    "17": 0.18993,
    "18": 0.22676,
    "19": 0.28069,
    "20": 0.27911,
    "21": 0.27644,
    "22": 0.27107,
    "23": 0.22109
  }
}