{
  "day": "2023-02-24",
  "data": {
    "0": 0.18044,
    "1": 0.17605,
    "2": 0.19173,
    "3": 0.17297,
    "4": 0.16893,
    "5": 0.18839,
    "6": 0.20279,
    "7": 0.20747,
    "8": 0.23629,
    "9": 0.23125,
    "10": 0.228,
    "11": 0.26842,
    "12": 0.25771,
    "13": 0.25289,
    "14": 0.24981,
    "15": 0.19079,
    "16": 0.18879,
    "17": 0.2189,
    "18": 0.23137,
    "19": 0.29392,
    "20": 0.29228,
    "21": 0.28001,
    "22": 0.27685,
    "23": 0.22608
  }
}