{
  "day": "2023-02-25",
  "data": {
    "0": 0.20702,
    "1": 0.19379,
    "2": 0.1912,
    "3": 0.18259,
    "4": 0.18551,
    "5": 0.18023,
    "6": 0.18298,
    "7": 0.19775,
    "8": 0.19872,
    "9": 0.20036,
    "10": 0.19372,
    "11": 0.18769,
    "12": 0.18394,
    "13": 0.16842,
    "14": 0.1595,
    "15": 0.15696,
    "16": 0.16093,
    "17": 0.1754,
    "18": 0.19865,
    "19": 0.21059,
    "20": 0.20778,
    "21": 0.20116,
    "22": 0.19481,
    "23": 0.19197
  }
}