{
  "day": "2023-02-27",
  "data": {
    "0": 0.14924,
    "1": 0.15126,
    "2": 0.14392,
    "3": 0.14468,
    "4": 0.14482,
    "5": 0.15224,
    "6": 0.15573,
    "7": 0.19289,
    "8": 0.21851,
    "9": 0.19445,
    "10": 0.16425,
    "11": 0.20756,
    "12": 0.20711,
    "13": 0.20696,
    "14": 0.19877,
    "15": 0.16222,
    "16": 0.16582,
    "17": 0.17326,
    "18": 0.21489,
    "19": 0.28332,
    "20": 0.29866,
    "21": 0.28269,
    "22": 0.27666,
    "23": 0.2181
  }
}