{
  "day": "2025-01-02",
  "data": {
    "0": 0.16777,
    "1": 0.15531,
    "2": 0.14096,
    "3": 0.14186,
    "4": 0.14185,
    "5": 0.13999,
    "6": 0.16101,
    "7": 0.16746,
    "8": 0.20194,
    "9": 0.20046,
    "10": 0.17548,
    "11": 0.23854,
    "12": 0.23588,
    "13": 0.22646,
    "14": 0.2331,
    "15": 0.1753,
    "16": 0.18657,
    "17": 0.1997,
    "18": 0.20845,
    "19": 0.27724,
    "20": 0.27806,
    "21": 0.27491,
    "22": 0.26973,
    "23": 0.19099
  }
}