{
  "day": "2025-01-06",
  "data": {
    "0": 0.06886,
    "1": 0.0664,
    "2": 0.06484,
    "3": 0.06411,
    "4": 0.06535,
    "5": 0.06888,
    "6": 0.074,
    "7": 0.10268,
    "8": 0.12079,
    "9": 0.12001,
    "10": 0.09509,
    "11": 0.08021,
    "12": 0.0723,
    "13": 0.06279,
    "14": 0.05155,
    "15": 0.0524,
    "16": 0.09205,
    "17": 0.12512,
    "18": 0.1454,
    "19": 0.16564,
    "20": 0.17299,
    "21": 0.17923,
    "22": 0.166,
    "23": 0.14848
  }
}