{
  "day": "2025-01-08",
  "data": {
    "0": 0.10738,
    "1": 0.10366,
    "2": 0.0982,
    "3": 0.08865,
    "4": 0.09638,
    "5": 0.10818,
    "6": 0.13424,
    "7": 0.15854,
    "8": 0.19435,
    "9": 0.18889,
    "10": 0.16609,
    "11": 0.22796,
    "12": 0.21825,
    "13": 0.20843,
    "14": 0.20819,
    "15": 0.14521,
    "16": 0.16098,
    "17": 0.16762,
    "18": 0.1784,
    "19": 0.25503,
    "20": 0.24829,
    "21": 0.23512,
    "22": 0.23613,
    "23": 0.15674
  }
}