{
  "day": "2025-01-10",
  "data": {
    "0": 0.13015,
    "1": 0.11098,
    "2": 0.10463,
    "3": 0.10016,
    "4": 0.10082,
    "5": 0.11634,
    "6": 0.13525,
    "7": 0.1556,
    "8": 0.1958,
    "9": 0.19281,
    "10": 0.17466,
    "11": 0.2291,
    "12": 0.22214,
    "13": 0.21795,
    "14": 0.22326,
    "15": 0.16357,
    "16": 0.17231,
    "17": 0.1864,
    "18": 0.19956,
    "19": 0.26384,
    "20": 0.25663,
    "21": 0.24295,
    "22": 0.24084,
    "23": 0.16926
  }
}