{
  "day": "2025-01-11",
  "data": {
    "0": 0.15056,
    "1": 0.14083,
    "2": 0.13888,
    "3": 0.12361,
    "4": 0.12027,
    "5": 0.12461,
    "6": 0.13489,
    "7": 0.11511,
    "8": 0.12711,
    "9": 0.14085,
    "10": 0.14512,
    "11": 0.12011,
    "12": 0.10908,
    "13": 0.09895,
    "14": 0.09229,
    "15": 0.08732,
    "16": 0.11332,
    "17": 0.15149,
    "18": 0.15121,
    "19": 0.15648,
    "20": 0.15229,
    "21": 0.15047,
    "22": 0.14916,
    "23": 0.14409
  }
}