{
  "day": "2025-01-13",
  "data": {
    "0": 0.14564,
    "1": 0.1377,
    "2": 0.13897,
    "3": 0.13635,
    "4": 0.13615,
    "5": 0.14262,
    "6": 0.16041,
    "7": 0.16949,
    "8": 0.23908,
    "9": 0.19737,
    "10": 0.17679,
    "11": 0.22555,
    "12": 0.2189,
    "13": 0.21153,
    "14": 0.21736,
    "15": 0.15936,
    "16": 0.17653,
    "17": 0.19528,
    "18": 0.20938,
    "19": 0.27688,
    "20": 0.26529,
    "21": 0.26242,
    "22": 0.25465,
    "23": 0.17332
  }
}