{
  "day": "2025-01-16",
  "data": {
    "0": 0.15065,
    "1": 0.1453,
    "2": 0.14193,
    "3": 0.13265,
    "4": 0.13274,
    "5": 0.14258,
    "6": 0.15527,
    "7": 0.17304,
    "8": 0.26055,
    "9": 0.20511,
    "10": 0.17417,
    "11": 0.22198,
    "12": 0.22403,
    "13": 0.227,
    "14": 0.22127,
    "15": 0.16131,
    "16": 0.16198,
    "17": 0.19385,
    "18": 0.23904,
    "19": 0.30017,
    "20": 0.27631,
    "21": 0.26356,
    "22": 0.25007,
    "23": 0.17157
  }
}