{
  "day": "2025-01-17",
  "data": {
    "0": 0.14827,
    "1": 0.14583,
    "2": 0.14314,
    "3": 0.13978,
    "4": 0.13984,
    "5": 0.14254,
    "6": 0.16109,
    "7": 0.17535,
    "8": 0.25766,
    "9": 0.2039,
    "10": 0.17272,
    "11": 0.2225,
    "12": 0.2232,
    "13": 0.21251,
    "14": 0.20967,
    "15": 0.15569,
    "16": 0.15954,
    "17": 0.1906,
    "18": 0.22891,
    "19": 0.29371,
    "20": 0.27398,
    "21": 0.26913,
    "22": 0.25464,
    "23": 0.18664
  }
}