{
  "day": "2025-01-20",
  "data": {
    "0": 0.14266,
    "1": 0.14092,
    "2": 0.13962,
    "3": 0.13763,
    "4": 0.13822,
    "5": 0.13791,
    "6": 0.16153,
    "7": 0.17423,
    "8": 0.20038,
    "9": 0.19994,
    "10": 0.19773,
    "11": 0.26861,
    "12": 0.26482,
    "13": 0.26273,
    "14": 0.26383,
    "15": 0.19987,
    "16": 0.19851,
    "17": 0.19769,
    "18": 0.20099,
    "19": 0.27185,
    "20": 0.28033,
    "21": 0.28675,
    "22": 0.26846,
    "23": 0.18695
  }
}