{
  "day": "2025-01-22",
  "data": {
    "0": 0.15061,
    "1": 0.14329,
    "2": 0.13439,
    "3": 0.12954,
    "4": 0.12848,
    "5": 0.13147,
    "6": 0.14663,
    "7": 0.16881,
    "8": 0.20257,
    "9": 0.20852,
    "10": 0.19182,
    "11": 0.25019,
    "12": 0.24254,
    "13": 0.23461,
    "14": 0.23604,
    "15": 0.17576,
    "16": 0.18784,
    "17": 0.1967,
    "18": 0.20989,
    "19": 0.28524,
    "20": 0.27156,
    "21": 0.27205,
    "22": 0.26188,
    "23": 0.19195
  }
}