{
  "day": "2025-01-23",
  "data": {
    "0": 0.14675,
    "1": 0.14229,
    "2": 0.14386,
    "3": 0.13451,
    "4": 0.13433,
    "5": 0.13911,
    "6": 0.15132,
    "7": 0.1625,
    "8": 0.20753,
    "9": 0.20425,
    "10": 0.1908,
    "11": 0.25041,
    "12": 0.24156,
    "13": 0.22666,
    "14": 0.22259,
    "15": 0.16067,
    "16": 0.17646,
    "17": 0.19558,
    "18": 0.21224,
    "19": 0.31671,
    "20": 0.307,
    "21": 0.27728,
    "22": 0.26455,
    "23": 0.17487
  }
}