{
  "day": "2025-01-28",
  "data": {
    "0": 0.05378,
    "1": 0.05349,
    "2": 0.05594,
    "3": 0.05477,
    "4": 0.05473,
    "5": 0.05448,
    "6": 0.05612,
    "7": 0.05991,
    "8": 0.10531,
    "9": 0.0965,
    "10": 0.07155,
    "11": 0.13558,
    "12": 0.13403,
    "13": 0.13151,
    "14": 0.1317,
    "15": 0.06643,
    "16": 0.06982,
    "17": 0.0824,
    "18": 0.13088,
    "19": 0.21939,
    "20": 0.20792,
    "21": 0.19439,
    "22": 0.17815,
    "23": 0.10163
  }
}