{
  "day": "2025-01-29",
  "data": {
    "0": 0.06018,
    "1": 0.04764,
    "2": 0.04698,
    "3": 0.04599,
    "4": 0.04588,
    "5": 0.04532,
    "6": 0.08383,
    "7": 0.12519,
    "8": 0.18378,
    "9": 0.14273,
    "10": 0.11074,
    "11": 0.17988,
    "12": 0.15769,
    "13": 0.13158,
    "14": 0.13013,
    "15": 0.06888,
    "16": 0.10123,
    "17": 0.11596,
    "18": 0.15414,
    "19": 0.26825,
    "20": 0.27979,
    "21": 0.26252,
    "22": 0.23654,
    "23": 0.12044
  }
}