{
  "day": "2025-01-30",
  "data": {
    "0": 0.11559,
    "1": 0.09877,
    "2": 0.0921,
    "3": 0.06098,
    "4": 0.05296,
    "5": 0.05116,
    "6": 0.08731,
    "7": 0.1094,
    "8": 0.1665,
    "9": 0.12308,
    "10": 0.06504,
    "11": 0.12889,
    "12": 0.12626,
    "13": 0.12358,
    "14": 0.12378,
    "15": 0.05877,
    "16": 0.06163,
    "17": 0.09096,
    "18": 0.15366,
    "19": 0.23445,
    "20": 0.2595,
    "21": 0.25378,
    "22": 0.24129,
    "23": 0.15666
  }
}