{
  "day": "2025-01-31",
  "data": {
    "0": 0.09167,
    "1": 0.10542,
    "2": 0.10834,
    "3": 0.10702,
    "4": 0.10728,
    "5": 0.12176,
    "6": 0.12972,
    "7": 0.16301,
    "8": 0.21484,
    "9": 0.15545,
    "10": 0.12295,
    "11": 0.15683,
    "12": 0.15575,
    "13": 0.15484,
    "14": 0.14841,
    "15": 0.09068,
    "16": 0.11716,
    "17": 0.17345,
    "18": 0.25705,
    "19": 0.31663,
    "20": 0.29708,
    "21": 0.28561,
    "22": 0.27808,
    "23": 0.20193
  }
}