{
  "day": "2021-11-01",
  "data": {
    "0": 0.11638,
    "1": 0.09029,
    "2": 0.07875,
    "3": 0.05528,
    "4": 0.04811,
    "5": 0.07837,
    "6": 0.0964,
    "7": 0.11506,
    "8": 0.12632,
    "9": 0.12093,
    "10": 0.1124,
    "11": 0.10624,
    "12": 0.10685,
    "13": 0.09726,
    "14": 0.08558,
    "15": 0.09964,
    "16": 0.11875,
    "17": 0.17294,
    "18": 0.22697,
    "19": 0.2207,
    "20": 0.20186,
    "21": 0.18916,
    "22": 0.18651,
    "23": 0.17315
  }
}