{
  "day": "2021-11-02",
  "data": {
    "0": 0.15042,
    "1": 0.13797,
    "2": 0.13449,
    "3": 0.13373,
    "4": 0.13476,
    "5": 0.13667,
    "6": 0.17654,
    "7": 0.21464,
    "8": 0.23403,
    "9": 0.22627,
    "10": 0.22662,
    "11": 0.19503,
    "12": 0.18295,
    "13": 0.17133,
    "14": 0.15822,
    "15": 0.18235,
    "16": 0.2174,
    "17": 0.22863,
    "18": 0.25097,
    "19": 0.27358,
    "20": 0.30187,
    "21": 0.27702,
    "22": 0.24234,
    "23": 0.22811
  }
}