{
  "day": "2021-11-05",
  "data": {
    "0": 0.20664,
    "1": 0.20551,
    "2": 0.20097,
    "3": 0.19037,
    "4": 0.18486,
    "5": 0.20407,
    "6": 0.22619,
    "7": 0.23299,
    "8": 0.25168,
    "9": 0.24461,
    "10": 0.23999,
    "11": 0.23056,
    "12": 0.2217,
    "13": 0.21317,
    "14": 0.19481,
    "15": 0.19253,
    "16": 0.23297,
    "17": 0.24954,
    "18": 0.27021,
    "19": 0.27707,
    "20": 0.27951,
    "21": 0.27399,
    "22": 0.25387,
    "23": 0.24428
  }
}