{
  "day": "2021-11-06",
  "data": {
    "0": 0.2317,
    "1": 0.22294,
    "2": 0.22092,
    "3": 0.21031,
    "4": 0.19277,
    "5": 0.18491,
    "6": 0.19463,
    "7": 0.20866,
    "8": 0.21266,
    "9": 0.19362,
    "10": 0.17432,
    "11": 0.16837,
    "12": 0.16728,
    "13": 0.1713,
    "14": 0.1702,
    "15": 0.16883,
    "16": 0.17917,
    "17": 0.21931,
    "18": 0.2321,
    "19": 0.23462,
    "20": 0.21754,
    "21": 0.21484,
    "22": 0.20892,
    "23": 0.20213
  }
}