{
  "day": "2021-11-08",
  "data": {
    "0": 0.22136,
    "1": 0.21658,
    "2": 0.19976,
    "3": 0.18814,
    "4": 0.18774,
    "5": 0.2021,
    "6": 0.21945,
    "7": 0.2281,
    "8": 0.24474,
    "9": 0.23239,
    "10": 0.23389,
    "11": 0.20411,
    "12": 0.20483,
    "13": 0.20479,
    "14": 0.19309,
    "15": 0.19469,
    "16": 0.22379,
    "17": 0.24005,
    "18": 0.26933,
    "19": 0.27648,
    "20": 0.27906,
    "21": 0.27589,
    "22": 0.25151,
    "23": 0.2422
  }
}