{
  "day": "2021-11-10",
  "data": {
    "0": 0.23247,
    "1": 0.22705,
    "2": 0.22661,
    "3": 0.21784,
    "4": 0.21934,
    "5": 0.22921,
    "6": 0.2516,
    "7": 0.26044,
    "8": 0.28373,
    "9": 0.26978,
    "10": 0.26685,
    "11": 0.26379,
    "12": 0.26494,
    "13": 0.26509,
    "14": 0.25227,
    "15": 0.2535,
    "16": 0.25886,
    "17": 0.27605,
    "18": 0.30336,
    "19": 0.31055,
    "20": 0.31129,
    "21": 0.30298,
    "22": 0.27017,
    "23": 0.25304
  }
}