{
  "day": "2021-11-13",
  "data": {
    "0": 0.23834,
    "1": 0.23382,
    "2": 0.22225,
    "3": 0.19716,
    "4": 0.19765,
    "5": 0.1975,
    "6": 0.19514,
    "7": 0.21904,
    "8": 0.21737,
    "9": 0.21257,
    "10": 0.21124,
    "11": 0.21578,
    "12": 0.21579,
    "13": 0.21458,
    "14": 0.21501,
    "15": 0.21636,
    "16": 0.22302,
    "17": 0.2591,
    "18": 0.27041,
    "19": 0.26349,
    "20": 0.24868,
    "21": 0.24768,
    "22": 0.23474,
    "23": 0.22778
  }
}