{
  "day": "2021-11-15",
  "data": {
    "0": 0.21194,
    "1": 0.20625,
    "2": 0.20395,
    "3": 0.19918,
    "4": 0.19652,
    "5": 0.21244,
    "6": 0.24012,
    "7": 0.25992,
    "8": 0.27877,
    "9": 0.25337,
    "10": 0.2468,
    "11": 0.21277,
    "12": 0.20808,
    "13": 0.20865,
    "14": 0.19925,
    "15": 0.21,
    "16": 0.23135,
    "17": 0.26275,
    "18": 0.29737,
    "19": 0.30917,
    "20": 0.31613,
    "21": 0.29784,
    "22": 0.26155,
    "23": 0.24622
  }
}