{
  "day": "2021-11-17",
  "data": {
    "0": 0.24314,
    "1": 0.2362,
    "2": 0.23029,
    "3": 0.21303,
    "4": 0.21133,
    "5": 0.21467,
    "6": 0.23712,
    "7": 0.27616,
    "8": 0.30257,
    "9": 0.27569,
    "10": 0.25545,
    "11": 0.23608,
    "12": 0.23615,
    "13": 0.23597,
    "14": 0.22336,
    "15": 0.22743,
    "16": 0.25197,
    "17": 0.27708,
    "18": 0.32391,
    "19": 0.3344,
    "20": 0.31925,
    "21": 0.30298,
    "22": 0.2877,
    "23": 0.2732
  }
}