{
  "day": "2021-11-18",
  "data": {
    "0": 0.27657,
    "1": 0.27486,
    "2": 0.26345,
    "3": 0.24688,
    "4": 0.23331,
    "5": 0.25732,
    "6": 0.25107,
    "7": 0.28171,
    "8": 0.31268,
    "9": 0.29653,
    "10": 0.28447,
    "11": 0.27329,
    "12": 0.28994,
    "13": 0.29546,
    "14": 0.28824,
    "15": 0.30208,
    "16": 0.31567,
    "17": 0.33494,
    "18": 0.36782,
    "19": 0.36446,
    "20": 0.35218,
    "21": 0.33662,
    "22": 0.31518,
    "23": 0.30519
  }
}