{
  "day": "2021-11-19",
  "data": {
    "0": 0.27289,
    "1": 0.27105,
    "2": 0.26813,
    "3": 0.2506,
    "4": 0.25221,
    "5": 0.26741,
    "6": 0.2786,
    "7": 0.28691,
    "8": 0.31378,
    "9": 0.29873,
    "10": 0.30274,
    "11": 0.29979,
    "12": 0.30247,
    "13": 0.30224,
    "14": 0.29183,
    "15": 0.29313,
    "16": 0.30257,
    "17": 0.31709,
    "18": 0.35383,
    "19": 0.35512,
    "20": 0.34372,
    "21": 0.31447,
    "22": 0.29886,
    "23": 0.29922
  }
}