{
  "day": "2021-11-23",
  "data": {
    "0": 0.2636,
    "1": 0.25311,
    "2": 0.24823,
    "3": 0.24151,
    "4": 0.23882,
    "5": 0.24777,
    "6": 0.26082,
    "7": 0.27209,
    "8": 0.29265,
    "9": 0.2881,
    "10": 0.29403,
    "11": 0.29024,
    "12": 0.28891,
    "13": 0.28894,
    "14": 0.27903,
    "15": 0.28496,
    "16": 0.29249,
    "17": 0.30856,
    "18": 0.34958,
    "19": 0.35876,
    "20": 0.36991,
    "21": 0.35636,
    "22": 0.31336,
    "23": 0.30846
  }
}