{
  "day": "2021-11-25",
  "data": {
    "0": 0.28144,
    "1": 0.27374,
    "2": 0.26189,
    "3": 0.25495,
    "4": 0.25808,
    "5": 0.27186,
    "6": 0.2725,
    "7": 0.28654,
    "8": 0.32237,
    "9": 0.31873,
    "10": 0.31544,
    "11": 0.30667,
    "12": 0.29905,
    "13": 0.29518,
    "14": 0.27875,
    "15": 0.27498,
    "16": 0.28965,
    "17": 0.30314,
    "18": 0.33393,
    "19": 0.3398,
    "20": 0.34282,
    "21": 0.33396,
    "22": 0.30109,
    "23": 0.28991
  }
}