{
  "day": "2021-11-26",
  "data": {
    "0": 0.29543,
    "1": 0.2876,
    "2": 0.27663,
    "3": 0.25719,
    "4": 0.24592,
    "5": 0.27012,
    "6": 0.27716,
    "7": 0.28735,
    "8": 0.31835,
    "9": 0.31012,
    "10": 0.3111,
    "11": 0.30118,
    "12": 0.29678,
    "13": 0.29348,
    "14": 0.25474,
    "15": 0.25485,
    "16": 0.29163,
    "17": 0.31206,
    "18": 0.33509,
    "19": 0.33741,
    "20": 0.33603,
    "21": 0.32639,
    "22": 0.30692,
    "23": 0.29874
  }
}