{
  "day": "2026-06-01",
  "data": {
    "0": 0.12997,
    "1": 0.12365,
    "2": 0.12318,
    "3": 0.12495,
    "4": 0.12719,
    "5": 0.13436,
    "6": 0.15552,
    "7": 0.17461,
    "8": 0.16842,
    "9": 0.09322,
    "10": 0.13587,
    "11": 0.13308,
    "12": 0.13511,
    "13": 0.12633,
    "14": 0.05804,
    "15": 0.05934,
    "16": 0.05604,
    "17": 0.06758,
    "18": 0.16427,
    "19": 0.21077,
    "20": 0.26319,
    "21": 0.28548,
    "22": 0.22376,
    "23": 0.20479
  }
}