{
  "day": "2026-06-02",
  "data": {
    "0": 0.15662,
    "1": 0.13934,
    "2": 0.14345,
    "3": 0.13628,
    "4": 0.13477,
    "5": 0.13476,
    "6": 0.13812,
    "7": 0.13732,
    "8": 0.1349,
    "9": 0.08998,
    "10": 0.13041,
    "11": 0.12772,
    "12": 0.12787,
    "13": 0.12886,
    "14": 0.05991,
    "15": 0.06037,
    "16": 0.05954,
    "17": 0.05842,
    "18": 0.12567,
    "19": 0.13344,
    "20": 0.18677,
    "21": 0.23109,
    "22": 0.16182,
    "23": 0.15259
  }
}