{
  "day": "2026-06-03",
  "data": {
    "0": 0.13184,
    "1": 0.12785,
    "2": 0.12891,
    "3": 0.12884,
    "4": 0.1291,
    "5": 0.12986,
    "6": 0.13757,
    "7": 0.14693,
    "8": 0.10312,
    "9": 0.05239,
    "10": 0.1202,
    "11": 0.12295,
    "12": 0.1242,
    "13": 0.12331,
    "14": 0.0548,
    "15": 0.05469,
    "16": 0.05369,
    "17": 0.05252,
    "18": 0.12154,
    "19": 0.16114,
    "20": 0.25604,
    "21": 0.28628,
    "22": 0.21418,
    "23": 0.20122
  }
}