{
  "day": "2026-06-04",
  "data": {
    "0": 0.16758,
    "1": 0.15963,
    "2": 0.15175,
    "3": 0.14507,
    "4": 0.13795,
    "5": 0.14119,
    "6": 0.15724,
    "7": 0.16376,
    "8": 0.13797,
    "9": 0.06848,
    "10": 0.12352,
    "11": 0.12534,
    "12": 0.12782,
    "13": 0.13036,
    "14": 0.06196,
    "15": 0.06296,
    "16": 0.0617,
    "17": 0.06053,
    "18": 0.12736,
    "19": 0.12598,
    "20": 0.18439,
    "21": 0.22861,
    "22": 0.15934,
    "23": 0.15156
  }
}