{
  "day": "2026-06-07",
  "data": {
    "0": 0.14335,
    "1": 0.14063,
    "2": 0.14238,
    "3": 0.14362,
    "4": 0.1452,
    "5": 0.14622,
    "6": 0.14811,
    "7": 0.14,
    "8": 0.07378,
    "9": 0.04012,
    "10": 0.03121,
    "11": 0.02985,
    "12": 0.02975,
    "13": 0.029,
    "14": 0.03044,
    "15": 0.03102,
    "16": 0.03146,
    "17": 0.03774,
    "18": 0.03799,
    "19": 0.07056,
    "20": 0.12708,
    "21": 0.16247,
    "22": 0.17035,
    "23": 0.16124
  }
}