{
  "day": "2026-06-11",
  "data": {
    "0": 0.1079,
    "1": 0.10159,
    "2": 0.09066,
    "3": 0.09104,
    "4": 0.0932,
    "5": 0.09867,
    "6": 0.11139,
    "7": 0.11537,
    "8": 0.09686,
    "9": 0.07207,
    "10": 0.13908,
    "11": 0.14026,
    "12": 0.14213,
    "13": 0.14172,
    "14": 0.07274,
    "15": 0.07319,
    "16": 0.07259,
    "17": 0.07095,
    "18": 0.14709,
    "19": 0.16471,
    "20": 0.21279,
    "21": 0.26822,
    "22": 0.18743,
    "23": 0.16378
  }
}