{
  "day": "2026-06-12",
  "data": {
    "0": 0.08521,
    "1": 0.0773,
    "2": 0.07289,
    "3": 0.07225,
    "4": 0.07217,
    "5": 0.07297,
    "6": 0.09656,
    "7": 0.10701,
    "8": 0.09336,
    "9": 0.07314,
    "10": 0.1459,
    "11": 0.14832,
    "12": 0.1487,
    "13": 0.14807,
    "14": 0.07892,
    "15": 0.07955,
    "16": 0.07709,
    "17": 0.07214,
    "18": 0.14699,
    "19": 0.17511,
    "20": 0.23173,
    "21": 0.2722,
    "22": 0.20228,
    "23": 0.19007
  }
}