{
  "day": "2026-06-15",
  "data": {
    "0": 0.14588,
    "1": 0.14431,
    "2": 0.13633,
    "3": 0.13581,
    "4": 0.13632,
    "5": 0.14844,
    "6": 0.16375,
    "7": 0.17073,
    "8": 0.1662,
    "9": 0.10755,
    "10": 0.12529,
    "11": 0.10086,
    "12": 0.09842,
    "13": 0.09775,
    "14": 0.02887,
    "15": 0.02874,
    "16": 0.03782,
    "17": 0.07565,
    "18": 0.20256,
    "19": 0.25548,
    "20": 0.2838,
    "21": 0.29144,
    "22": 0.22144,
    "23": 0.21163
  }
}