{
  "day": "2026-06-16",
  "data": {
    "0": 0.14297,
    "1": 0.14372,
    "2": 0.12946,
    "3": 0.12884,
    "4": 0.12904,
    "5": 0.13167,
    "6": 0.15895,
    "7": 0.16175,
    "8": 0.16753,
    "9": 0.12779,
    "10": 0.17081,
    "11": 0.14997,
    "12": 0.14021,
    "13": 0.11935,
    "14": 0.05046,
    "15": 0.0611,
    "16": 0.07701,
    "17": 0.0972,
    "18": 0.21387,
    "19": 0.23101,
    "20": 0.26102,
    "21": 0.27983,
    "22": 0.21597,
    "23": 0.20589
  }
}