{
  "day": "2026-06-19",
  "data": {
    "0": 0.14427,
    "1": 0.1365,
    "2": 0.13605,
    "3": 0.13546,
    "4": 0.13543,
    "5": 0.13653,
    "6": 0.14409,
    "7": 0.14429,
    "8": 0.14896,
    "9": 0.11459,
    "10": 0.14374,
    "11": 0.13172,
    "12": 0.10793,
    "13": 0.10369,
    "14": 0.03489,
    "15": 0.03559,
    "16": 0.05834,
    "17": 0.10021,
    "18": 0.19122,
    "19": 0.22592,
    "20": 0.25,
    "21": 0.26525,
    "22": 0.20306,
    "23": 0.1903
  }
}