{
  "day": "2026-06-22",
  "data": {
    "0": 0.13454,
    "1": 0.12694,
    "2": 0.11178,
    "3": 0.10013,
    "4": 0.09901,
    "5": 0.11454,
    "6": 0.14156,
    "7": 0.16323,
    "8": 0.1707,
    "9": 0.13742,
    "10": 0.18429,
    "11": 0.16177,
    "12": 0.14488,
    "13": 0.13604,
    "14": 0.08208,
    "15": 0.08789,
    "16": 0.10557,
    "17": 0.12015,
    "18": 0.20995,
    "19": 0.44757,
    "20": 0.84673,
    "21": 0.89142,
    "22": 0.23795,
    "23": 0.21233
  }
}