{
  "day": "2026-06-23",
  "data": {
    "0": 0.1496,
    "1": 0.13927,
    "2": 0.12271,
    "3": 0.1168,
    "4": 0.11669,
    "5": 0.12566,
    "6": 0.14684,
    "7": 0.15313,
    "8": 0.15796,
    "9": 0.14239,
    "10": 0.19531,
    "11": 0.18219,
    "12": 0.17693,
    "13": 0.17433,
    "14": 0.10952,
    "15": 0.10903,
    "16": 0.11127,
    "17": 0.11697,
    "18": 0.19335,
    "19": 0.21627,
    "20": 0.25526,
    "21": 0.29917,
    "22": 0.22935,
    "23": 0.19681
  }
}