{
  "day": "2026-06-24",
  "data": {
    "0": 0.15922,
    "1": 0.15212,
    "2": 0.14275,
    "3": 0.14343,
    "4": 0.13816,
    "5": 0.14439,
    "6": 0.15457,
    "7": 0.15591,
    "8": 0.16441,
    "9": 0.12903,
    "10": 0.18319,
    "11": 0.18373,
    "12": 0.15121,
    "13": 0.14284,
    "14": 0.06921,
    "15": 0.06859,
    "16": 0.08588,
    "17": 0.09627,
    "18": 0.1765,
    "19": 0.21491,
    "20": 0.23976,
    "21": 0.27096,
    "22": 0.20821,
    "23": 0.19681
  }
}