{
  "day": "2026-06-25",
  "data": {
    "0": 0.15449,
    "1": 0.15442,
    "2": 0.1386,
    "3": 0.13713,
    "4": 0.13703,
    "5": 0.14084,
    "6": 0.153,
    "7": 0.15811,
    "8": 0.16291,
    "9": 0.14011,
    "10": 0.18234,
    "11": 0.13959,
    "12": 0.11677,
    "13": 0.11063,
    "14": 0.04061,
    "15": 0.04056,
    "16": 0.04255,
    "17": 0.05646,
    "18": 0.15386,
    "19": 0.1911,
    "20": 0.25045,
    "21": 0.27871,
    "22": 0.22402,
    "23": 0.20989
  }
}