{
  "day": "2026-06-29",
  "data": {
    "0": 0.14837,
    "1": 0.13268,
    "2": 0.13152,
    "3": 0.12602,
    "4": 0.11777,
    "5": 0.12324,
    "6": 0.14197,
    "7": 0.14588,
    "8": 0.13801,
    "9": 0.08098,
    "10": 0.12636,
    "11": 0.12087,
    "12": 0.12999,
    "13": 0.15936,
    "14": 0.09951,
    "15": 0.1053,
    "16": 0.11414,
    "17": 0.11864,
    "18": 0.19398,
    "19": 0.21944,
    "20": 0.2467,
    "21": 0.28231,
    "22": 0.21094,
    "23": 0.19702
  }
}