{
  "day": "2026-06-30",
  "data": {
    "0": 0.13644,
    "1": 0.136,
    "2": 0.12917,
    "3": 0.12736,
    "4": 0.12844,
    "5": 0.13199,
    "6": 0.14935,
    "7": 0.1635,
    "8": 0.17112,
    "9": 0.12848,
    "10": 0.17879,
    "11": 0.17639,
    "12": 0.17367,
    "13": 0.1739,
    "14": 0.10339,
    "15": 0.09825,
    "16": 0.10088,
    "17": 0.10352,
    "18": 0.16178,
    "19": 0.17524,
    "20": 0.23227,
    "21": 0.25891,
    "22": 0.18651,
    "23": 0.17596
  }
}