{
  "day": "2026-02-01",
  "data": {
    "0": 0.06364,
    "1": 0.0645,
    "2": 0.0668,
    "3": 0.06796,
    "4": 0.06897,
    "5": 0.06973,
    "6": 0.06976,
    "7": 0.07063,
    "8": 0.08611,
    "9": 0.07947,
    "10": 0.06988,
    "11": 0.06488,
    "12": 0.06457,
    "13": 0.06361,
    "14": 0.06363,
    "15": 0.0661,
    "16": 0.0735,
    "17": 0.10244,
    "18": 0.15125,
    "19": 0.20319,
    "20": 0.2081,
    "21": 0.18998,
    "22": 0.10123,
    "23": 0.08805
  }
}