{
  "day": "2026-02-02",
  "data": {
    "0": 0.08092,
    "1": 0.07933,
    "2": 0.07964,
    "3": 0.0827,
    "4": 0.07984,
    "5": 0.07822,
    "6": 0.07324,
    "7": 0.09455,
    "8": 0.1324,
    "9": 0.12919,
    "10": 0.107,
    "11": 0.16984,
    "12": 0.16966,
    "13": 0.16866,
    "14": 0.16909,
    "15": 0.10098,
    "16": 0.09975,
    "17": 0.10417,
    "18": 0.12725,
    "19": 0.19976,
    "20": 0.21382,
    "21": 0.19806,
    "22": 0.1922,
    "23": 0.10292
  }
}