{
  "day": "2026-02-03",
  "data": {
    "0": 0.04806,
    "1": 0.04981,
    "2": 0.051,
    "3": 0.05152,
    "4": 0.05161,
    "5": 0.05089,
    "6": 0.05041,
    "7": 0.12191,
    "8": 0.20402,
    "9": 0.15989,
    "10": 0.09566,
    "11": 0.14906,
    "12": 0.14728,
    "13": 0.14724,
    "14": 0.14732,
    "15": 0.0798,
    "16": 0.08292,
    "17": 0.11357,
    "18": 0.1839,
    "19": 0.2922,
    "20": 0.28325,
    "21": 0.25575,
    "22": 0.19308,
    "23": 0.08966
  }
}