{
  "day": "2026-02-04",
  "data": {
    "0": 0.06485,
    "1": 0.06225,
    "2": 0.06378,
    "3": 0.06242,
    "4": 0.06123,
    "5": 0.06004,
    "6": 0.06006,
    "7": 0.08981,
    "8": 0.12332,
    "9": 0.12091,
    "10": 0.10172,
    "11": 0.16364,
    "12": 0.16167,
    "13": 0.16155,
    "14": 0.16206,
    "15": 0.09368,
    "16": 0.09554,
    "17": 0.10602,
    "18": 0.12375,
    "19": 0.21387,
    "20": 0.23016,
    "21": 0.21065,
    "22": 0.18908,
    "23": 0.10007
  }
}