{
  "day": "2026-02-05",
  "data": {
    "0": 0.06975,
    "1": 0.06867,
    "2": 0.0701,
    "3": 0.07067,
    "4": 0.07065,
    "5": 0.07025,
    "6": 0.06765,
    "7": 0.07364,
    "8": 0.11163,
    "9": 0.10236,
    "10": 0.10463,
    "11": 0.17172,
    "12": 0.17302,
    "13": 0.17278,
    "14": 0.17314,
    "15": 0.10462,
    "16": 0.10559,
    "17": 0.10385,
    "18": 0.11489,
    "19": 0.20255,
    "20": 0.20138,
    "21": 0.20029,
    "22": 0.17768,
    "23": 0.10516
  }
}