{
  "day": "2026-02-11",
  "data": {
    "0": 0.07635,
    "1": 0.07869,
    "2": 0.08043,
    "3": 0.08111,
    "4": 0.08125,
    "5": 0.0799,
    "6": 0.07312,
    "7": 0.07465,
    "8": 0.10704,
    "9": 0.10565,
    "10": 0.10311,
    "11": 0.17227,
    "12": 0.1722,
    "13": 0.17204,
    "14": 0.17257,
    "15": 0.1046,
    "16": 0.10693,
    "17": 0.1077,
    "18": 0.11249,
    "19": 0.19902,
    "20": 0.19558,
    "21": 0.17098,
    "22": 0.16709,
    "23": 0.09724
  }
}