{
  "day": "2026-02-13",
  "data": {
    "0": 0.07923,
    "1": 0.07986,
    "2": 0.08117,
    "3": 0.08208,
    "4": 0.08282,
    "5": 0.08274,
    "6": 0.07859,
    "7": 0.09741,
    "8": 0.12877,
    "9": 0.10941,
    "10": 0.10276,
    "11": 0.17152,
    "12": 0.17137,
    "13": 0.17118,
    "14": 0.17157,
    "15": 0.10362,
    "16": 0.10327,
    "17": 0.10174,
    "18": 0.10039,
    "19": 0.16916,
    "20": 0.17249,
    "21": 0.16885,
    "22": 0.16581,
    "23": 0.09675
  }
}