{
  "day": "2026-02-19",
  "data": {
    "0": 0.07081,
    "1": 0.07127,
    "2": 0.07297,
    "3": 0.07339,
    "4": 0.07354,
    "5": 0.07264,
    "6": 0.07009,
    "7": 0.0796,
    "8": 0.10785,
    "9": 0.09605,
    "10": 0.09668,
    "11": 0.16868,
    "12": 0.16905,
    "13": 0.16882,
    "14": 0.16911,
    "15": 0.10046,
    "16": 0.09838,
    "17": 0.09738,
    "18": 0.11858,
    "19": 0.24865,
    "20": 0.25909,
    "21": 0.23805,
    "22": 0.21317,
    "23": 0.12566
  }
}