{
  "day": "2026-02-20",
  "data": {
    "0": 0.08772,
    "1": 0.08487,
    "2": 0.07771,
    "3": 0.0735,
    "4": 0.07321,
    "5": 0.07441,
    "6": 0.08859,
    "7": 0.13794,
    "8": 0.15843,
    "9": 0.0935,
    "10": 0.0856,
    "11": 0.15669,
    "12": 0.15695,
    "13": 0.15699,
    "14": 0.15742,
    "15": 0.08835,
    "16": 0.0867,
    "17": 0.09911,
    "18": 0.15758,
    "19": 0.26629,
    "20": 0.2724,
    "21": 0.2687,
    "22": 0.22911,
    "23": 0.13352
  }
}