{
  "day": "2026-02-21",
  "data": {
    "0": 0.09346,
    "1": 0.09091,
    "2": 0.08974,
    "3": 0.09045,
    "4": 0.08873,
    "5": 0.09346,
    "6": 0.09578,
    "7": 0.0993,
    "8": 0.1164,
    "9": 0.07195,
    "10": 0.06015,
    "11": 0.0648,
    "12": 0.06607,
    "13": 0.06685,
    "14": 0.06773,
    "15": 0.06938,
    "16": 0.06728,
    "17": 0.06751,
    "18": 0.11882,
    "19": 0.17776,
    "20": 0.18559,
    "21": 0.18153,
    "22": 0.14146,
    "23": 0.10627
  }
}