{
  "day": "2026-02-22",
  "data": {
    "0": 0.11079,
    "1": 0.10829,
    "2": 0.10923,
    "3": 0.10038,
    "4": 0.09938,
    "5": 0.09612,
    "6": 0.0952,
    "7": 0.1007,
    "8": 0.1206,
    "9": 0.08235,
    "10": 0.07286,
    "11": 0.07229,
    "12": 0.07249,
    "13": 0.07375,
    "14": 0.07381,
    "15": 0.07563,
    "16": 0.07531,
    "17": 0.08008,
    "18": 0.10554,
    "19": 0.15248,
    "20": 0.18773,
    "21": 0.18384,
    "22": 0.13273,
    "23": 0.10506
  }
}