{
  "day": "2026-02-24",
  "data": {
    "0": 0.09591,
    "1": 0.09014,
    "2": 0.08917,
    "3": 0.08908,
    "4": 0.08792,
    "5": 0.08914,
    "6": 0.10965,
    "7": 0.17605,
    "8": 0.16988,
    "9": 0.10284,
    "10": 0.08353,
    "11": 0.15295,
    "12": 0.15352,
    "13": 0.15356,
    "14": 0.15379,
    "15": 0.08491,
    "16": 0.08567,
    "17": 0.09887,
    "18": 0.15189,
    "19": 0.28062,
    "20": 0.25529,
    "21": 0.21069,
    "22": 0.19896,
    "23": 0.12263
  }
}