{
  "day": "2026-02-26",
  "data": {
    "0": 0.09502,
    "1": 0.09056,
    "2": 0.08475,
    "3": 0.08017,
    "4": 0.0799,
    "5": 0.08669,
    "6": 0.10651,
    "7": 0.16206,
    "8": 0.17064,
    "9": 0.10128,
    "10": 0.08272,
    "11": 0.15153,
    "12": 0.15428,
    "13": 0.15351,
    "14": 0.15345,
    "15": 0.08387,
    "16": 0.08594,
    "17": 0.09892,
    "18": 0.1455,
    "19": 0.28088,
    "20": 0.28834,
    "21": 0.2679,
    "22": 0.21856,
    "23": 0.12203
  }
}