{
  "day": "2026-02-27",
  "data": {
    "0": 0.08948,
    "1": 0.08198,
    "2": 0.08492,
    "3": 0.08446,
    "4": 0.08377,
    "5": 0.08417,
    "6": 0.09814,
    "7": 0.12531,
    "8": 0.14479,
    "9": 0.10597,
    "10": 0.09348,
    "11": 0.16007,
    "12": 0.1611,
    "13": 0.16097,
    "14": 0.16202,
    "15": 0.09332,
    "16": 0.10071,
    "17": 0.12226,
    "18": 0.14851,
    "19": 0.2479,
    "20": 0.25958,
    "21": 0.24007,
    "22": 0.22022,
    "23": 0.13376
  }
}