{
  "day": "2024-12-06",
  "data": {
    "0": 0.17467,
    "1": 0.164,
    "2": 0.14754,
    "3": 0.13941,
    "4": 0.13706,
    "5": 0.13521,
    "6": 0.14383,
    "7": 0.152,
    "8": 0.19417,
    "9": 0.20052,
    "10": 0.15806,
    "11": 0.14258,
    "12": 0.1298,
    "13": 0.13693,
    "14": 0.1374,
    "15": 0.16023,
    "16": 0.18797,
    "17": 0.20911,
    "18": 0.19353,
    "19": 0.18904,
    "20": 0.1896,
    "21": 0.1869,
    "22": 0.18045,
    "23": 0.17398
  }
}