{
  "day": "2024-12-09",
  "data": {
    "0": 0.11417,
    "1": 0.09777,
    "2": 0.09244,
    "3": 0.0738,
    "4": 0.0651,
    "5": 0.08493,
    "6": 0.1266,
    "7": 0.17244,
    "8": 0.20874,
    "9": 0.16499,
    "10": 0.15431,
    "11": 0.12321,
    "12": 0.11258,
    "13": 0.11111,
    "14": 0.06072,
    "15": 0.07179,
    "16": 0.15647,
    "17": 0.21461,
    "18": 0.26196,
    "19": 0.25743,
    "20": 0.26069,
    "21": 0.26827,
    "22": 0.2144,
    "23": 0.1948
  }
}