{
  "day": "2024-12-14",
  "data": {
    "0": 0.18707,
    "1": 0.17562,
    "2": 0.17677,
    "3": 0.17577,
    "4": 0.17295,
    "5": 0.1717,
    "6": 0.17299,
    "7": 0.17387,
    "8": 0.18335,
    "9": 0.17305,
    "10": 0.15939,
    "11": 0.1413,
    "12": 0.13993,
    "13": 0.13955,
    "14": 0.13479,
    "15": 0.1427,
    "16": 0.15389,
    "17": 0.1756,
    "18": 0.19338,
    "19": 0.19172,
    "20": 0.19272,
    "21": 0.18799,
    "22": 0.18411,
    "23": 0.17212
  }
}