{
  "day": "2024-12-19",
  "data": {
    "0": 0.12483,
    "1": 0.07355,
    "2": 0.0548,
    "3": 0.05121,
    "4": 0.05017,
    "5": 0.05915,
    "6": 0.10755,
    "7": 0.13523,
    "8": 0.18747,
    "9": 0.18983,
    "10": 0.20971,
    "11": 0.19454,
    "12": 0.19021,
    "13": 0.18613,
    "14": 0.12513,
    "15": 0.12792,
    "16": 0.16061,
    "17": 0.18588,
    "18": 0.2406,
    "19": 0.24658,
    "20": 0.24907,
    "21": 0.25079,
    "22": 0.19817,
    "23": 0.18489
  }
}