{
  "day": "2024-12-20",
  "data": {
    "0": 0.16311,
    "1": 0.15499,
    "2": 0.13735,
    "3": 0.13412,
    "4": 0.13438,
    "5": 0.13662,
    "6": 0.15633,
    "7": 0.17044,
    "8": 0.20666,
    "9": 0.19474,
    "10": 0.22809,
    "11": 0.20787,
    "12": 0.19594,
    "13": 0.19196,
    "14": 0.14823,
    "15": 0.16287,
    "16": 0.17889,
    "17": 0.20011,
    "18": 0.2593,
    "19": 0.26465,
    "20": 0.265,
    "21": 0.2596,
    "22": 0.20074,
    "23": 0.19328
  }
}