{
  "day": "2024-12-22",
  "data": {
    "0": 0.1609,
    "1": 0.14591,
    "2": 0.13742,
    "3": 0.13137,
    "4": 0.12708,
    "5": 0.12598,
    "6": 0.1248,
    "7": 0.1191,
    "8": 0.11728,
    "9": 0.11878,
    "10": 0.05689,
    "11": 0.05477,
    "12": 0.05573,
    "13": 0.05166,
    "14": 0.04593,
    "15": 0.03916,
    "16": 0.06256,
    "17": 0.10915,
    "18": 0.12609,
    "19": 0.12774,
    "20": 0.13324,
    "21": 0.1343,
    "22": 0.11987,
    "23": 0.11273
  }
}