{
  "day": "2024-12-24",
  "data": {
    "0": 0.13474,
    "1": 0.13417,
    "2": 0.13106,
    "3": 0.12226,
    "4": 0.11594,
    "5": 0.1164,
    "6": 0.12029,
    "7": 0.13133,
    "8": 0.17321,
    "9": 0.15845,
    "10": 0.16376,
    "11": 0.15065,
    "12": 0.14577,
    "13": 0.14608,
    "14": 0.09516,
    "15": 0.09729,
    "16": 0.1408,
    "17": 0.19,
    "18": 0.23201,
    "19": 0.22535,
    "20": 0.22218,
    "21": 0.21381,
    "22": 0.16988,
    "23": 0.16378
  }
}