{
  "day": "2024-12-27",
  "data": {
    "0": 0.18174,
    "1": 0.17578,
    "2": 0.17636,
    "3": 0.1635,
    "4": 0.1615,
    "5": 0.16136,
    "6": 0.17131,
    "7": 0.18227,
    "8": 0.20856,
    "9": 0.20699,
    "10": 0.23849,
    "11": 0.21326,
    "12": 0.21059,
    "13": 0.2108,
    "14": 0.16441,
    "15": 0.17162,
    "16": 0.19185,
    "17": 0.21069,
    "18": 0.27119,
    "19": 0.27302,
    "20": 0.27667,
    "21": 0.27357,
    "22": 0.21096,
    "23": 0.20927
  }
}