{
  "day": "2024-12-30",
  "data": {
    "0": 0.18971,
    "1": 0.1863,
    "2": 0.18499,
    "3": 0.17999,
    "4": 0.17936,
    "5": 0.18336,
    "6": 0.19187,
    "7": 0.191,
    "8": 0.22333,
    "9": 0.21225,
    "10": 0.24876,
    "11": 0.2265,
    "12": 0.22657,
    "13": 0.22068,
    "14": 0.17622,
    "15": 0.17893,
    "16": 0.19456,
    "17": 0.20844,
    "18": 0.27567,
    "19": 0.2812,
    "20": 0.28857,
    "21": 0.28284,
    "22": 0.21966,
    "23": 0.20975
  }
}