{
  "day": "2022-06-02",
  "data": {
    "0": 0.29526,
    "1": 0.29311,
    "2": 0.28136,
    "3": 0.28199,
    "4": 0.27363,
    "5": 0.2746,
    "6": 0.28925,
    "7": 0.29228,
    "8": 0.31097,
    "9": 0.2638,
    "10": 0.24389,
    "11": 0.29221,
    "12": 0.2923,
    "13": 0.2863,
    "14": 0.28369,
    "15": 0.23611,
    "16": 0.24155,
    "17": 0.24622,
    "18": 0.28979,
    "19": 0.35413,
    "20": 0.36436,
    "21": 0.38532,
    "22": 0.38535,
    "23": 0.32233
  }
}