{
  "day": "2022-06-03",
  "data": {
    "0": 0.29223,
    "1": 0.2879,
    "2": 0.28396,
    "3": 0.28214,
    "4": 0.2704,
    "5": 0.27283,
    "6": 0.28428,
    "7": 0.28952,
    "8": 0.31479,
    "9": 0.30197,
    "10": 0.29034,
    "11": 0.32681,
    "12": 0.30653,
    "13": 0.29144,
    "14": 0.28348,
    "15": 0.23595,
    "16": 0.23996,
    "17": 0.24466,
    "18": 0.25839,
    "19": 0.33272,
    "20": 0.34541,
    "21": 0.36297,
    "22": 0.36802,
    "23": 0.31824
  }
}