{
  "day": "2022-06-05",
  "data": {
    "0": 0.29115,
    "1": 0.27348,
    "2": 0.2659,
    "3": 0.27105,
    "4": 0.26768,
    "5": 0.27343,
    "6": 0.27178,
    "7": 0.2647,
    "8": 0.23775,
    "9": 0.21753,
    "10": 0.21316,
    "11": 0.21286,
    "12": 0.21112,
    "13": 0.21126,
    "14": 0.20988,
    "15": 0.20646,
    "16": 0.20032,
    "17": 0.2071,
    "18": 0.21099,
    "19": 0.21661,
    "20": 0.25686,
    "21": 0.29674,
    "22": 0.29976,
    "23": 0.28943
  }
}