{
  "day": "2022-06-07",
  "data": {
    "0": 0.25286,
    "1": 0.23424,
    "2": 0.22116,
    "3": 0.21807,
    "4": 0.21664,
    "5": 0.21536,
    "6": 0.21323,
    "7": 0.26155,
    "8": 0.29122,
    "9": 0.27849,
    "10": 0.26185,
    "11": 0.30966,
    "12": 0.3089,
    "13": 0.29573,
    "14": 0.28324,
    "15": 0.22592,
    "16": 0.22502,
    "17": 0.23535,
    "18": 0.24129,
    "19": 0.31171,
    "20": 0.34858,
    "21": 0.35006,
    "22": 0.34153,
    "23": 0.28297
  }
}