{
  "day": "2022-06-09",
  "data": {
    "0": 0.23213,
    "1": 0.21105,
    "2": 0.20468,
    "3": 0.206,
    "4": 0.20623,
    "5": 0.21084,
    "6": 0.24032,
    "7": 0.2602,
    "8": 0.28612,
    "9": 0.26639,
    "10": 0.25676,
    "11": 0.29547,
    "12": 0.2937,
    "13": 0.2832,
    "14": 0.27043,
    "15": 0.21912,
    "16": 0.21471,
    "17": 0.21658,
    "18": 0.22787,
    "19": 0.30298,
    "20": 0.31945,
    "21": 0.32926,
    "22": 0.3291,
    "23": 0.2615
  }
}