{
  "day": "2022-06-11",
  "data": {
    "0": 0.25481,
    "1": 0.25162,
    "2": 0.24435,
    "3": 0.24744,
    "4": 0.24803,
    "5": 0.24835,
    "6": 0.24756,
    "7": 0.24551,
    "8": 0.23231,
    "9": 0.21388,
    "10": 0.21742,
    "11": 0.21969,
    "12": 0.21044,
    "13": 0.20709,
    "14": 0.20722,
    "15": 0.2042,
    "16": 0.2134,
    "17": 0.22652,
    "18": 0.216,
    "19": 0.242,
    "20": 0.26353,
    "21": 0.28606,
    "22": 0.28593,
    "23": 0.26592
  }
}