{
  "day": "2022-06-12",
  "data": {
    "0": 0.24831,
    "1": 0.23813,
    "2": 0.22918,
    "3": 0.22128,
    "4": 0.22272,
    "5": 0.22607,
    "6": 0.2302,
    "7": 0.22962,
    "8": 0.21798,
    "9": 0.20591,
    "10": 0.19597,
    "11": 0.193,
    "12": 0.18813,
    "13": 0.19024,
    "14": 0.18924,
    "15": 0.13751,
    "16": 0.10133,
    "17": 0.19055,
    "18": 0.20775,
    "19": 0.23755,
    "20": 0.25629,
    "21": 0.27289,
    "22": 0.27694,
    "23": 0.27
  }
}