{
  "day": "2022-06-13",
  "data": {
    "0": 0.24682,
    "1": 0.22803,
    "2": 0.20911,
    "3": 0.20815,
    "4": 0.21254,
    "5": 0.21753,
    "6": 0.24549,
    "7": 0.25461,
    "8": 0.27384,
    "9": 0.26611,
    "10": 0.26566,
    "11": 0.31502,
    "12": 0.32048,
    "13": 0.32077,
    "14": 0.3199,
    "15": 0.267,
    "16": 0.26621,
    "17": 0.2689,
    "18": 0.27409,
    "19": 0.34371,
    "20": 0.36315,
    "21": 0.36143,
    "22": 0.35993,
    "23": 0.29695
  }
}