{
  "day": "2022-06-14",
  "data": {
    "0": 0.26695,
    "1": 0.26634,
    "2": 0.25441,
    "3": 0.24973,
    "4": 0.24474,
    "5": 0.24896,
    "6": 0.26112,
    "7": 0.27429,
    "8": 0.30068,
    "9": 0.29195,
    "10": 0.28443,
    "11": 0.31775,
    "12": 0.31379,
    "13": 0.31336,
    "14": 0.31338,
    "15": 0.2584,
    "16": 0.26877,
    "17": 0.27123,
    "18": 0.2777,
    "19": 0.34065,
    "20": 0.3618,
    "21": 0.36625,
    "22": 0.35826,
    "23": 0.29287
  }
}