{
  "day": "2022-06-17",
  "data": {
    "0": 0.36615,
    "1": 0.36299,
    "2": 0.35771,
    "3": 0.35693,
    "4": 0.35979,
    "5": 0.35771,
    "6": 0.35159,
    "7": 0.35226,
    "8": 0.36121,
    "9": 0.34442,
    "10": 0.33299,
    "11": 0.36845,
    "12": 0.36507,
    "13": 0.36042,
    "14": 0.34466,
    "15": 0.29538,
    "16": 0.29586,
    "17": 0.2993,
    "18": 0.31102,
    "19": 0.38779,
    "20": 0.41082,
    "21": 0.42398,
    "22": 0.4287,
    "23": 0.37288
  }
}