{
  "day": "2022-06-19",
  "data": {
    "0": 0.32201,
    "1": 0.31157,
    "2": 0.30447,
    "3": 0.29616,
    "4": 0.27458,
    "5": 0.25795,
    "6": 0.25974,
    "7": 0.25943,
    "8": 0.23459,
    "9": 0.20114,
    "10": 0.16499,
    "11": 0.1508,
    "12": 0.14669,
    "13": 0.14594,
    "14": 0.139,
    "15": 0.12093,
    "16": 0.10471,
    "17": 0.13053,
    "18": 0.16373,
    "19": 0.20477,
    "20": 0.28114,
    "21": 0.33216,
    "22": 0.38406,
    "23": 0.37631
  }
}