{
  "day": "2022-06-22",
  "data": {
    "0": 0.3608,
    "1": 0.36396,
    "2": 0.3637,
    "3": 0.36889,
    "4": 0.37886,
    "5": 0.38714,
    "6": 0.37509,
    "7": 0.38815,
    "8": 0.39471,
    "9": 0.35206,
    "10": 0.33785,
    "11": 0.37532,
    "12": 0.37035,
    "13": 0.36674,
    "14": 0.35689,
    "15": 0.29974,
    "16": 0.30053,
    "17": 0.30446,
    "18": 0.31213,
    "19": 0.39013,
    "20": 0.43427,
    "21": 0.46188,
    "22": 0.47135,
    "23": 0.42117
  }
}