{
  "day": "2022-06-23",
  "data": {
    "0": 0.41252,
    "1": 0.41464,
    "2": 0.39932,
    "3": 0.40405,
    "4": 0.40509,
    "5": 0.40277,
    "6": 0.38364,
    "7": 0.38931,
    "8": 0.39217,
    "9": 0.34609,
    "10": 0.32558,
    "11": 0.36399,
    "12": 0.35652,
    "13": 0.34264,
    "14": 0.32741,
    "15": 0.28123,
    "16": 0.27896,
    "17": 0.28184,
    "18": 0.28492,
    "19": 0.34242,
    "20": 0.37262,
    "21": 0.42371,
    "22": 0.44117,
    "23": 0.37508
  }
}