{
  "day": "2022-06-24",
  "data": {
    "0": 0.35452,
    "1": 0.34629,
    "2": 0.34519,
    "3": 0.34125,
    "4": 0.33575,
    "5": 0.32836,
    "6": 0.31384,
    "7": 0.32181,
    "8": 0.30053,
    "9": 0.2649,
    "10": 0.24922,
    "11": 0.29136,
    "12": 0.28925,
    "13": 0.28668,
    "14": 0.28837,
    "15": 0.24074,
    "16": 0.24072,
    "17": 0.24672,
    "18": 0.25383,
    "19": 0.32633,
    "20": 0.38181,
    "21": 0.41437,
    "22": 0.42609,
    "23": 0.38779
  }
}