{
  "day": "2022-06-25",
  "data": {
    "0": 0.35641,
    "1": 0.35738,
    "2": 0.36253,
    "3": 0.36528,
    "4": 0.36605,
    "5": 0.36158,
    "6": 0.35257,
    "7": 0.33669,
    "8": 0.2946,
    "9": 0.26669,
    "10": 0.24143,
    "11": 0.22005,
    "12": 0.20057,
    "13": 0.19569,
    "14": 0.18368,
    "15": 0.15567,
    "16": 0.14367,
    "17": 0.14844,
    "18": 0.16792,
    "19": 0.20074,
    "20": 0.23849,
    "21": 0.28125,
    "22": 0.28854,
    "23": 0.28218
  }
}