{
  "day": "2022-06-27",
  "data": {
    "0": 0.25495,
    "1": 0.24646,
    "2": 0.24143,
    "3": 0.23888,
    "4": 0.24734,
    "5": 0.25853,
    "6": 0.26625,
    "7": 0.28372,
    "8": 0.29539,
    "9": 0.26311,
    "10": 0.25388,
    "11": 0.29665,
    "12": 0.30099,
    "13": 0.29994,
    "14": 0.29616,
    "15": 0.24086,
    "16": 0.23766,
    "17": 0.24143,
    "18": 0.24795,
    "19": 0.31631,
    "20": 0.35119,
    "21": 0.36886,
    "22": 0.37191,
    "23": 0.31737
  }
}