{
  "day": "2022-06-28",
  "data": {
    "0": 0.32061,
    "1": 0.31627,
    "2": 0.32243,
    "3": 0.33746,
    "4": 0.34968,
    "5": 0.36944,
    "6": 0.37186,
    "7": 0.37227,
    "8": 0.37869,
    "9": 0.34404,
    "10": 0.31858,
    "11": 0.35842,
    "12": 0.35988,
    "13": 0.36231,
    "14": 0.35379,
    "15": 0.30565,
    "16": 0.30493,
    "17": 0.30773,
    "18": 0.30741,
    "19": 0.36715,
    "20": 0.40917,
    "21": 0.41889,
    "22": 0.42574,
    "23": 0.37818
  }
}