{
  "day": "2022-06-29",
  "data": {
    "0": 0.33825,
    "1": 0.33888,
    "2": 0.33292,
    "3": 0.3398,
    "4": 0.34339,
    "5": 0.35161,
    "6": 0.35609,
    "7": 0.33825,
    "8": 0.34629,
    "9": 0.30374,
    "10": 0.2788,
    "11": 0.31519,
    "12": 0.31016,
    "13": 0.30577,
    "14": 0.29914,
    "15": 0.23225,
    "16": 0.222,
    "17": 0.21986,
    "18": 0.21709,
    "19": 0.2843,
    "20": 0.31778,
    "21": 0.32974,
    "22": 0.33516,
    "23": 0.29251
  }
}