{
  "day": "2023-03-02",
  "data": {
    "0": 0.19668,
    "1": 0.195,
    "2": 0.19563,
    "3": 0.194,
    "4": 0.19385,
    "5": 0.19838,
    "6": 0.19472,
    "7": 0.202,
    "8": 0.23097,
    "9": 0.21323,
    "10": 0.18178,
    "11": 0.22785,
    "12": 0.22721,
    "13": 0.22733,
    "14": 0.22663,
    "15": 0.1817,
    "16": 0.18463,
    "17": 0.21007,
    "18": 0.22261,
    "19": 0.28965,
    "20": 0.30908,
    "21": 0.2888,
    "22": 0.2837,
    "23": 0.23165
  }
}