{
  "day": "2023-03-06",
  "data": {
    "0": 0.20349,
    "1": 0.20756,
    "2": 0.20229,
    "3": 0.19304,
    "4": 0.19045,
    "5": 0.19328,
    "6": 0.1843,
    "7": 0.18688,
    "8": 0.22227,
    "9": 0.21772,
    "10": 0.21684,
    "11": 0.26524,
    "12": 0.26225,
    "13": 0.25623,
    "14": 0.25539,
    "15": 0.21233,
    "16": 0.21599,
    "17": 0.21946,
    "18": 0.22084,
    "19": 0.28413,
    "20": 0.29319,
    "21": 0.27491,
    "22": 0.26777,
    "23": 0.21404
  }
}