{
  "day": "2023-03-07",
  "data": {
    "0": 0.18861,
    "1": 0.18495,
    "2": 0.18317,
    "3": 0.17162,
    "4": 0.16024,
    "5": 0.15896,
    "6": 0.16221,
    "7": 0.18695,
    "8": 0.20813,
    "9": 0.20317,
    "10": 0.18163,
    "11": 0.21642,
    "12": 0.21534,
    "13": 0.20699,
    "14": 0.20272,
    "15": 0.15601,
    "16": 0.15891,
    "17": 0.17312,
    "18": 0.18613,
    "19": 0.25562,
    "20": 0.26884,
    "21": 0.26189,
    "22": 0.25849,
    "23": 0.18905
  }
}