{
  "day": "2023-03-09",
  "data": {
    "0": 0.13616,
    "1": 0.11146,
    "2": 0.10965,
    "3": 0.11206,
    "4": 0.11111,
    "5": 0.11083,
    "6": 0.14057,
    "7": 0.16731,
    "8": 0.18862,
    "9": 0.17786,
    "10": 0.15802,
    "11": 0.16887,
    "12": 0.16357,
    "13": 0.1593,
    "14": 0.13079,
    "15": 0.07504,
    "16": 0.0734,
    "17": 0.09097,
    "18": 0.12249,
    "19": 0.21261,
    "20": 0.23388,
    "21": 0.22211,
    "22": 0.18339,
    "23": 0.12369
  }
}