{
  "day": "2023-03-10",
  "data": {
    "0": 0.06424,
    "1": 0.05001,
    "2": 0.04003,
    "3": 0.0413,
    "4": 0.04241,
    "5": 0.05333,
    "6": 0.09125,
    "7": 0.10697,
    "8": 0.14255,
    "9": 0.11669,
    "10": 0.09297,
    "11": 0.12909,
    "12": 0.12538,
    "13": 0.11504,
    "14": 0.10432,
    "15": 0.05149,
    "16": 0.05671,
    "17": 0.07856,
    "18": 0.11909,
    "19": 0.21085,
    "20": 0.23712,
    "21": 0.22847,
    "22": 0.17684,
    "23": 0.12139
  }
}