{
  "day": "2023-03-11",
  "data": {
    "0": 0.07034,
    "1": 0.06162,
    "2": 0.0605,
    "3": 0.06397,
    "4": 0.05029,
    "5": 0.0504,
    "6": 0.05016,
    "7": 0.06766,
    "8": 0.06757,
    "9": 0.05383,
    "10": 0.04265,
    "11": 0.03084,
    "12": 0.0302,
    "13": 0.02932,
    "14": 0.02587,
    "15": 0.02645,
    "16": 0.02802,
    "17": 0.0436,
    "18": 0.07384,
    "19": 0.10241,
    "20": 0.14044,
    "21": 0.14157,
    "22": 0.12424,
    "23": 0.11253
  }
}