{
  "day": "2023-03-13",
  "data": {
    "0": 0.09065,
    "1": 0.08067,
    "2": 0.08758,
    "3": 0.08315,
    "4": 0.07799,
    "5": 0.08392,
    "6": 0.09754,
    "7": 0.13666,
    "8": 0.16512,
    "9": 0.11397,
    "10": 0.09519,
    "11": 0.12542,
    "12": 0.10334,
    "13": 0.10186,
    "14": 0.09636,
    "15": 0.05228,
    "16": 0.05478,
    "17": 0.05555,
    "18": 0.08708,
    "19": 0.15457,
    "20": 0.17834,
    "21": 0.15922,
    "22": 0.13622,
    "23": 0.08029
  }
}