{
  "day": "2023-03-14",
  "data": {
    "0": 0.03784,
    "1": 0.03123,
    "2": 0.03303,
    "3": 0.03373,
    "4": 0.03619,
    "5": 0.04567,
    "6": 0.08753,
    "7": 0.13841,
    "8": 0.16601,
    "9": 0.11411,
    "10": 0.08684,
    "11": 0.13225,
    "12": 0.12984,
    "13": 0.12727,
    "14": 0.12717,
    "15": 0.07121,
    "16": 0.08722,
    "17": 0.0945,
    "18": 0.14963,
    "19": 0.29252,
    "20": 0.3043,
    "21": 0.2778,
    "22": 0.27519,
    "23": 0.22188
  }
}