{
  "day": "2023-03-15",
  "data": {
    "0": 0.18083,
    "1": 0.17146,
    "2": 0.17077,
    "3": 0.16869,
    "4": 0.16894,
    "5": 0.18014,
    "6": 0.19215,
    "7": 0.21493,
    "8": 0.21495,
    "9": 0.19862,
    "10": 0.18213,
    "11": 0.2197,
    "12": 0.21576,
    "13": 0.21428,
    "14": 0.21436,
    "15": 0.17699,
    "16": 0.18053,
    "17": 0.20057,
    "18": 0.21034,
    "19": 0.31634,
    "20": 0.29734,
    "21": 0.26364,
    "22": 0.25768,
    "23": 0.19872
  }
}