{
  "day": "2023-03-17",
  "data": {
    "0": 0.12107,
    "1": 0.11802,
    "2": 0.11675,
    "3": 0.11074,
    "4": 0.11243,
    "5": 0.1213,
    "6": 0.12696,
    "7": 0.14098,
    "8": 0.16622,
    "9": 0.13476,
    "10": 0.10843,
    "11": 0.14801,
    "12": 0.12813,
    "13": 0.12464,
    "14": 0.12305,
    "15": 0.0777,
    "16": 0.0828,
    "17": 0.10531,
    "18": 0.11582,
    "19": 0.19947,
    "20": 0.24211,
    "21": 0.2272,
    "22": 0.22552,
    "23": 0.16275
  }
}