{
  "day": "2023-03-19",
  "data": {
    "0": 0.15625,
    "1": 0.15422,
    "2": 0.14981,
    "3": 0.15128,
    "4": 0.15069,
    "5": 0.15538,
    "6": 0.15025,
    "7": 0.15078,
    "8": 0.14639,
    "9": 0.11357,
    "10": 0.104,
    "11": 0.10221,
    "12": 0.10424,
    "13": 0.10759,
    "14": 0.10815,
    "15": 0.08639,
    "16": 0.09878,
    "17": 0.11171,
    "18": 0.14905,
    "19": 0.20124,
    "20": 0.19124,
    "21": 0.18096,
    "22": 0.17918,
    "23": 0.17754
  }
}