{
  "day": "2023-03-20",
  "data": {
    "0": 0.17256,
    "1": 0.16511,
    "2": 0.16435,
    "3": 0.16247,
    "4": 0.16239,
    "5": 0.16832,
    "6": 0.1851,
    "7": 0.19535,
    "8": 0.20936,
    "9": 0.18883,
    "10": 0.17873,
    "11": 0.21379,
    "12": 0.20872,
    "13": 0.20808,
    "14": 0.20625,
    "15": 0.16274,
    "16": 0.17586,
    "17": 0.19323,
    "18": 0.20039,
    "19": 0.28364,
    "20": 0.26801,
    "21": 0.24919,
    "22": 0.24247,
    "23": 0.18561
  }
}