{
  "day": "2023-03-21",
  "data": {
    "0": 0.16655,
    "1": 0.15924,
    "2": 0.15991,
    "3": 0.15797,
    "4": 0.15928,
    "5": 0.16658,
    "6": 0.17595,
    "7": 0.1911,
    "8": 0.20522,
    "9": 0.19075,
    "10": 0.17603,
    "11": 0.21304,
    "12": 0.20851,
    "13": 0.20593,
    "14": 0.20648,
    "15": 0.16114,
    "16": 0.16595,
    "17": 0.17818,
    "18": 0.1993,
    "19": 0.2587,
    "20": 0.25131,
    "21": 0.24911,
    "22": 0.24586,
    "23": 0.19399
  }
}