{
  "day": "2023-03-22",
  "data": {
    "0": 0.15084,
    "1": 0.1422,
    "2": 0.14977,
    "3": 0.15899,
    "4": 0.15974,
    "5": 0.16281,
    "6": 0.1627,
    "7": 0.16619,
    "8": 0.18569,
    "9": 0.16083,
    "10": 0.1296,
    "11": 0.17173,
    "12": 0.16459,
    "13": 0.16055,
    "14": 0.1713,
    "15": 0.12777,
    "16": 0.13369,
    "17": 0.16607,
    "18": 0.18725,
    "19": 0.25675,
    "20": 0.23898,
    "21": 0.23735,
    "22": 0.23477,
    "23": 0.18068
  }
}