{
  "day": "2023-03-23",
  "data": {
    "0": 0.14286,
    "1": 0.1309,
    "2": 0.12419,
    "3": 0.12578,
    "4": 0.12565,
    "5": 0.13673,
    "6": 0.14619,
    "7": 0.15357,
    "8": 0.17332,
    "9": 0.14845,
    "10": 0.11786,
    "11": 0.1487,
    "12": 0.14342,
    "13": 0.14099,
    "14": 0.15736,
    "15": 0.11362,
    "16": 0.11927,
    "17": 0.1292,
    "18": 0.17027,
    "19": 0.2271,
    "20": 0.23551,
    "21": 0.22432,
    "22": 0.21686,
    "23": 0.16396
  }
}