{
  "day": "2023-03-28",
  "data": {
    "0": 0.17758,
    "1": 0.16718,
    "2": 0.1633,
    "3": 0.16009,
    "4": 0.1534,
    "5": 0.16268,
    "6": 0.17511,
    "7": 0.19295,
    "8": 0.22557,
    "9": 0.1878,
    "10": 0.17823,
    "11": 0.2086,
    "12": 0.1944,
    "13": 0.185,
    "14": 0.17809,
    "15": 0.12976,
    "16": 0.13012,
    "17": 0.13451,
    "18": 0.1514,
    "19": 0.24144,
    "20": 0.27919,
    "21": 0.25481,
    "22": 0.24258,
    "23": 0.18186
  }
}