{
  "day": "2022-01-02",
  "data": {
    "0": 0.18621,
    "1": 0.16859,
    "2": 0.16436,
    "3": 0.1688,
    "4": 0.17315,
    "5": 0.16753,
    "6": 0.17081,
    "7": 0.18378,
    "8": 0.16548,
    "9": 0.16064,
    "10": 0.15362,
    "11": 0.14137,
    "12": 0.14113,
    "13": 0.14785,
    "14": 0.15449,
    "15": 0.14814,
    "16": 0.15993,
    "17": 0.21037,
    "18": 0.25285,
    "19": 0.25534,
    "20": 0.26748,
    "21": 0.26811,
    "22": 0.2477,
    "23": 0.23227
  }
}