{
  "day": "2022-01-04",
  "data": {
    "0": 0.17465,
    "1": 0.16391,
    "2": 0.16168,
    "3": 0.15358,
    "4": 0.15268,
    "5": 0.16379,
    "6": 0.20656,
    "7": 0.20743,
    "8": 0.25267,
    "9": 0.2652,
    "10": 0.26359,
    "11": 0.32375,
    "12": 0.32376,
    "13": 0.32006,
    "14": 0.30132,
    "15": 0.22599,
    "16": 0.22876,
    "17": 0.2383,
    "18": 0.26225,
    "19": 0.32457,
    "20": 0.29928,
    "21": 0.29142,
    "22": 0.28058,
    "23": 0.17407
  }
}