{
  "day": "2022-01-05",
  "data": {
    "0": 0.16659,
    "1": 0.14969,
    "2": 0.12537,
    "3": 0.11473,
    "4": 0.119,
    "5": 0.13839,
    "6": 0.22558,
    "7": 0.26278,
    "8": 0.29049,
    "9": 0.29289,
    "10": 0.28638,
    "11": 0.34834,
    "12": 0.34565,
    "13": 0.34263,
    "14": 0.34069,
    "15": 0.27727,
    "16": 0.28609,
    "17": 0.29159,
    "18": 0.30826,
    "19": 0.40858,
    "20": 0.39905,
    "21": 0.37209,
    "22": 0.35958,
    "23": 0.28357
  }
}