{
  "day": "2022-01-07",
  "data": {
    "0": 0.28147,
    "1": 0.25467,
    "2": 0.24439,
    "3": 0.22746,
    "4": 0.2253,
    "5": 0.22636,
    "6": 0.22544,
    "7": 0.27605,
    "8": 0.32912,
    "9": 0.33597,
    "10": 0.32257,
    "11": 0.38369,
    "12": 0.36474,
    "13": 0.35973,
    "14": 0.35465,
    "15": 0.29013,
    "16": 0.30309,
    "17": 0.33249,
    "18": 0.35302,
    "19": 0.41028,
    "20": 0.40424,
    "21": 0.40534,
    "22": 0.39786,
    "23": 0.30451
  }
}