{
  "day": "2022-01-09",
  "data": {
    "0": 0.16124,
    "1": 0.14056,
    "2": 0.12935,
    "3": 0.10083,
    "4": 0.0901,
    "5": 0.0945,
    "6": 0.12358,
    "7": 0.14044,
    "8": 0.15719,
    "9": 0.19205,
    "10": 0.18828,
    "11": 0.16306,
    "12": 0.10219,
    "13": 0.10217,
    "14": 0.08797,
    "15": 0.03635,
    "16": 0.13604,
    "17": 0.21744,
    "18": 0.27174,
    "19": 0.30697,
    "20": 0.29563,
    "21": 0.27539,
    "22": 0.27899,
    "23": 0.25128
  }
}