{
  "day": "2022-01-10",
  "data": {
    "0": 0.26258,
    "1": 0.22799,
    "2": 0.22069,
    "3": 0.22204,
    "4": 0.22281,
    "5": 0.23849,
    "6": 0.26371,
    "7": 0.28776,
    "8": 0.32099,
    "9": 0.32644,
    "10": 0.32319,
    "11": 0.38014,
    "12": 0.37289,
    "13": 0.36522,
    "14": 0.3535,
    "15": 0.27882,
    "16": 0.30679,
    "17": 0.34718,
    "18": 0.38426,
    "19": 0.46432,
    "20": 0.43273,
    "21": 0.40378,
    "22": 0.3745,
    "23": 0.28401
  }
}