{
  "day": "2022-01-12",
  "data": {
    "0": 0.25257,
    "1": 0.24236,
    "2": 0.23997,
    "3": 0.23451,
    "4": 0.23298,
    "5": 0.24666,
    "6": 0.23768,
    "7": 0.25155,
    "8": 0.29734,
    "9": 0.28257,
    "10": 0.27493,
    "11": 0.34062,
    "12": 0.34134,
    "13": 0.34206,
    "14": 0.34226,
    "15": 0.27645,
    "16": 0.27814,
    "17": 0.31078,
    "18": 0.3455,
    "19": 0.42194,
    "20": 0.41267,
    "21": 0.37695,
    "22": 0.36667,
    "23": 0.28289
  }
}