{
  "day": "2022-01-15",
  "data": {
    "0": 0.28634,
    "1": 0.28074,
    "2": 0.27622,
    "3": 0.26141,
    "4": 0.25756,
    "5": 0.2598,
    "6": 0.26511,
    "7": 0.28323,
    "8": 0.28755,
    "9": 0.28687,
    "10": 0.27947,
    "11": 0.26961,
    "12": 0.26224,
    "13": 0.25189,
    "14": 0.25625,
    "15": 0.2709,
    "16": 0.27889,
    "17": 0.29671,
    "18": 0.33966,
    "19": 0.33175,
    "20": 0.30971,
    "21": 0.29149,
    "22": 0.28512,
    "23": 0.27881
  }
}