{
  "day": "2022-01-17",
  "data": {
    "0": 0.32378,
    "1": 0.31603,
    "2": 0.30512,
    "3": 0.28472,
    "4": 0.27728,
    "5": 0.29258,
    "6": 0.31688,
    "7": 0.33824,
    "8": 0.35517,
    "9": 0.34204,
    "10": 0.32526,
    "11": 0.38812,
    "12": 0.38793,
    "13": 0.38766,
    "14": 0.38678,
    "15": 0.31218,
    "16": 0.32012,
    "17": 0.33736,
    "18": 0.35689,
    "19": 0.45294,
    "20": 0.44398,
    "21": 0.42158,
    "22": 0.41217,
    "23": 0.32127
  }
}