{
  "day": "2022-01-18",
  "data": {
    "0": 0.2749,
    "1": 0.26397,
    "2": 0.26172,
    "3": 0.25494,
    "4": 0.25454,
    "5": 0.26685,
    "6": 0.28577,
    "7": 0.2846,
    "8": 0.32016,
    "9": 0.31506,
    "10": 0.30088,
    "11": 0.36535,
    "12": 0.3643,
    "13": 0.36408,
    "14": 0.36341,
    "15": 0.291,
    "16": 0.29961,
    "17": 0.31706,
    "18": 0.34554,
    "19": 0.43762,
    "20": 0.42239,
    "21": 0.39987,
    "22": 0.38399,
    "23": 0.30099
  }
}