{
  "day": "2022-01-21",
  "data": {
    "0": 0.23385,
    "1": 0.21626,
    "2": 0.2122,
    "3": 0.20658,
    "4": 0.20671,
    "5": 0.21139,
    "6": 0.21108,
    "7": 0.23442,
    "8": 0.28292,
    "9": 0.28132,
    "10": 0.2567,
    "11": 0.30052,
    "12": 0.2989,
    "13": 0.29964,
    "14": 0.29943,
    "15": 0.22958,
    "16": 0.23439,
    "17": 0.26097,
    "18": 0.28751,
    "19": 0.36778,
    "20": 0.36768,
    "21": 0.3623,
    "22": 0.35405,
    "23": 0.26513
  }
}