{
  "day": "2022-01-24",
  "data": {
    "0": 0.24933,
    "1": 0.23932,
    "2": 0.23936,
    "3": 0.23831,
    "4": 0.23813,
    "5": 0.25193,
    "6": 0.28775,
    "7": 0.297,
    "8": 0.33004,
    "9": 0.3296,
    "10": 0.32307,
    "11": 0.38612,
    "12": 0.38244,
    "13": 0.38198,
    "14": 0.38108,
    "15": 0.3137,
    "16": 0.31598,
    "17": 0.32648,
    "18": 0.35804,
    "19": 0.46741,
    "20": 0.44156,
    "21": 0.41217,
    "22": 0.39546,
    "23": 0.30283
  }
}