{
  "day": "2022-01-25",
  "data": {
    "0": 0.28225,
    "1": 0.2751,
    "2": 0.26492,
    "3": 0.25625,
    "4": 0.25969,
    "5": 0.27847,
    "6": 0.28565,
    "7": 0.28485,
    "8": 0.32106,
    "9": 0.31877,
    "10": 0.30803,
    "11": 0.37159,
    "12": 0.36741,
    "13": 0.36367,
    "14": 0.36438,
    "15": 0.30004,
    "16": 0.3086,
    "17": 0.31564,
    "18": 0.32667,
    "19": 0.4085,
    "20": 0.41871,
    "21": 0.402,
    "22": 0.38884,
    "23": 0.30186
  }
}