{
  "day": "2022-01-27",
  "data": {
    "0": 0.30414,
    "1": 0.2968,
    "2": 0.29733,
    "3": 0.28896,
    "4": 0.28626,
    "5": 0.28557,
    "6": 0.28507,
    "7": 0.29633,
    "8": 0.33613,
    "9": 0.33559,
    "10": 0.32113,
    "11": 0.38099,
    "12": 0.38172,
    "13": 0.38265,
    "14": 0.37778,
    "15": 0.3075,
    "16": 0.31414,
    "17": 0.32413,
    "18": 0.33312,
    "19": 0.40873,
    "20": 0.40835,
    "21": 0.39625,
    "22": 0.37092,
    "23": 0.31108
  }
}