{
  "day": "2022-01-28",
  "data": {
    "0": 0.29654,
    "1": 0.28479,
    "2": 0.2726,
    "3": 0.2613,
    "4": 0.24981,
    "5": 0.26598,
    "6": 0.28492,
    "7": 0.30266,
    "8": 0.33803,
    "9": 0.33189,
    "10": 0.312,
    "11": 0.37102,
    "12": 0.36652,
    "13": 0.3603,
    "14": 0.33902,
    "15": 0.28244,
    "16": 0.29723,
    "17": 0.32517,
    "18": 0.33972,
    "19": 0.41729,
    "20": 0.41091,
    "21": 0.39832,
    "22": 0.38761,
    "23": 0.30571
  }
}