{
  "day": "2022-01-29",
  "data": {
    "0": 0.29496,
    "1": 0.28475,
    "2": 0.26576,
    "3": 0.27417,
    "4": 0.27147,
    "5": 0.26471,
    "6": 0.27613,
    "7": 0.29385,
    "8": 0.30743,
    "9": 0.29995,
    "10": 0.29665,
    "11": 0.27801,
    "12": 0.27402,
    "13": 0.26776,
    "14": 0.26215,
    "15": 0.23293,
    "16": 0.23631,
    "17": 0.28467,
    "18": 0.31493,
    "19": 0.33411,
    "20": 0.33018,
    "21": 0.33098,
    "22": 0.32009,
    "23": 0.31467
  }
}