{
  "day": "2021-08-03",
  "data": {
    "0": 0.13715,
    "1": 0.13593,
    "2": 0.13354,
    "3": 0.13284,
    "4": 0.13392,
    "5": 0.1353,
    "6": 0.14,
    "7": 0.14129,
    "8": 0.17806,
    "9": 0.17431,
    "10": 0.26326,
    "11": 0.26241,
    "12": 0.26281,
    "13": 0.26247,
    "14": 0.16815,
    "15": 0.16715,
    "16": 0.16226,
    "17": 0.16248,
    "18": 0.25618,
    "19": 0.26475,
    "20": 0.26714,
    "21": 0.26837,
    "22": 0.17352,
    "23": 0.17152
  }
}