{
  "day": "2021-08-06",
  "data": {
    "0": 0.13542,
    "1": 0.13531,
    "2": 0.13165,
    "3": 0.13143,
    "4": 0.13083,
    "5": 0.13294,
    "6": 0.13197,
    "7": 0.13438,
    "8": 0.17101,
    "9": 0.16859,
    "10": 0.25902,
    "11": 0.25787,
    "12": 0.25865,
    "13": 0.25809,
    "14": 0.16165,
    "15": 0.14541,
    "16": 0.13572,
    "17": 0.13112,
    "18": 0.22478,
    "19": 0.23378,
    "20": 0.26405,
    "21": 0.26481,
    "22": 0.1721,
    "23": 0.17204
  }
}