{
  "day": "2021-08-07",
  "data": {
    "0": 0.13476,
    "1": 0.13114,
    "2": 0.12452,
    "3": 0.1218,
    "4": 0.11577,
    "5": 0.11508,
    "6": 0.1206,
    "7": 0.12129,
    "8": 0.11789,
    "9": 0.09876,
    "10": 0.08565,
    "11": 0.07884,
    "12": 0.07599,
    "13": 0.06686,
    "14": 0.03947,
    "15": 0.02507,
    "16": 0.01865,
    "17": 0.0199,
    "18": 0.0342,
    "19": 0.09,
    "20": 0.11479,
    "21": 0.13227,
    "22": 0.13485,
    "23": 0.12594
  }
}