{
  "day": "2021-08-08",
  "data": {
    "0": 0.13652,
    "1": 0.128,
    "2": 0.12567,
    "3": 0.12444,
    "4": 0.12445,
    "5": 0.12418,
    "6": 0.12409,
    "7": 0.12366,
    "8": 0.12272,
    "9": 0.10221,
    "10": 0.09742,
    "11": 0.09985,
    "12": 0.10036,
    "13": 0.10366,
    "14": 0.10301,
    "15": 0.0998,
    "16": 0.09269,
    "17": 0.09025,
    "18": 0.10242,
    "19": 0.12102,
    "20": 0.13458,
    "21": 0.13725,
    "22": 0.13785,
    "23": 0.13759
  }
}