{
  "day": "2021-08-10",
  "data": {
    "0": 0.14599,
    "1": 0.14398,
    "2": 0.13904,
    "3": 0.13789,
    "4": 0.14162,
    "5": 0.14299,
    "6": 0.1453,
    "7": 0.1463,
    "8": 0.18384,
    "9": 0.1805,
    "10": 0.26891,
    "11": 0.26822,
    "12": 0.26804,
    "13": 0.26717,
    "14": 0.17002,
    "15": 0.1664,
    "16": 0.16394,
    "17": 0.16635,
    "18": 0.26077,
    "19": 0.27518,
    "20": 0.28014,
    "21": 0.2818,
    "22": 0.18587,
    "23": 0.18249
  }
}