{
  "day": "2021-08-11",
  "data": {
    "0": 0.14611,
    "1": 0.13941,
    "2": 0.13504,
    "3": 0.1296,
    "4": 0.13101,
    "5": 0.13592,
    "6": 0.14488,
    "7": 0.14762,
    "8": 0.18603,
    "9": 0.18314,
    "10": 0.27203,
    "11": 0.27067,
    "12": 0.27089,
    "13": 0.27118,
    "14": 0.17642,
    "15": 0.17375,
    "16": 0.17198,
    "17": 0.17402,
    "18": 0.27266,
    "19": 0.28492,
    "20": 0.28648,
    "21": 0.28895,
    "22": 0.1917,
    "23": 0.18853
  }
}