{
  "day": "2021-08-17",
  "data": {
    "0": 0.12615,
    "1": 0.12291,
    "2": 0.12175,
    "3": 0.12188,
    "4": 0.12093,
    "5": 0.11961,
    "6": 0.122,
    "7": 0.11953,
    "8": 0.15289,
    "9": 0.14999,
    "10": 0.23993,
    "11": 0.23984,
    "12": 0.24041,
    "13": 0.24447,
    "14": 0.15213,
    "15": 0.14874,
    "16": 0.14671,
    "17": 0.14673,
    "18": 0.24537,
    "19": 0.25851,
    "20": 0.2758,
    "21": 0.28885,
    "22": 0.18838,
    "23": 0.17026
  }
}