{
  "day": "2021-08-18",
  "data": {
    "0": 0.12772,
    "1": 0.12365,
    "2": 0.12345,
    "3": 0.12421,
    "4": 0.1239,
    "5": 0.12299,
    "6": 0.12802,
    "7": 0.13909,
    "8": 0.18152,
    "9": 0.18219,
    "10": 0.25631,
    "11": 0.2578,
    "12": 0.26287,
    "13": 0.27145,
    "14": 0.18179,
    "15": 0.18216,
    "16": 0.17719,
    "17": 0.17542,
    "18": 0.27005,
    "19": 0.28349,
    "20": 0.29494,
    "21": 0.29553,
    "22": 0.20178,
    "23": 0.19379
  }
}