{
  "day": "2021-08-19",
  "data": {
    "0": 0.13846,
    "1": 0.12606,
    "2": 0.12439,
    "3": 0.12157,
    "4": 0.12105,
    "5": 0.1207,
    "6": 0.14589,
    "7": 0.15185,
    "8": 0.1904,
    "9": 0.18383,
    "10": 0.26983,
    "11": 0.27267,
    "12": 0.27795,
    "13": 0.27965,
    "14": 0.18541,
    "15": 0.18239,
    "16": 0.18204,
    "17": 0.18187,
    "18": 0.27793,
    "19": 0.28889,
    "20": 0.29358,
    "21": 0.295,
    "22": 0.20052,
    "23": 0.19869
  }
}