{
  "day": "2021-08-20",
  "data": {
    "0": 0.15298,
    "1": 0.15219,
    "2": 0.15048,
    "3": 0.14868,
    "4": 0.14784,
    "5": 0.14787,
    "6": 0.15198,
    "7": 0.15308,
    "8": 0.19077,
    "9": 0.18634,
    "10": 0.27575,
    "11": 0.27214,
    "12": 0.27314,
    "13": 0.27002,
    "14": 0.17665,
    "15": 0.16741,
    "16": 0.16671,
    "17": 0.16788,
    "18": 0.27257,
    "19": 0.28438,
    "20": 0.28976,
    "21": 0.2889,
    "22": 0.19233,
    "23": 0.18995
  }
}