{
  "day": "2021-08-22",
  "data": {
    "0": 0.14369,
    "1": 0.14228,
    "2": 0.13893,
    "3": 0.14196,
    "4": 0.13855,
    "5": 0.13454,
    "6": 0.14036,
    "7": 0.14096,
    "8": 0.13947,
    "9": 0.13117,
    "10": 0.11856,
    "11": 0.11828,
    "12": 0.12785,
    "13": 0.13748,
    "14": 0.13734,
    "15": 0.11576,
    "16": 0.11572,
    "17": 0.11584,
    "18": 0.1161,
    "19": 0.12436,
    "20": 0.13427,
    "21": 0.14295,
    "22": 0.14169,
    "23": 0.12379
  }
}