{
  "day": "2021-08-24",
  "data": {
    "0": 0.1154,
    "1": 0.11485,
    "2": 0.11434,
    "3": 0.11426,
    "4": 0.11387,
    "5": 0.11575,
    "6": 0.11767,
    "7": 0.12013,
    "8": 0.1755,
    "9": 0.17015,
    "10": 0.25665,
    "11": 0.25143,
    "12": 0.2465,
    "13": 0.25487,
    "14": 0.17553,
    "15": 0.17601,
    "16": 0.17865,
    "17": 0.17892,
    "18": 0.27192,
    "19": 0.27594,
    "20": 0.28169,
    "21": 0.28379,
    "22": 0.1892,
    "23": 0.18642
  }
}