{
  "day": "2021-08-26",
  "data": {
    "0": 0.1563,
    "1": 0.1555,
    "2": 0.1543,
    "3": 0.15273,
    "4": 0.15248,
    "5": 0.15318,
    "6": 0.15497,
    "7": 0.15404,
    "8": 0.18956,
    "9": 0.18785,
    "10": 0.27982,
    "11": 0.27706,
    "12": 0.27782,
    "13": 0.27986,
    "14": 0.188,
    "15": 0.1853,
    "16": 0.18624,
    "17": 0.18576,
    "18": 0.28045,
    "19": 0.2852,
    "20": 0.28806,
    "21": 0.29272,
    "22": 0.19759,
    "23": 0.19239
  }
}