{
  "day": "2021-08-27",
  "data": {
    "0": 0.15811,
    "1": 0.15607,
    "2": 0.15424,
    "3": 0.15292,
    "4": 0.15243,
    "5": 0.15181,
    "6": 0.15271,
    "7": 0.15229,
    "8": 0.18768,
    "9": 0.18588,
    "10": 0.27726,
    "11": 0.2772,
    "12": 0.27817,
    "13": 0.27781,
    "14": 0.18418,
    "15": 0.16984,
    "16": 0.17169,
    "17": 0.16938,
    "18": 0.26576,
    "19": 0.28134,
    "20": 0.28615,
    "21": 0.28827,
    "22": 0.19374,
    "23": 0.19027
  }
}