{
  "day": "2021-08-29",
  "data": {
    "0": 0.13764,
    "1": 0.12728,
    "2": 0.12706,
    "3": 0.12847,
    "4": 0.12881,
    "5": 0.12814,
    "6": 0.13771,
    "7": 0.1381,
    "8": 0.1362,
    "9": 0.13731,
    "10": 0.12216,
    "11": 0.1219,
    "12": 0.12202,
    "13": 0.12607,
    "14": 0.12883,
    "15": 0.12203,
    "16": 0.12201,
    "17": 0.12323,
    "18": 0.12428,
    "19": 0.14465,
    "20": 0.16138,
    "21": 0.16392,
    "22": 0.16219,
    "23": 0.16123
  }
}