{
  "day": "2021-08-30",
  "data": {
    "0": 0.15785,
    "1": 0.15265,
    "2": 0.14729,
    "3": 0.14687,
    "4": 0.15152,
    "5": 0.15653,
    "6": 0.15914,
    "7": 0.16105,
    "8": 0.19866,
    "9": 0.19855,
    "10": 0.28652,
    "11": 0.28325,
    "12": 0.28237,
    "13": 0.28206,
    "14": 0.18883,
    "15": 0.18669,
    "16": 0.18554,
    "17": 0.18725,
    "18": 0.28097,
    "19": 0.28884,
    "20": 0.29114,
    "21": 0.29566,
    "22": 0.19833,
    "23": 0.19584
  }
}