{
  "day": "2022-04-02",
  "data": {
    "0": 0.36474,
    "1": 0.36086,
    "2": 0.35703,
    "3": 0.33811,
    "4": 0.33756,
    "5": 0.33064,
    "6": 0.34138,
    "7": 0.32206,
    "8": 0.33265,
    "9": 0.29491,
    "10": 0.23013,
    "11": 0.19774,
    "12": 0.19118,
    "13": 0.20901,
    "14": 0.19512,
    "15": 0.17692,
    "16": 0.16996,
    "17": 0.13374,
    "18": 0.23051,
    "19": 0.31611,
    "20": 0.36443,
    "21": 0.36554,
    "22": 0.36207,
    "23": 0.35544
  }
}