{
  "day": "2022-04-03",
  "data": {
    "0": 0.36108,
    "1": 0.36063,
    "2": 0.36116,
    "3": 0.3594,
    "4": 0.3397,
    "5": 0.34286,
    "6": 0.35426,
    "7": 0.35792,
    "8": 0.35667,
    "9": 0.31879,
    "10": 0.27747,
    "11": 0.23041,
    "12": 0.21917,
    "13": 0.21916,
    "14": 0.21894,
    "15": 0.22012,
    "16": 0.18444,
    "17": 0.17563,
    "18": 0.2219,
    "19": 0.26338,
    "20": 0.34045,
    "21": 0.34694,
    "22": 0.32989,
    "23": 0.2623
  }
}