{
  "day": "2022-04-06",
  "data": {
    "0": 0.34239,
    "1": 0.3308,
    "2": 0.32736,
    "3": 0.31959,
    "4": 0.32315,
    "5": 0.33429,
    "6": 0.3586,
    "7": 0.36828,
    "8": 0.41715,
    "9": 0.38583,
    "10": 0.3757,
    "11": 0.38963,
    "12": 0.3808,
    "13": 0.33468,
    "14": 0.34908,
    "15": 0.2807,
    "16": 0.27604,
    "17": 0.27592,
    "18": 0.27767,
    "19": 0.3569,
    "20": 0.41515,
    "21": 0.40974,
    "22": 0.39946,
    "23": 0.33724
  }
}