{
  "day": "2022-04-08",
  "data": {
    "0": 0.2769,
    "1": 0.23765,
    "2": 0.22415,
    "3": 0.22386,
    "4": 0.22424,
    "5": 0.22488,
    "6": 0.23099,
    "7": 0.30351,
    "8": 0.34308,
    "9": 0.26722,
    "10": 0.22535,
    "11": 0.25599,
    "12": 0.2057,
    "13": 0.18087,
    "14": 0.11125,
    "15": 0.05008,
    "16": 0.05077,
    "17": 0.06362,
    "18": 0.16698,
    "19": 0.28962,
    "20": 0.38235,
    "21": 0.37937,
    "22": 0.38257,
    "23": 0.32425
  }
}