{
  "day": "2022-04-11",
  "data": {
    "0": 0.20338,
    "1": 0.1675,
    "2": 0.14934,
    "3": 0.15697,
    "4": 0.17615,
    "5": 0.21348,
    "6": 0.2198,
    "7": 0.31981,
    "8": 0.36144,
    "9": 0.33701,
    "10": 0.29148,
    "11": 0.26805,
    "12": 0.23359,
    "13": 0.19531,
    "14": 0.16603,
    "15": 0.11142,
    "16": 0.12062,
    "17": 0.17998,
    "18": 0.22521,
    "19": 0.37324,
    "20": 0.4033,
    "21": 0.40451,
    "22": 0.39123,
    "23": 0.29819
  }
}