{
  "day": "2022-04-13",
  "data": {
    "0": 0.30027,
    "1": 0.29025,
    "2": 0.28093,
    "3": 0.26103,
    "4": 0.24866,
    "5": 0.2702,
    "6": 0.31061,
    "7": 0.31775,
    "8": 0.35336,
    "9": 0.33628,
    "10": 0.3209,
    "11": 0.35754,
    "12": 0.34877,
    "13": 0.32367,
    "14": 0.3191,
    "15": 0.26839,
    "16": 0.27531,
    "17": 0.30167,
    "18": 0.29566,
    "19": 0.37254,
    "20": 0.38346,
    "21": 0.38523,
    "22": 0.38193,
    "23": 0.31309
  }
}