{
  "day": "2022-04-14",
  "data": {
    "0": 0.29191,
    "1": 0.26601,
    "2": 0.26035,
    "3": 0.25975,
    "4": 0.26196,
    "5": 0.26719,
    "6": 0.30446,
    "7": 0.30681,
    "8": 0.33975,
    "9": 0.32346,
    "10": 0.29359,
    "11": 0.3207,
    "12": 0.31128,
    "13": 0.31625,
    "14": 0.31809,
    "15": 0.27143,
    "16": 0.27103,
    "17": 0.28208,
    "18": 0.31068,
    "19": 0.37581,
    "20": 0.40583,
    "21": 0.3937,
    "22": 0.38739,
    "23": 0.32283
  }
}