{
  "day": "2022-04-15",
  "data": {
    "0": 0.27452,
    "1": 0.26548,
    "2": 0.26297,
    "3": 0.26087,
    "4": 0.25976,
    "5": 0.26541,
    "6": 0.27252,
    "7": 0.28836,
    "8": 0.32967,
    "9": 0.31706,
    "10": 0.26807,
    "11": 0.29117,
    "12": 0.29117,
    "13": 0.2882,
    "14": 0.28042,
    "15": 0.22963,
    "16": 0.23535,
    "17": 0.25372,
    "18": 0.27989,
    "19": 0.36426,
    "20": 0.36688,
    "21": 0.36516,
    "22": 0.36718,
    "23": 0.29906
  }
}