{
  "day": "2022-04-18",
  "data": {
    "0": 0.15122,
    "1": 0.14616,
    "2": 0.15357,
    "3": 0.15757,
    "4": 0.16177,
    "5": 0.16907,
    "6": 0.16963,
    "7": 0.17175,
    "8": 0.19828,
    "9": 0.19002,
    "10": 0.16322,
    "11": 0.19997,
    "12": 0.20548,
    "13": 0.17023,
    "14": 0.15206,
    "15": 0.12381,
    "16": 0.14676,
    "17": 0.13169,
    "18": 0.13642,
    "19": 0.21434,
    "20": 0.32087,
    "21": 0.34018,
    "22": 0.29975,
    "23": 0.22438
  }
}