{
  "day": "2022-04-19",
  "data": {
    "0": 0.16408,
    "1": 0.13961,
    "2": 0.13473,
    "3": 0.13758,
    "4": 0.13785,
    "5": 0.13972,
    "6": 0.18559,
    "7": 0.20373,
    "8": 0.24502,
    "9": 0.22616,
    "10": 0.21379,
    "11": 0.24532,
    "12": 0.22792,
    "13": 0.21225,
    "14": 0.19475,
    "15": 0.132,
    "16": 0.11689,
    "17": 0.11262,
    "18": 0.12555,
    "19": 0.19734,
    "20": 0.26198,
    "21": 0.27069,
    "22": 0.2629,
    "23": 0.16093
  }
}