{
  "day": "2022-04-20",
  "data": {
    "0": 0.16623,
    "1": 0.14229,
    "2": 0.1225,
    "3": 0.11393,
    "4": 0.11937,
    "5": 0.13112,
    "6": 0.14011,
    "7": 0.18997,
    "8": 0.22022,
    "9": 0.21135,
    "10": 0.18818,
    "11": 0.19251,
    "12": 0.17359,
    "13": 0.16291,
    "14": 0.14014,
    "15": 0.06083,
    "16": 0.05728,
    "17": 0.05809,
    "18": 0.09008,
    "19": 0.17638,
    "20": 0.2162,
    "21": 0.25835,
    "22": 0.23828,
    "23": 0.15586
  }
}