{
  "day": "2022-04-21",
  "data": {
    "0": 0.20068,
    "1": 0.19392,
    "2": 0.19605,
    "3": 0.20278,
    "4": 0.2096,
    "5": 0.22296,
    "6": 0.22723,
    "7": 0.25732,
    "8": 0.29325,
    "9": 0.2474,
    "10": 0.22891,
    "11": 0.2665,
    "12": 0.26031,
    "13": 0.25828,
    "14": 0.21497,
    "15": 0.16604,
    "16": 0.16764,
    "17": 0.19126,
    "18": 0.22411,
    "19": 0.29871,
    "20": 0.34957,
    "21": 0.34197,
    "22": 0.32383,
    "23": 0.26237
  }
}