{
  "day": "2022-04-24",
  "data": {
    "0": 0.19673,
    "1": 0.17009,
    "2": 0.17001,
    "3": 0.17031,
    "4": 0.16445,
    "5": 0.17676,
    "6": 0.19459,
    "7": 0.20122,
    "8": 0.21843,
    "9": 0.20435,
    "10": 0.16467,
    "11": 0.15221,
    "12": 0.15579,
    "13": 0.175,
    "14": 0.16052,
    "15": 0.15393,
    "16": 0.14895,
    "17": 0.16127,
    "18": 0.22135,
    "19": 0.25689,
    "20": 0.28074,
    "21": 0.31281,
    "22": 0.31268,
    "23": 0.30246
  }
}