{
  "day": "2022-04-29",
  "data": {
    "0": 0.25496,
    "1": 0.25529,
    "2": 0.25676,
    "3": 0.25882,
    "4": 0.26132,
    "5": 0.27057,
    "6": 0.28816,
    "7": 0.303,
    "8": 0.33866,
    "9": 0.31131,
    "10": 0.28315,
    "11": 0.31953,
    "12": 0.30827,
    "13": 0.30314,
    "14": 0.3012,
    "15": 0.25681,
    "16": 0.2687,
    "17": 0.27793,
    "18": 0.27719,
    "19": 0.34344,
    "20": 0.38163,
    "21": 0.38138,
    "22": 0.37173,
    "23": 0.29842
  }
}