{
  "day": "2024-07-02",
  "data": {
    "0": 0.11319,
    "1": 0.09814,
    "2": 0.08816,
    "3": 0.08617,
    "4": 0.08799,
    "5": 0.0903,
    "6": 0.10348,
    "7": 0.13395,
    "8": 0.13288,
    "9": 0.11439,
    "10": 0.09994,
    "11": 0.14641,
    "12": 0.14174,
    "13": 0.13953,
    "14": 0.13348,
    "15": 0.06892,
    "16": 0.06899,
    "17": 0.07633,
    "18": 0.10208,
    "19": 0.15678,
    "20": 0.19599,
    "21": 0.23318,
    "22": 0.23378,
    "23": 0.16186
  }
}