{
  "day": "2024-07-03",
  "data": {
    "0": 0.13847,
    "1": 0.12817,
    "2": 0.12581,
    "3": 0.11661,
    "4": 0.11543,
    "5": 0.10953,
    "6": 0.12817,
    "7": 0.14655,
    "8": 0.16783,
    "9": 0.14538,
    "10": 0.11496,
    "11": 0.14942,
    "12": 0.14478,
    "13": 0.13083,
    "14": 0.12351,
    "15": 0.0695,
    "16": 0.06364,
    "17": 0.07363,
    "18": 0.09092,
    "19": 0.15003,
    "20": 0.21396,
    "21": 0.22541,
    "22": 0.22584,
    "23": 0.16421
  }
}