{
  "day": "2024-07-04",
  "data": {
    "0": 0.14084,
    "1": 0.12565,
    "2": 0.11874,
    "3": 0.12958,
    "4": 0.12571,
    "5": 0.13244,
    "6": 0.14187,
    "7": 0.17144,
    "8": 0.15475,
    "9": 0.10434,
    "10": 0.06026,
    "11": 0.10329,
    "12": 0.10355,
    "13": 0.10337,
    "14": 0.10565,
    "15": 0.05464,
    "16": 0.05473,
    "17": 0.0556,
    "18": 0.06519,
    "19": 0.15962,
    "20": 0.20629,
    "21": 0.21852,
    "22": 0.21813,
    "23": 0.15804
  }
}