{
  "day": "2024-07-08",
  "data": {
    "0": 0.14063,
    "1": 0.1283,
    "2": 0.12856,
    "3": 0.12815,
    "4": 0.12504,
    "5": 0.12638,
    "6": 0.12973,
    "7": 0.15169,
    "8": 0.17052,
    "9": 0.14356,
    "10": 0.11122,
    "11": 0.14499,
    "12": 0.13821,
    "13": 0.13513,
    "14": 0.13612,
    "15": 0.09204,
    "16": 0.092,
    "17": 0.10017,
    "18": 0.10521,
    "19": 0.19852,
    "20": 0.22149,
    "21": 0.23112,
    "22": 0.22603,
    "23": 0.16572
  }
}