{
  "day": "2024-07-10",
  "data": {
    "0": 0.14148,
    "1": 0.14073,
    "2": 0.13808,
    "3": 0.13573,
    "4": 0.13498,
    "5": 0.13666,
    "6": 0.13338,
    "7": 0.14133,
    "8": 0.15575,
    "9": 0.15274,
    "10": 0.11666,
    "11": 0.15845,
    "12": 0.15814,
    "13": 0.15063,
    "14": 0.15034,
    "15": 0.09329,
    "16": 0.09317,
    "17": 0.10285,
    "18": 0.13044,
    "19": 0.20563,
    "20": 0.21112,
    "21": 0.22816,
    "22": 0.24348,
    "23": 0.16896
  }
}