{
  "day": "2024-07-11",
  "data": {
    "0": 0.1381,
    "1": 0.13475,
    "2": 0.13526,
    "3": 0.13234,
    "4": 0.13175,
    "5": 0.13179,
    "6": 0.13251,
    "7": 0.14345,
    "8": 0.15816,
    "9": 0.14774,
    "10": 0.13515,
    "11": 0.17159,
    "12": 0.16229,
    "13": 0.15455,
    "14": 0.1521,
    "15": 0.10108,
    "16": 0.10969,
    "17": 0.11176,
    "18": 0.11686,
    "19": 0.19243,
    "20": 0.20836,
    "21": 0.21578,
    "22": 0.21901,
    "23": 0.15261
  }
}