{
  "day": "2024-07-13",
  "data": {
    "0": 0.13469,
    "1": 0.13043,
    "2": 0.12006,
    "3": 0.11832,
    "4": 0.12206,
    "5": 0.12702,
    "6": 0.12897,
    "7": 0.13392,
    "8": 0.09354,
    "9": 0.08285,
    "10": 0.04061,
    "11": 0.03272,
    "12": 0.02939,
    "13": 0.02907,
    "14": 0.02857,
    "15": 0.02875,
    "16": 0.02942,
    "17": 0.03459,
    "18": 0.06982,
    "19": 0.09308,
    "20": 0.12111,
    "21": 0.1476,
    "22": 0.15917,
    "23": 0.15169
  }
}