{
  "day": "2024-07-14",
  "data": {
    "0": 0.1567,
    "1": 0.14675,
    "2": 0.14545,
    "3": 0.14452,
    "4": 0.1444,
    "5": 0.14281,
    "6": 0.14382,
    "7": 0.1367,
    "8": 0.09238,
    "9": 0.0387,
    "10": 0.03104,
    "11": 0.02871,
    "12": 0.02836,
    "13": 0.02829,
    "14": 0.0282,
    "15": 0.0281,
    "16": 0.02821,
    "17": 0.03173,
    "18": 0.0437,
    "19": 0.08763,
    "20": 0.12051,
    "21": 0.14548,
    "22": 0.15782,
    "23": 0.14433
  }
}