{
  "day": "2024-07-17",
  "data": {
    "0": 0.13287,
    "1": 0.12691,
    "2": 0.12302,
    "3": 0.12503,
    "4": 0.12627,
    "5": 0.12582,
    "6": 0.13745,
    "7": 0.14645,
    "8": 0.15917,
    "9": 0.14998,
    "10": 0.14578,
    "11": 0.17683,
    "12": 0.17319,
    "13": 0.17086,
    "14": 0.17114,
    "15": 0.12047,
    "16": 0.12023,
    "17": 0.12089,
    "18": 0.14401,
    "19": 0.21001,
    "20": 0.22276,
    "21": 0.23187,
    "22": 0.23538,
    "23": 0.17084
  }
}