{
  "day": "2024-07-19",
  "data": {
    "0": 0.1378,
    "1": 0.13603,
    "2": 0.13428,
    "3": 0.1335,
    "4": 0.13341,
    "5": 0.13589,
    "6": 0.13979,
    "7": 0.14734,
    "8": 0.16107,
    "9": 0.15308,
    "10": 0.14746,
    "11": 0.18483,
    "12": 0.18112,
    "13": 0.17893,
    "14": 0.17829,
    "15": 0.1243,
    "16": 0.11759,
    "17": 0.12946,
    "18": 0.13772,
    "19": 0.20105,
    "20": 0.21651,
    "21": 0.22747,
    "22": 0.22138,
    "23": 0.16425
  }
}