{
  "day": "2024-07-25",
  "data": {
    "0": 0.13767,
    "1": 0.1317,
    "2": 0.13261,
    "3": 0.13219,
    "4": 0.13254,
    "5": 0.13572,
    "6": 0.1366,
    "7": 0.14116,
    "8": 0.15572,
    "9": 0.1272,
    "10": 0.12371,
    "11": 0.17059,
    "12": 0.1722,
    "13": 0.1719,
    "14": 0.17199,
    "15": 0.11306,
    "16": 0.10832,
    "17": 0.10856,
    "18": 0.12383,
    "19": 0.19123,
    "20": 0.21132,
    "21": 0.22553,
    "22": 0.2241,
    "23": 0.16732
  }
}