{
  "day": "2024-07-26",
  "data": {
    "0": 0.13535,
    "1": 0.13411,
    "2": 0.13377,
    "3": 0.134,
    "4": 0.13445,
    "5": 0.13503,
    "6": 0.13671,
    "7": 0.13972,
    "8": 0.15835,
    "9": 0.15843,
    "10": 0.13804,
    "11": 0.17686,
    "12": 0.17612,
    "13": 0.17551,
    "14": 0.17329,
    "15": 0.12222,
    "16": 0.12152,
    "17": 0.12367,
    "18": 0.12885,
    "19": 0.2009,
    "20": 0.21104,
    "21": 0.231,
    "22": 0.22316,
    "23": 0.16813
  }
}