{
  "day": "2024-07-28",
  "data": {
    "0": 0.14984,
    "1": 0.14603,
    "2": 0.1396,
    "3": 0.14289,
    "4": 0.14275,
    "5": 0.14368,
    "6": 0.14393,
    "7": 0.14393,
    "8": 0.11165,
    "9": 0.08838,
    "10": 0.02544,
    "11": 0.0246,
    "12": 0.02423,
    "13": 0.02382,
    "14": 0.0231,
    "15": 0.02318,
    "16": 0.02555,
    "17": 0.02511,
    "18": 0.07455,
    "19": 0.10692,
    "20": 0.15249,
    "21": 0.15931,
    "22": 0.17109,
    "23": 0.16031
  }
}