{
  "day": "2024-07-31",
  "data": {
    "0": 0.14583,
    "1": 0.14185,
    "2": 0.14118,
    "3": 0.1413,
    "4": 0.14183,
    "5": 0.14174,
    "6": 0.14419,
    "7": 0.14773,
    "8": 0.16911,
    "9": 0.16343,
    "10": 0.16027,
    "11": 0.18699,
    "12": 0.18254,
    "13": 0.18217,
    "14": 0.18208,
    "15": 0.12978,
    "16": 0.13019,
    "17": 0.13036,
    "18": 0.14801,
    "19": 0.21432,
    "20": 0.22224,
    "21": 0.25128,
    "22": 0.24139,
    "23": 0.17352
  }
}