{
  "day": "2025-09-01",
  "data": {
    "0": 0.0977,
    "1": 0.08183,
    "2": 0.08855,
    "3": 0.08559,
    "4": 0.08297,
    "5": 0.09183,
    "6": 0.09928,
    "7": 0.12132,
    "8": 0.15248,
    "9": 0.11883,
    "10": 0.15509,
    "11": 0.15167,
    "12": 0.15144,
    "13": 0.14866,
    "14": 0.08355,
    "15": 0.08443,
    "16": 0.08294,
    "17": 0.08291,
    "18": 0.15474,
    "19": 0.20971,
    "20": 0.23313,
    "21": 0.25183,
    "22": 0.17943,
    "23": 0.16825
  }
}