{
  "day": "2025-09-02",
  "data": {
    "0": 0.14693,
    "1": 0.14203,
    "2": 0.13794,
    "3": 0.12811,
    "4": 0.12643,
    "5": 0.12616,
    "6": 0.13153,
    "7": 0.14598,
    "8": 0.16998,
    "9": 0.10515,
    "10": 0.13513,
    "11": 0.1271,
    "12": 0.12896,
    "13": 0.12531,
    "14": 0.05986,
    "15": 0.06204,
    "16": 0.06291,
    "17": 0.07553,
    "18": 0.16326,
    "19": 0.22826,
    "20": 0.27815,
    "21": 0.30063,
    "22": 0.18635,
    "23": 0.17402
  }
}