{
  "day": "2025-09-03",
  "data": {
    "0": 0.15345,
    "1": 0.1434,
    "2": 0.13501,
    "3": 0.12797,
    "4": 0.1233,
    "5": 0.12274,
    "6": 0.13255,
    "7": 0.14283,
    "8": 0.15484,
    "9": 0.0841,
    "10": 0.12568,
    "11": 0.12783,
    "12": 0.12788,
    "13": 0.12485,
    "14": 0.05989,
    "15": 0.06028,
    "16": 0.06058,
    "17": 0.05951,
    "18": 0.14311,
    "19": 0.20747,
    "20": 0.24011,
    "21": 0.2735,
    "22": 0.18041,
    "23": 0.1752
  }
}