{
  "day": "2025-09-04",
  "data": {
    "0": 0.1406,
    "1": 0.13573,
    "2": 0.1321,
    "3": 0.12135,
    "4": 0.11948,
    "5": 0.11978,
    "6": 0.1319,
    "7": 0.15679,
    "8": 0.17013,
    "9": 0.12038,
    "10": 0.151,
    "11": 0.14153,
    "12": 0.13803,
    "13": 0.13326,
    "14": 0.06825,
    "15": 0.06872,
    "16": 0.07107,
    "17": 0.0755,
    "18": 0.1615,
    "19": 0.20852,
    "20": 0.24145,
    "21": 0.25057,
    "22": 0.17298,
    "23": 0.16001
  }
}