{
  "day": "2025-09-06",
  "data": {
    "0": 0.1356,
    "1": 0.12022,
    "2": 0.11003,
    "3": 0.09821,
    "4": 0.09259,
    "5": 0.09126,
    "6": 0.09206,
    "7": 0.10567,
    "8": 0.09787,
    "9": 0.0783,
    "10": 0.06421,
    "11": 0.06281,
    "12": 0.06318,
    "13": 0.06119,
    "14": 0.06088,
    "15": 0.06278,
    "16": 0.06382,
    "17": 0.06306,
    "18": 0.06347,
    "19": 0.08686,
    "20": 0.10047,
    "21": 0.11968,
    "22": 0.11759,
    "23": 0.10263
  }
}