{
  "day": "2025-09-07",
  "data": {
    "0": 0.07911,
    "1": 0.07282,
    "2": 0.08769,
    "3": 0.08662,
    "4": 0.08529,
    "5": 0.09314,
    "6": 0.08144,
    "7": 0.09535,
    "8": 0.10599,
    "9": 0.09299,
    "10": 0.05815,
    "11": 0.05744,
    "12": 0.05559,
    "13": 0.0547,
    "14": 0.0546,
    "15": 0.05502,
    "16": 0.05672,
    "17": 0.06305,
    "18": 0.10838,
    "19": 0.23801,
    "20": 0.17228,
    "21": 0.17172,
    "22": 0.16517,
    "23": 0.1586
  }
}