{
  "day": "2025-09-08",
  "data": {
    "0": 0.1403,
    "1": 0.13099,
    "2": 0.12848,
    "3": 0.12294,
    "4": 0.11898,
    "5": 0.11923,
    "6": 0.13084,
    "7": 0.14199,
    "8": 0.17519,
    "9": 0.16358,
    "10": 0.21529,
    "11": 0.19101,
    "12": 0.17951,
    "13": 0.16237,
    "14": 0.08602,
    "15": 0.086,
    "16": 0.0866,
    "17": 0.10967,
    "18": 0.20345,
    "19": 0.22039,
    "20": 0.22886,
    "21": 0.22274,
    "22": 0.15366,
    "23": 0.13717
  }
}