{
  "day": "2025-09-09",
  "data": {
    "0": 0.16658,
    "1": 0.16643,
    "2": 0.15152,
    "3": 0.14739,
    "4": 0.14707,
    "5": 0.16934,
    "6": 0.19115,
    "7": 0.22584,
    "8": 0.2677,
    "9": 0.23533,
    "10": 0.22628,
    "11": 0.18072,
    "12": 0.16734,
    "13": 0.15241,
    "14": 0.08519,
    "15": 0.07349,
    "16": 0.08593,
    "17": 0.11534,
    "18": 0.21757,
    "19": 0.31517,
    "20": 0.36779,
    "21": 0.37953,
    "22": 0.29874,
    "23": 0.2681
  }
}