{
  "day": "2025-09-10",
  "data": {
    "0": 0.23283,
    "1": 0.20818,
    "2": 0.21569,
    "3": 0.19251,
    "4": 0.16777,
    "5": 0.15428,
    "6": 0.18522,
    "7": 0.20016,
    "8": 0.20589,
    "9": 0.15349,
    "10": 0.1463,
    "11": 0.13269,
    "12": 0.13266,
    "13": 0.13004,
    "14": 0.06512,
    "15": 0.06559,
    "16": 0.06566,
    "17": 0.07263,
    "18": 0.17516,
    "19": 0.24964,
    "20": 0.34764,
    "21": 0.36712,
    "22": 0.28723,
    "23": 0.23935
  }
}