{
  "day": "2025-09-11",
  "data": {
    "0": 0.13456,
    "1": 0.12832,
    "2": 0.11683,
    "3": 0.11435,
    "4": 0.11721,
    "5": 0.12112,
    "6": 0.12803,
    "7": 0.14455,
    "8": 0.16059,
    "9": 0.11427,
    "10": 0.12608,
    "11": 0.12618,
    "12": 0.1271,
    "13": 0.12416,
    "14": 0.05901,
    "15": 0.05927,
    "16": 0.06185,
    "17": 0.06178,
    "18": 0.13954,
    "19": 0.22602,
    "20": 0.24451,
    "21": 0.28324,
    "22": 0.18753,
    "23": 0.17786
  }
}