{
  "day": "2025-09-12",
  "data": {
    "0": 0.1446,
    "1": 0.13381,
    "2": 0.14228,
    "3": 0.1389,
    "4": 0.13883,
    "5": 0.1406,
    "6": 0.14463,
    "7": 0.18452,
    "8": 0.17912,
    "9": 0.15243,
    "10": 0.18466,
    "11": 0.13967,
    "12": 0.12343,
    "13": 0.11593,
    "14": 0.04963,
    "15": 0.04919,
    "16": 0.05326,
    "17": 0.07352,
    "18": 0.17084,
    "19": 0.24537,
    "20": 0.25548,
    "21": 0.27596,
    "22": 0.16865,
    "23": 0.1611
  }
}