{
  "day": "2025-09-13",
  "data": {
    "0": 0.14787,
    "1": 0.14595,
    "2": 0.15141,
    "3": 0.14846,
    "4": 0.14724,
    "5": 0.14256,
    "6": 0.14388,
    "7": 0.14888,
    "8": 0.14371,
    "9": 0.1116,
    "10": 0.04832,
    "11": 0.04202,
    "12": 0.03901,
    "13": 0.03884,
    "14": 0.03881,
    "15": 0.03885,
    "16": 0.03978,
    "17": 0.03473,
    "18": 0.04847,
    "19": 0.12721,
    "20": 0.141,
    "21": 0.15015,
    "22": 0.14406,
    "23": 0.14128
  }
}