{
  "day": "2025-09-14",
  "data": {
    "0": 0.13148,
    "1": 0.12391,
    "2": 0.12491,
    "3": 0.12628,
    "4": 0.12743,
    "5": 0.13318,
    "6": 0.13174,
    "7": 0.14079,
    "8": 0.13597,
    "9": 0.08197,
    "10": 0.05098,
    "11": 0.05151,
    "12": 0.05106,
    "13": 0.04988,
    "14": 0.04979,
    "15": 0.05019,
    "16": 0.05106,
    "17": 0.05216,
    "18": 0.0586,
    "19": 0.14341,
    "20": 0.15312,
    "21": 0.17866,
    "22": 0.15679,
    "23": 0.15081
  }
}