{
  "day": "2025-09-15",
  "data": {
    "0": 0.14364,
    "1": 0.14272,
    "2": 0.13857,
    "3": 0.13605,
    "4": 0.13525,
    "5": 0.14054,
    "6": 0.14646,
    "7": 0.16373,
    "8": 0.19223,
    "9": 0.14942,
    "10": 0.16176,
    "11": 0.13021,
    "12": 0.13075,
    "13": 0.12396,
    "14": 0.05609,
    "15": 0.05774,
    "16": 0.05963,
    "17": 0.07388,
    "18": 0.17254,
    "19": 0.22587,
    "20": 0.24542,
    "21": 0.24789,
    "22": 0.17127,
    "23": 0.16097
  }
}