{
  "day": "2025-09-21",
  "data": {
    "0": 0.14575,
    "1": 0.14471,
    "2": 0.13928,
    "3": 0.14274,
    "4": 0.14357,
    "5": 0.13931,
    "6": 0.13871,
    "7": 0.14908,
    "8": 0.13884,
    "9": 0.08716,
    "10": 0.0686,
    "11": 0.06008,
    "12": 0.0588,
    "13": 0.05772,
    "14": 0.05751,
    "15": 0.05806,
    "16": 0.0588,
    "17": 0.0596,
    "18": 0.06132,
    "19": 0.10606,
    "20": 0.13061,
    "21": 0.11712,
    "22": 0.11171,
    "23": 0.09736
  }
}