{
  "day": "2025-09-25",
  "data": {
    "0": 0.12271,
    "1": 0.11597,
    "2": 0.1171,
    "3": 0.11466,
    "4": 0.11803,
    "5": 0.11577,
    "6": 0.12361,
    "7": 0.14746,
    "8": 0.18563,
    "9": 0.149,
    "10": 0.17783,
    "11": 0.15221,
    "12": 0.15143,
    "13": 0.14436,
    "14": 0.07269,
    "15": 0.07593,
    "16": 0.07948,
    "17": 0.10992,
    "18": 0.20143,
    "19": 0.23994,
    "20": 0.31265,
    "21": 0.31186,
    "22": 0.19286,
    "23": 0.16225
  }
}