{
  "day": "2025-09-26",
  "data": {
    "0": 0.13533,
    "1": 0.13319,
    "2": 0.13056,
    "3": 0.12632,
    "4": 0.12652,
    "5": 0.13128,
    "6": 0.13298,
    "7": 0.14875,
    "8": 0.17452,
    "9": 0.1586,
    "10": 0.20317,
    "11": 0.14895,
    "12": 0.13878,
    "13": 0.13996,
    "14": 0.06717,
    "15": 0.09394,
    "16": 0.10098,
    "17": 0.10851,
    "18": 0.21079,
    "19": 0.24508,
    "20": 0.27607,
    "21": 0.28353,
    "22": 0.17382,
    "23": 0.16584
  }
}