{
  "day": "2025-09-27",
  "data": {
    "0": 0.1588,
    "1": 0.15312,
    "2": 0.15008,
    "3": 0.15078,
    "4": 0.14713,
    "5": 0.14012,
    "6": 0.13544,
    "7": 0.14321,
    "8": 0.15232,
    "9": 0.1308,
    "10": 0.07471,
    "11": 0.05754,
    "12": 0.0554,
    "13": 0.05074,
    "14": 0.04435,
    "15": 0.04487,
    "16": 0.04931,
    "17": 0.06534,
    "18": 0.11114,
    "19": 0.14148,
    "20": 0.14369,
    "21": 0.1416,
    "22": 0.13502,
    "23": 0.13197
  }
}