{
  "day": "2025-09-28",
  "data": {
    "0": 0.12159,
    "1": 0.12065,
    "2": 0.12193,
    "3": 0.12094,
    "4": 0.12157,
    "5": 0.12189,
    "6": 0.12007,
    "7": 0.12217,
    "8": 0.12459,
    "9": 0.11958,
    "10": 0.09658,
    "11": 0.08561,
    "12": 0.07113,
    "13": 0.06229,
    "14": 0.06887,
    "15": 0.07071,
    "16": 0.07938,
    "17": 0.09679,
    "18": 0.12189,
    "19": 0.12914,
    "20": 0.13064,
    "21": 0.11238,
    "22": 0.12337,
    "23": 0.11505
  }
}