{
  "day": "2023-01-01",
  "data": {
    "0": 0.04145,
    "1": 0.04301,
    "2": 0.05807,
    "3": 0.06069,
    "4": 0.06291,
    "5": 0.06148,
    "6": 0.06301,
    "7": 0.06032,
    "8": 0.06793,
    "9": 0.06465,
    "10": 0.05984,
    "11": 0.05638,
    "12": 0.05425,
    "13": 0.05541,
    "14": 0.05567,
    "15": 0.05645,
    "16": 0.06046,
    "17": 0.06132,
    "18": 0.06148,
    "19": 0.06315,
    "20": 0.0684,
    "21": 0.08545,
    "22": 0.08619,
    "23": 0.06354
  }
}