{
  "day": "2023-01-02",
  "data": {
    "0": 0.1235,
    "1": 0.10445,
    "2": 0.10763,
    "3": 0.11215,
    "4": 0.11229,
    "5": 0.135,
    "6": 0.15713,
    "7": 0.16161,
    "8": 0.20591,
    "9": 0.20516,
    "10": 0.19805,
    "11": 0.24274,
    "12": 0.24422,
    "13": 0.24638,
    "14": 0.24812,
    "15": 0.19837,
    "16": 0.20734,
    "17": 0.23803,
    "18": 0.25593,
    "19": 0.28955,
    "20": 0.2741,
    "21": 0.26142,
    "22": 0.2545,
    "23": 0.19632
  }
}