{
  "day": "2023-01-04",
  "data": {
    "0": 0.1826,
    "1": 0.16181,
    "2": 0.15417,
    "3": 0.14781,
    "4": 0.14274,
    "5": 0.14993,
    "6": 0.16809,
    "7": 0.15793,
    "8": 0.21325,
    "9": 0.20525,
    "10": 0.19369,
    "11": 0.21122,
    "12": 0.22163,
    "13": 0.22267,
    "14": 0.22258,
    "15": 0.17572,
    "16": 0.18243,
    "17": 0.20748,
    "18": 0.25393,
    "19": 0.29087,
    "20": 0.27802,
    "21": 0.26462,
    "22": 0.24996,
    "23": 0.18123
  }
}