{
  "day": "2023-01-10",
  "data": {
    "0": 0.15684,
    "1": 0.14828,
    "2": 0.14751,
    "3": 0.14232,
    "4": 0.14595,
    "5": 0.15054,
    "6": 0.16788,
    "7": 0.17958,
    "8": 0.21527,
    "9": 0.2146,
    "10": 0.19407,
    "11": 0.21374,
    "12": 0.21018,
    "13": 0.20686,
    "14": 0.20358,
    "15": 0.15715,
    "16": 0.16568,
    "17": 0.20541,
    "18": 0.22016,
    "19": 0.26076,
    "20": 0.24079,
    "21": 0.22257,
    "22": 0.20651,
    "23": 0.12858
  }
}