{
  "day": "2023-01-15",
  "data": {
    "0": 0.06304,
    "1": 0.05463,
    "2": 0.05611,
    "3": 0.04688,
    "4": 0.0488,
    "5": 0.04855,
    "6": 0.04774,
    "7": 0.04635,
    "8": 0.05663,
    "9": 0.06766,
    "10": 0.05982,
    "11": 0.04921,
    "12": 0.04784,
    "13": 0.04667,
    "14": 0.04337,
    "15": 0.03695,
    "16": 0.04775,
    "17": 0.0574,
    "18": 0.06065,
    "19": 0.06586,
    "20": 0.07999,
    "21": 0.06803,
    "22": 0.0593,
    "23": 0.04611
  }
}