{
  "day": "2023-01-16",
  "data": {
    "0": 0.02918,
    "1": 0.02926,
    "2": 0.03253,
    "3": 0.03469,
    "4": 0.03457,
    "5": 0.03479,
    "6": 0.03365,
    "7": 0.03729,
    "8": 0.07425,
    "9": 0.07444,
    "10": 0.07093,
    "11": 0.10857,
    "12": 0.10855,
    "13": 0.1099,
    "14": 0.10319,
    "15": 0.05813,
    "16": 0.05782,
    "17": 0.06296,
    "18": 0.07229,
    "19": 0.13014,
    "20": 0.13293,
    "21": 0.11995,
    "22": 0.10269,
    "23": 0.05216
  }
}