{
  "day": "2023-01-17",
  "data": {
    "0": 0.02564,
    "1": 0.02581,
    "2": 0.0256,
    "3": 0.02661,
    "4": 0.02584,
    "5": 0.02611,
    "6": 0.03267,
    "7": 0.02761,
    "8": 0.05007,
    "9": 0.05056,
    "10": 0.05006,
    "11": 0.09714,
    "12": 0.09584,
    "13": 0.09653,
    "14": 0.09642,
    "15": 0.05094,
    "16": 0.05442,
    "17": 0.05347,
    "18": 0.05164,
    "19": 0.1066,
    "20": 0.11275,
    "21": 0.10658,
    "22": 0.09791,
    "23": 0.05562
  }
}