{
  "day": "2023-01-20",
  "data": {
    "0": 0.07909,
    "1": 0.07449,
    "2": 0.05777,
    "3": 0.05954,
    "4": 0.06907,
    "5": 0.08212,
    "6": 0.0905,
    "7": 0.11009,
    "8": 0.15562,
    "9": 0.15774,
    "10": 0.14532,
    "11": 0.18376,
    "12": 0.19079,
    "13": 0.18391,
    "14": 0.18196,
    "15": 0.1365,
    "16": 0.15188,
    "17": 0.18515,
    "18": 0.24475,
    "19": 0.34468,
    "20": 0.33299,
    "21": 0.30707,
    "22": 0.24862,
    "23": 0.16213
  }
}