{
  "day": "2023-01-25",
  "data": {
    "0": 0.14667,
    "1": 0.13049,
    "2": 0.11624,
    "3": 0.11483,
    "4": 0.11464,
    "5": 0.11749,
    "6": 0.12441,
    "7": 0.14215,
    "8": 0.20264,
    "9": 0.17439,
    "10": 0.15138,
    "11": 0.17296,
    "12": 0.17053,
    "13": 0.17015,
    "14": 0.17023,
    "15": 0.12591,
    "16": 0.12559,
    "17": 0.15789,
    "18": 0.18585,
    "19": 0.3426,
    "20": 0.32112,
    "21": 0.23245,
    "22": 0.2031,
    "23": 0.13182
  }
}