{
  "day": "2023-01-26",
  "data": {
    "0": 0.10727,
    "1": 0.09882,
    "2": 0.09902,
    "3": 0.09959,
    "4": 0.0952,
    "5": 0.09916,
    "6": 0.09669,
    "7": 0.10529,
    "8": 0.15547,
    "9": 0.14341,
    "10": 0.12448,
    "11": 0.16164,
    "12": 0.15993,
    "13": 0.1565,
    "14": 0.15306,
    "15": 0.10838,
    "16": 0.11738,
    "17": 0.13132,
    "18": 0.13659,
    "19": 0.21101,
    "20": 0.2108,
    "21": 0.1885,
    "22": 0.16816,
    "23": 0.11093
  }
}