{
  "day": "2021-10-03",
  "data": {
    "0": 0.16052,
    "1": 0.13028,
    "2": 0.09726,
    "3": 0.09241,
    "4": 0.08076,
    "5": 0.04885,
    "6": 0.08433,
    "7": 0.13393,
    "8": 0.13605,
    "9": 0.17178,
    "10": 0.17148,
    "11": 0.17113,
    "12": 0.17068,
    "13": 0.16961,
    "14": 0.15363,
    "15": 0.08705,
    "16": 0.0944,
    "17": 0.14862,
    "18": 0.17068,
    "19": 0.20009,
    "20": 0.25533,
    "21": 0.25956,
    "22": 0.25002,
    "23": 0.20604
  }
}