{
  "day": "2021-10-04",
  "data": {
    "0": 0.19991,
    "1": 0.19697,
    "2": 0.18828,
    "3": 0.19146,
    "4": 0.1981,
    "5": 0.20354,
    "6": 0.249,
    "7": 0.26626,
    "8": 0.29582,
    "9": 0.27607,
    "10": 0.25802,
    "11": 0.25645,
    "12": 0.23825,
    "13": 0.23137,
    "14": 0.22524,
    "15": 0.21468,
    "16": 0.22043,
    "17": 0.25222,
    "18": 0.27522,
    "19": 0.31144,
    "20": 0.33426,
    "21": 0.32994,
    "22": 0.30525,
    "23": 0.27587
  }
}