{
  "day": "2021-10-05",
  "data": {
    "0": 0.24949,
    "1": 0.23529,
    "2": 0.21566,
    "3": 0.21536,
    "4": 0.21273,
    "5": 0.21458,
    "6": 0.24917,
    "7": 0.27627,
    "8": 0.30415,
    "9": 0.29057,
    "10": 0.26506,
    "11": 0.26692,
    "12": 0.26504,
    "13": 0.26533,
    "14": 0.25494,
    "15": 0.22787,
    "16": 0.2317,
    "17": 0.26051,
    "18": 0.28439,
    "19": 0.33387,
    "20": 0.34396,
    "21": 0.34256,
    "22": 0.34467,
    "23": 0.31281
  }
}