{
  "day": "2021-10-07",
  "data": {
    "0": 0.3427,
    "1": 0.33341,
    "2": 0.31117,
    "3": 0.31095,
    "4": 0.30804,
    "5": 0.3242,
    "6": 0.36783,
    "7": 0.3603,
    "8": 0.38632,
    "9": 0.37552,
    "10": 0.37507,
    "11": 0.3871,
    "12": 0.38306,
    "13": 0.37224,
    "14": 0.37112,
    "15": 0.35975,
    "16": 0.38232,
    "17": 0.38615,
    "18": 0.3813,
    "19": 0.39397,
    "20": 0.41671,
    "21": 0.39625,
    "22": 0.40714,
    "23": 0.39646
  }
}