{
  "day": "2021-10-08",
  "data": {
    "0": 0.28733,
    "1": 0.27916,
    "2": 0.26938,
    "3": 0.26056,
    "4": 0.24711,
    "5": 0.25209,
    "6": 0.28689,
    "7": 0.32171,
    "8": 0.36864,
    "9": 0.32989,
    "10": 0.29525,
    "11": 0.28404,
    "12": 0.26142,
    "13": 0.25653,
    "14": 0.26245,
    "15": 0.24934,
    "16": 0.25474,
    "17": 0.29271,
    "18": 0.31979,
    "19": 0.35666,
    "20": 0.38,
    "21": 0.36974,
    "22": 0.33761,
    "23": 0.30125
  }
}