{
  "day": "2021-10-09",
  "data": {
    "0": 0.30216,
    "1": 0.29591,
    "2": 0.2924,
    "3": 0.28916,
    "4": 0.27668,
    "5": 0.27694,
    "6": 0.27925,
    "7": 0.29725,
    "8": 0.29844,
    "9": 0.29893,
    "10": 0.27403,
    "11": 0.25754,
    "12": 0.25689,
    "13": 0.25582,
    "14": 0.25375,
    "15": 0.22311,
    "16": 0.21518,
    "17": 0.24364,
    "18": 0.2784,
    "19": 0.30709,
    "20": 0.30771,
    "21": 0.30463,
    "22": 0.2864,
    "23": 0.25086
  }
}