{
  "day": "2021-10-10",
  "data": {
    "0": 0.2304,
    "1": 0.23246,
    "2": 0.21663,
    "3": 0.21633,
    "4": 0.20549,
    "5": 0.20738,
    "6": 0.2174,
    "7": 0.21934,
    "8": 0.22268,
    "9": 0.20624,
    "10": 0.19143,
    "11": 0.17327,
    "12": 0.18065,
    "13": 0.20129,
    "14": 0.2129,
    "15": 0.17885,
    "16": 0.18056,
    "17": 0.22864,
    "18": 0.27028,
    "19": 0.29762,
    "20": 0.30973,
    "21": 0.30424,
    "22": 0.28269,
    "23": 0.24186
  }
}