{
  "day": "2021-10-12",
  "data": {
    "0": 0.22387,
    "1": 0.22572,
    "2": 0.22274,
    "3": 0.22079,
    "4": 0.22101,
    "5": 0.22169,
    "6": 0.23318,
    "7": 0.2498,
    "8": 0.24884,
    "9": 0.24999,
    "10": 0.23249,
    "11": 0.21571,
    "12": 0.21569,
    "13": 0.21562,
    "14": 0.21102,
    "15": 0.19385,
    "16": 0.18887,
    "17": 0.2164,
    "18": 0.24349,
    "19": 0.26638,
    "20": 0.28418,
    "21": 0.27235,
    "22": 0.26543,
    "23": 0.23052
  }
}