{
  "day": "2021-10-13",
  "data": {
    "0": 0.22169,
    "1": 0.20741,
    "2": 0.19692,
    "3": 0.18722,
    "4": 0.18617,
    "5": 0.20279,
    "6": 0.22175,
    "7": 0.263,
    "8": 0.29034,
    "9": 0.27934,
    "10": 0.24406,
    "11": 0.23865,
    "12": 0.24126,
    "13": 0.23626,
    "14": 0.23668,
    "15": 0.22788,
    "16": 0.25357,
    "17": 0.26686,
    "18": 0.28423,
    "19": 0.32221,
    "20": 0.32326,
    "21": 0.3133,
    "22": 0.30729,
    "23": 0.27332
  }
}