{
  "day": "2021-10-14",
  "data": {
    "0": 0.25493,
    "1": 0.25109,
    "2": 0.24489,
    "3": 0.24901,
    "4": 0.25194,
    "5": 0.25178,
    "6": 0.27877,
    "7": 0.29237,
    "8": 0.33747,
    "9": 0.31042,
    "10": 0.28442,
    "11": 0.28536,
    "12": 0.27728,
    "13": 0.26901,
    "14": 0.25441,
    "15": 0.23467,
    "16": 0.23564,
    "17": 0.2689,
    "18": 0.28984,
    "19": 0.32742,
    "20": 0.33582,
    "21": 0.33213,
    "22": 0.33025,
    "23": 0.30544
  }
}