{
  "day": "2021-10-15",
  "data": {
    "0": 0.28818,
    "1": 0.2749,
    "2": 0.26496,
    "3": 0.26131,
    "4": 0.26108,
    "5": 0.26958,
    "6": 0.28924,
    "7": 0.30051,
    "8": 0.34525,
    "9": 0.32948,
    "10": 0.31336,
    "11": 0.31433,
    "12": 0.28894,
    "13": 0.28233,
    "14": 0.28465,
    "15": 0.2632,
    "16": 0.27351,
    "17": 0.29259,
    "18": 0.31248,
    "19": 0.33934,
    "20": 0.33444,
    "21": 0.33421,
    "22": 0.33851,
    "23": 0.30816
  }
}