{
  "day": "2021-10-16",
  "data": {
    "0": 0.29855,
    "1": 0.29189,
    "2": 0.28388,
    "3": 0.27702,
    "4": 0.27493,
    "5": 0.27492,
    "6": 0.28259,
    "7": 0.28725,
    "8": 0.28896,
    "9": 0.29376,
    "10": 0.2745,
    "11": 0.26045,
    "12": 0.25615,
    "13": 0.25751,
    "14": 0.25173,
    "15": 0.24057,
    "16": 0.23281,
    "17": 0.24654,
    "18": 0.2858,
    "19": 0.30773,
    "20": 0.32044,
    "21": 0.31487,
    "22": 0.28943,
    "23": 0.27848
  }
}