{
  "day": "2021-10-17",
  "data": {
    "0": 0.26984,
    "1": 0.26317,
    "2": 0.25409,
    "3": 0.24717,
    "4": 0.24596,
    "5": 0.24425,
    "6": 0.23897,
    "7": 0.2515,
    "8": 0.24885,
    "9": 0.25243,
    "10": 0.2442,
    "11": 0.24231,
    "12": 0.24231,
    "13": 0.24119,
    "14": 0.23978,
    "15": 0.22725,
    "16": 0.22838,
    "17": 0.24069,
    "18": 0.26755,
    "19": 0.30862,
    "20": 0.33276,
    "21": 0.32224,
    "22": 0.31048,
    "23": 0.30204
  }
}