{
  "day": "2021-10-18",
  "data": {
    "0": 0.28238,
    "1": 0.2696,
    "2": 0.2625,
    "3": 0.25963,
    "4": 0.2578,
    "5": 0.26115,
    "6": 0.26802,
    "7": 0.30871,
    "8": 0.34338,
    "9": 0.3189,
    "10": 0.29282,
    "11": 0.28506,
    "12": 0.26664,
    "13": 0.26151,
    "14": 0.27096,
    "15": 0.25653,
    "16": 0.27282,
    "17": 0.30059,
    "18": 0.32354,
    "19": 0.34893,
    "20": 0.36804,
    "21": 0.35323,
    "22": 0.34776,
    "23": 0.30252
  }
}