{
  "day": "2021-10-19",
  "data": {
    "0": 0.2811,
    "1": 0.25968,
    "2": 0.23795,
    "3": 0.23247,
    "4": 0.23131,
    "5": 0.23176,
    "6": 0.24712,
    "7": 0.29034,
    "8": 0.33459,
    "9": 0.31957,
    "10": 0.27717,
    "11": 0.27254,
    "12": 0.27207,
    "13": 0.25934,
    "14": 0.25717,
    "15": 0.233,
    "16": 0.23369,
    "17": 0.25007,
    "18": 0.27517,
    "19": 0.31928,
    "20": 0.34206,
    "21": 0.33753,
    "22": 0.29712,
    "23": 0.25937
  }
}