{
  "day": "2021-10-20",
  "data": {
    "0": 0.23216,
    "1": 0.23058,
    "2": 0.22988,
    "3": 0.23081,
    "4": 0.23137,
    "5": 0.232,
    "6": 0.25143,
    "7": 0.30186,
    "8": 0.34076,
    "9": 0.32355,
    "10": 0.29148,
    "11": 0.26993,
    "12": 0.25517,
    "13": 0.24792,
    "14": 0.23557,
    "15": 0.2018,
    "16": 0.2016,
    "17": 0.2292,
    "18": 0.24615,
    "19": 0.30965,
    "20": 0.34225,
    "21": 0.34117,
    "22": 0.31901,
    "23": 0.29196
  }
}