{
  "day": "2021-10-21",
  "data": {
    "0": 0.25443,
    "1": 0.24804,
    "2": 0.24767,
    "3": 0.24083,
    "4": 0.24064,
    "5": 0.24641,
    "6": 0.26354,
    "7": 0.28338,
    "8": 0.31536,
    "9": 0.30817,
    "10": 0.27888,
    "11": 0.26186,
    "12": 0.25934,
    "13": 0.25151,
    "14": 0.2544,
    "15": 0.24158,
    "16": 0.24159,
    "17": 0.26546,
    "18": 0.28103,
    "19": 0.32845,
    "20": 0.33333,
    "21": 0.3173,
    "22": 0.29502,
    "23": 0.27489
  }
}