{
  "day": "2021-10-22",
  "data": {
    "0": 0.25555,
    "1": 0.23213,
    "2": 0.22417,
    "3": 0.22064,
    "4": 0.22103,
    "5": 0.22836,
    "6": 0.24716,
    "7": 0.28317,
    "8": 0.33466,
    "9": 0.31616,
    "10": 0.2837,
    "11": 0.27264,
    "12": 0.26736,
    "13": 0.25872,
    "14": 0.24873,
    "15": 0.23449,
    "16": 0.23653,
    "17": 0.23893,
    "18": 0.27334,
    "19": 0.31232,
    "20": 0.33128,
    "21": 0.31786,
    "22": 0.30647,
    "23": 0.28531
  }
}