{
  "day": "2021-10-24",
  "data": {
    "0": 0.29973,
    "1": 0.27863,
    "2": 0.27546,
    "3": 0.25811,
    "4": 0.25835,
    "5": 0.25788,
    "6": 0.25552,
    "7": 0.27322,
    "8": 0.27535,
    "9": 0.26668,
    "10": 0.24028,
    "11": 0.22229,
    "12": 0.23286,
    "13": 0.23594,
    "14": 0.23508,
    "15": 0.2185,
    "16": 0.2182,
    "17": 0.23368,
    "18": 0.26681,
    "19": 0.29849,
    "20": 0.33329,
    "21": 0.32819,
    "22": 0.30638,
    "23": 0.29059
  }
}