{
  "day": "2021-10-26",
  "data": {
    "0": 0.26947,
    "1": 0.24234,
    "2": 0.23081,
    "3": 0.23156,
    "4": 0.23023,
    "5": 0.22967,
    "6": 0.26566,
    "7": 0.28486,
    "8": 0.32794,
    "9": 0.30789,
    "10": 0.29243,
    "11": 0.2675,
    "12": 0.27644,
    "13": 0.26944,
    "14": 0.25228,
    "15": 0.23977,
    "16": 0.25056,
    "17": 0.29245,
    "18": 0.31072,
    "19": 0.35254,
    "20": 0.35647,
    "21": 0.34353,
    "22": 0.32608,
    "23": 0.29385
  }
}