{
  "day": "2021-10-29",
  "data": {
    "0": 0.18088,
    "1": 0.16591,
    "2": 0.16331,
    "3": 0.18306,
    "4": 0.18444,
    "5": 0.18452,
    "6": 0.20127,
    "7": 0.23259,
    "8": 0.27697,
    "9": 0.27175,
    "10": 0.26456,
    "11": 0.2646,
    "12": 0.25831,
    "13": 0.25174,
    "14": 0.24727,
    "15": 0.2162,
    "16": 0.22625,
    "17": 0.25019,
    "18": 0.26565,
    "19": 0.29232,
    "20": 0.28465,
    "21": 0.26161,
    "22": 0.23617,
    "23": 0.21783
  }
}