{
  "day": "2021-10-31",
  "data": {
    "0": 0.17148,
    "1": 0.1239,
    "2": 0.10955,
    "3": 0.10485,
    "4": 0.09203,
    "5": 0.09299,
    "6": 0.08687,
    "7": 0.0862,
    "8": 0.08803,
    "9": 0.08182,
    "10": 0.10263,
    "11": 0.09109,
    "12": 0.0911,
    "13": 0.08649,
    "14": 0.07978,
    "15": 0.0808,
    "16": 0.08134,
    "17": 0.09209,
    "18": 0.1113,
    "19": 0.12285,
    "20": 0.13187,
    "21": 0.18538,
    "22": 0.16554,
    "23": 0.15239,
    "24": 0.14612
  }
}