{
  "day": "2025-10-05",
  "data": {
    "0": 0.10946,
    "1": 0.11097,
    "2": 0.10965,
    "3": 0.11039,
    "4": 0.11023,
    "5": 0.11072,
    "6": 0.10906,
    "7": 0.10769,
    "8": 0.10589,
    "9": 0.07855,
    "10": 0.07577,
    "11": 0.07648,
    "12": 0.07586,
    "13": 0.07535,
    "14": 0.07558,
    "15": 0.07682,
    "16": 0.07821,
    "17": 0.0797,
    "18": 0.08909,
    "19": 0.12591,
    "20": 0.14138,
    "21": 0.15194,
    "22": 0.12783,
    "23": 0.10783
  }
}