{
  "day": "2025-10-06",
  "data": {
    "0": 0.09078,
    "1": 0.08998,
    "2": 0.09196,
    "3": 0.09516,
    "4": 0.09735,
    "5": 0.1052,
    "6": 0.12688,
    "7": 0.15303,
    "8": 0.19651,
    "9": 0.17365,
    "10": 0.19754,
    "11": 0.17264,
    "12": 0.16981,
    "13": 0.16398,
    "14": 0.09473,
    "15": 0.09987,
    "16": 0.10381,
    "17": 0.12961,
    "18": 0.22648,
    "19": 0.27202,
    "20": 0.30235,
    "21": 0.30833,
    "22": 0.19275,
    "23": 0.16665
  }
}