{
  "day": "2025-10-07",
  "data": {
    "0": 0.1436,
    "1": 0.14325,
    "2": 0.14333,
    "3": 0.13604,
    "4": 0.13544,
    "5": 0.13409,
    "6": 0.13604,
    "7": 0.14755,
    "8": 0.18903,
    "9": 0.16996,
    "10": 0.19165,
    "11": 0.16779,
    "12": 0.16697,
    "13": 0.15306,
    "14": 0.08593,
    "15": 0.09221,
    "16": 0.10464,
    "17": 0.12862,
    "18": 0.22536,
    "19": 0.2694,
    "20": 0.29113,
    "21": 0.2789,
    "22": 0.17199,
    "23": 0.16771
  }
}