{
  "day": "2025-10-08",
  "data": {
    "0": 0.14675,
    "1": 0.14013,
    "2": 0.13751,
    "3": 0.1326,
    "4": 0.13301,
    "5": 0.12921,
    "6": 0.13287,
    "7": 0.15712,
    "8": 0.21972,
    "9": 0.16093,
    "10": 0.21428,
    "11": 0.19549,
    "12": 0.19158,
    "13": 0.18006,
    "14": 0.11138,
    "15": 0.11098,
    "16": 0.10479,
    "17": 0.12737,
    "18": 0.20883,
    "19": 0.268,
    "20": 0.26164,
    "21": 0.22841,
    "22": 0.15803,
    "23": 0.14926
  }
}