{
  "day": "2025-10-09",
  "data": {
    "0": 0.14629,
    "1": 0.1356,
    "2": 0.13871,
    "3": 0.12616,
    "4": 0.1215,
    "5": 0.12332,
    "6": 0.13674,
    "7": 0.15155,
    "8": 0.19051,
    "9": 0.16516,
    "10": 0.17376,
    "11": 0.15049,
    "12": 0.14135,
    "13": 0.14306,
    "14": 0.07468,
    "15": 0.07557,
    "16": 0.08323,
    "17": 0.11176,
    "18": 0.20813,
    "19": 0.24968,
    "20": 0.25657,
    "21": 0.23766,
    "22": 0.16941,
    "23": 0.16841
  }
}