{
  "day": "2025-10-11",
  "data": {
    "0": 0.15304,
    "1": 0.15251,
    "2": 0.15328,
    "3": 0.14778,
    "4": 0.14756,
    "5": 0.14931,
    "6": 0.14799,
    "7": 0.14577,
    "8": 0.14645,
    "9": 0.129,
    "10": 0.09421,
    "11": 0.05732,
    "12": 0.0426,
    "13": 0.04133,
    "14": 0.04099,
    "15": 0.04219,
    "16": 0.04733,
    "17": 0.08545,
    "18": 0.12888,
    "19": 0.15173,
    "20": 0.14969,
    "21": 0.15231,
    "22": 0.14674,
    "23": 0.14498
  }
}