{
  "day": "2025-10-20",
  "data": {
    "0": 0.11458,
    "1": 0.09717,
    "2": 0.09572,
    "3": 0.09723,
    "4": 0.09702,
    "5": 0.09612,
    "6": 0.11571,
    "7": 0.13572,
    "8": 0.18679,
    "9": 0.17243,
    "10": 0.18881,
    "11": 0.16511,
    "12": 0.15392,
    "13": 0.15028,
    "14": 0.08383,
    "15": 0.08421,
    "16": 0.08621,
    "17": 0.09705,
    "18": 0.19028,
    "19": 0.23263,
    "20": 0.25295,
    "21": 0.24132,
    "22": 0.15086,
    "23": 0.13186
  }
}