{
  "day": "2025-10-22",
  "data": {
    "0": 0.11287,
    "1": 0.1076,
    "2": 0.10638,
    "3": 0.09967,
    "4": 0.10008,
    "5": 0.1028,
    "6": 0.11451,
    "7": 0.12224,
    "8": 0.17013,
    "9": 0.13938,
    "10": 0.17418,
    "11": 0.16463,
    "12": 0.16258,
    "13": 0.16029,
    "14": 0.09633,
    "15": 0.09757,
    "16": 0.09799,
    "17": 0.10135,
    "18": 0.19414,
    "19": 0.21686,
    "20": 0.22288,
    "21": 0.19376,
    "22": 0.11524,
    "23": 0.11183
  }
}