{
  "day": "2025-10-23",
  "data": {
    "0": 0.08396,
    "1": 0.07948,
    "2": 0.07862,
    "3": 0.07595,
    "4": 0.07575,
    "5": 0.0743,
    "6": 0.07455,
    "7": 0.0841,
    "8": 0.12196,
    "9": 0.11079,
    "10": 0.16225,
    "11": 0.16135,
    "12": 0.16324,
    "13": 0.16051,
    "14": 0.09663,
    "15": 0.09773,
    "16": 0.09774,
    "17": 0.09838,
    "18": 0.17961,
    "19": 0.23637,
    "20": 0.27947,
    "21": 0.28394,
    "22": 0.20344,
    "23": 0.17949
  }
}