{
  "day": "2025-10-26",
  "data": {
    "0": 0.16031,
    "1": 0.15483,
    "2": 0.13107,
    "3": 0.12646,
    "4": 0.12815,
    "5": 0.12748,
    "6": 0.12537,
    "7": 0.12098,
    "8": 0.118,
    "9": 0.11918,
    "10": 0.09088,
    "11": 0.0718,
    "12": 0.06721,
    "13": 0.06624,
    "14": 0.06554,
    "15": 0.06821,
    "16": 0.07398,
    "17": 0.08771,
    "18": 0.11427,
    "19": 0.146,
    "20": 0.15419,
    "21": 0.16217,
    "22": 0.15127,
    "23": 0.14699,
    "24": 0.14608
  }
}