{
  "day": "2025-10-28",
  "data": {
    "0": 0.13538,
    "1": 0.13332,
    "2": 0.13502,
    "3": 0.13077,
    "4": 0.13057,
    "5": 0.12563,
    "6": 0.1402,
    "7": 0.15563,
    "8": 0.17213,
    "9": 0.14965,
    "10": 0.19058,
    "11": 0.17561,
    "12": 0.17395,
    "13": 0.17498,
    "14": 0.11949,
    "15": 0.13089,
    "16": 0.1548,
    "17": 0.1668,
    "18": 0.24912,
    "19": 0.25238,
    "20": 0.26559,
    "21": 0.25309,
    "22": 0.1706,
    "23": 0.16361
  }
}