{
  "day": "2025-10-30",
  "data": {
    "0": 0.15499,
    "1": 0.14604,
    "2": 0.13881,
    "3": 0.13361,
    "4": 0.12362,
    "5": 0.12138,
    "6": 0.13994,
    "7": 0.15968,
    "8": 0.1839,
    "9": 0.16622,
    "10": 0.18488,
    "11": 0.15746,
    "12": 0.13346,
    "13": 0.13172,
    "14": 0.06535,
    "15": 0.07829,
    "16": 0.11972,
    "17": 0.16804,
    "18": 0.24673,
    "19": 0.24765,
    "20": 0.26433,
    "21": 0.24297,
    "22": 0.16834,
    "23": 0.15506
  }
}