{
  "day": "2025-10-31",
  "data": {
    "0": 0.12433,
    "1": 0.11072,
    "2": 0.11328,
    "3": 0.10895,
    "4": 0.10882,
    "5": 0.10818,
    "6": 0.12203,
    "7": 0.12859,
    "8": 0.15692,
    "9": 0.13478,
    "10": 0.17275,
    "11": 0.1549,
    "12": 0.15392,
    "13": 0.14995,
    "14": 0.08579,
    "15": 0.09513,
    "16": 0.11973,
    "17": 0.14956,
    "18": 0.22733,
    "19": 0.23483,
    "20": 0.23798,
    "21": 0.2278,
    "22": 0.15851,
    "23": 0.14875
  }
}