{
  "day": "2022-09-03",
  "data": {
    "0": 0.40031,
    "1": 0.42207,
    "2": 0.43035,
    "3": 0.44936,
    "4": 0.48583,
    "5": 0.49946,
    "6": 0.50936,
    "7": 0.5023,
    "8": 0.47952,
    "9": 0.40084,
    "10": 0.32481,
    "11": 0.30137,
    "12": 0.28929,
    "13": 0.27971,
    "14": 0.2569,
    "15": 0.22059,
    "16": 0.18541,
    "17": 0.19204,
    "18": 0.25282,
    "19": 0.30509,
    "20": 0.38891,
    "21": 0.42851,
    "22": 0.44083,
    "23": 0.41595
  }
}