{
  "day": "2022-09-06",
  "data": {
    "0": 0.40576,
    "1": 0.365,
    "2": 0.37615,
    "3": 0.38155,
    "4": 0.38834,
    "5": 0.38122,
    "6": 0.36632,
    "7": 0.43401,
    "8": 0.4512,
    "9": 0.39901,
    "10": 0.36896,
    "11": 0.35313,
    "12": 0.34886,
    "13": 0.34327,
    "14": 0.2933,
    "15": 0.295,
    "16": 0.29705,
    "17": 0.30297,
    "18": 0.36325,
    "19": 0.462,
    "20": 0.50818,
    "21": 0.52299,
    "22": 0.46702,
    "23": 0.4772
  }
}