{
  "day": "2022-09-08",
  "data": {
    "0": 0.29893,
    "1": 0.31507,
    "2": 0.31988,
    "3": 0.30767,
    "4": 0.31,
    "5": 0.30602,
    "6": 0.29893,
    "7": 0.31406,
    "8": 0.3483,
    "9": 0.31891,
    "10": 0.35082,
    "11": 0.33936,
    "12": 0.33641,
    "13": 0.33493,
    "14": 0.2753,
    "15": 0.26582,
    "16": 0.26097,
    "17": 0.26741,
    "18": 0.33647,
    "19": 0.3574,
    "20": 0.41171,
    "21": 0.47089,
    "22": 0.374,
    "23": 0.35464
  }
}