{
  "day": "2022-09-10",
  "data": {
    "0": 0.40543,
    "1": 0.39673,
    "2": 0.38924,
    "3": 0.39793,
    "4": 0.40117,
    "5": 0.40324,
    "6": 0.39728,
    "7": 0.38905,
    "8": 0.37321,
    "9": 0.33449,
    "10": 0.27286,
    "11": 0.27242,
    "12": 0.27168,
    "13": 0.27033,
    "14": 0.25598,
    "15": 0.24114,
    "16": 0.23951,
    "17": 0.25806,
    "18": 0.29653,
    "19": 0.33828,
    "20": 0.43238,
    "21": 0.49296,
    "22": 0.44562,
    "23": 0.39711
  }
}