{
  "day": "2022-09-11",
  "data": {
    "0": 0.44408,
    "1": 0.44571,
    "2": 0.45369,
    "3": 0.45887,
    "4": 0.46206,
    "5": 0.46164,
    "6": 0.45613,
    "7": 0.44716,
    "8": 0.39712,
    "9": 0.35505,
    "10": 0.27071,
    "11": 0.23384,
    "12": 0.22087,
    "13": 0.21216,
    "14": 0.19638,
    "15": 0.1968,
    "16": 0.19669,
    "17": 0.19972,
    "18": 0.23392,
    "19": 0.32884,
    "20": 0.35976,
    "21": 0.42237,
    "22": 0.39289,
    "23": 0.37899
  }
}