{
  "day": "2022-09-12",
  "data": {
    "0": 0.4057,
    "1": 0.38297,
    "2": 0.38235,
    "3": 0.3721,
    "4": 0.37513,
    "5": 0.37003,
    "6": 0.3733,
    "7": 0.38985,
    "8": 0.4176,
    "9": 0.41901,
    "10": 0.43278,
    "11": 0.39141,
    "12": 0.36878,
    "13": 0.36125,
    "14": 0.2827,
    "15": 0.28524,
    "16": 0.3146,
    "17": 0.33844,
    "18": 0.41559,
    "19": 0.44062,
    "20": 0.46109,
    "21": 0.47991,
    "22": 0.38078,
    "23": 0.36385
  }
}