{
  "day": "2022-09-14",
  "data": {
    "0": 0.28337,
    "1": 0.28685,
    "2": 0.28357,
    "3": 0.28866,
    "4": 0.29346,
    "5": 0.30353,
    "6": 0.30298,
    "7": 0.31819,
    "8": 0.3669,
    "9": 0.34818,
    "10": 0.36781,
    "11": 0.32986,
    "12": 0.33319,
    "13": 0.32099,
    "14": 0.27027,
    "15": 0.27182,
    "16": 0.27951,
    "17": 0.28577,
    "18": 0.36813,
    "19": 0.43756,
    "20": 0.48272,
    "21": 0.51503,
    "22": 0.44918,
    "23": 0.42612
  }
}