{
  "day": "2022-09-16",
  "data": {
    "0": 0.40286,
    "1": 0.40402,
    "2": 0.39613,
    "3": 0.39295,
    "4": 0.39304,
    "5": 0.39857,
    "6": 0.39439,
    "7": 0.39065,
    "8": 0.40912,
    "9": 0.37787,
    "10": 0.38915,
    "11": 0.38527,
    "12": 0.38145,
    "13": 0.37766,
    "14": 0.30134,
    "15": 0.29501,
    "16": 0.29827,
    "17": 0.29598,
    "18": 0.35409,
    "19": 0.39693,
    "20": 0.42054,
    "21": 0.42166,
    "22": 0.35817,
    "23": 0.32669
  }
}