{
  "day": "2022-09-17",
  "data": {
    "0": 0.274,
    "1": 0.24747,
    "2": 0.24291,
    "3": 0.2453,
    "4": 0.24906,
    "5": 0.25138,
    "6": 0.24887,
    "7": 0.24668,
    "8": 0.24284,
    "9": 0.18661,
    "10": 0.12849,
    "11": 0.10866,
    "12": 0.12196,
    "13": 0.13664,
    "14": 0.14694,
    "15": 0.15388,
    "16": 0.16796,
    "17": 0.18318,
    "18": 0.21781,
    "19": 0.28221,
    "20": 0.32481,
    "21": 0.34911,
    "22": 0.2882,
    "23": 0.29156
  }
}