{
  "day": "2022-09-19",
  "data": {
    "0": 0.32331,
    "1": 0.30304,
    "2": 0.30054,
    "3": 0.30121,
    "4": 0.31653,
    "5": 0.32314,
    "6": 0.33477,
    "7": 0.34206,
    "8": 0.37715,
    "9": 0.35471,
    "10": 0.38696,
    "11": 0.37948,
    "12": 0.37705,
    "13": 0.37538,
    "14": 0.32319,
    "15": 0.32078,
    "16": 0.32782,
    "17": 0.32785,
    "18": 0.39308,
    "19": 0.4047,
    "20": 0.45397,
    "21": 0.43544,
    "22": 0.35871,
    "23": 0.34315
  }
}