{
  "day": "2022-09-20",
  "data": {
    "0": 0.34005,
    "1": 0.31441,
    "2": 0.30801,
    "3": 0.31245,
    "4": 0.31755,
    "5": 0.32501,
    "6": 0.33159,
    "7": 0.34685,
    "8": 0.3712,
    "9": 0.34875,
    "10": 0.34681,
    "11": 0.31842,
    "12": 0.31645,
    "13": 0.31538,
    "14": 0.26305,
    "15": 0.26461,
    "16": 0.2678,
    "17": 0.27134,
    "18": 0.33135,
    "19": 0.38961,
    "20": 0.40476,
    "21": 0.40397,
    "22": 0.30914,
    "23": 0.3067
  }
}