{
  "day": "2022-09-21",
  "data": {
    "0": 0.2846,
    "1": 0.28186,
    "2": 0.29238,
    "3": 0.29307,
    "4": 0.29574,
    "5": 0.29559,
    "6": 0.29629,
    "7": 0.30933,
    "8": 0.34905,
    "9": 0.32268,
    "10": 0.34389,
    "11": 0.32929,
    "12": 0.336,
    "13": 0.33537,
    "14": 0.27348,
    "15": 0.27506,
    "16": 0.27918,
    "17": 0.29723,
    "18": 0.36607,
    "19": 0.40753,
    "20": 0.41217,
    "21": 0.41109,
    "22": 0.33662,
    "23": 0.31802
  }
}