{
  "day": "2022-09-23",
  "data": {
    "0": 0.35964,
    "1": 0.36387,
    "2": 0.35046,
    "3": 0.34542,
    "4": 0.34484,
    "5": 0.34024,
    "6": 0.31552,
    "7": 0.3678,
    "8": 0.38733,
    "9": 0.33527,
    "10": 0.32366,
    "11": 0.30049,
    "12": 0.29157,
    "13": 0.29019,
    "14": 0.24041,
    "15": 0.24206,
    "16": 0.24547,
    "17": 0.25069,
    "18": 0.32436,
    "19": 0.38585,
    "20": 0.41257,
    "21": 0.40962,
    "22": 0.33055,
    "23": 0.30662
  }
}