{
  "day": "2022-09-27",
  "data": {
    "0": 0.27023,
    "1": 0.27131,
    "2": 0.27097,
    "3": 0.26016,
    "4": 0.2187,
    "5": 0.20781,
    "6": 0.23967,
    "7": 0.23697,
    "8": 0.25632,
    "9": 0.2285,
    "10": 0.2159,
    "11": 0.1713,
    "12": 0.17044,
    "13": 0.16004,
    "14": 0.09958,
    "15": 0.07766,
    "16": 0.07677,
    "17": 0.09462,
    "18": 0.18035,
    "19": 0.27249,
    "20": 0.3059,
    "21": 0.324,
    "22": 0.2561,
    "23": 0.25393
  }
}