{
  "day": "2025-08-01",
  "data": {
    "0": 0.1448,
    "1": 0.1365,
    "2": 0.12443,
    "3": 0.11227,
    "4": 0.10358,
    "5": 0.11333,
    "6": 0.12454,
    "7": 0.14378,
    "8": 0.16755,
    "9": 0.13194,
    "10": 0.17976,
    "11": 0.16782,
    "12": 0.16415,
    "13": 0.15408,
    "14": 0.08308,
    "15": 0.07586,
    "16": 0.07928,
    "17": 0.09049,
    "18": 0.18065,
    "19": 0.20657,
    "20": 0.22208,
    "21": 0.23804,
    "22": 0.1728,
    "23": 0.16587
  }
}