{
  "day": "2025-08-03",
  "data": {
    "0": 0.13921,
    "1": 0.12889,
    "2": 0.10226,
    "3": 0.09696,
    "4": 0.08859,
    "5": 0.08941,
    "6": 0.09054,
    "7": 0.09689,
    "8": 0.06857,
    "9": 0.05074,
    "10": 0.05502,
    "11": 0.0533,
    "12": 0.0516,
    "13": 0.04848,
    "14": 0.04896,
    "15": 0.04815,
    "16": 0.05201,
    "17": 0.0552,
    "18": 0.04987,
    "19": 0.08291,
    "20": 0.1359,
    "21": 0.15714,
    "22": 0.15865,
    "23": 0.1463
  }
}