{
  "day": "2025-08-04",
  "data": {
    "0": 0.12248,
    "1": 0.12319,
    "2": 0.12367,
    "3": 0.12435,
    "4": 0.12946,
    "5": 0.12874,
    "6": 0.1401,
    "7": 0.15323,
    "8": 0.16535,
    "9": 0.11957,
    "10": 0.15769,
    "11": 0.14046,
    "12": 0.1328,
    "13": 0.12734,
    "14": 0.06145,
    "15": 0.06106,
    "16": 0.0634,
    "17": 0.0865,
    "18": 0.16798,
    "19": 0.20463,
    "20": 0.24055,
    "21": 0.31571,
    "22": 0.21665,
    "23": 0.19179
  }
}