{
  "day": "2025-08-06",
  "data": {
    "0": 0.11767,
    "1": 0.11299,
    "2": 0.11872,
    "3": 0.11482,
    "4": 0.12111,
    "5": 0.13213,
    "6": 0.13004,
    "7": 0.14471,
    "8": 0.15778,
    "9": 0.13597,
    "10": 0.1698,
    "11": 0.14418,
    "12": 0.14371,
    "13": 0.13961,
    "14": 0.07418,
    "15": 0.07447,
    "16": 0.07707,
    "17": 0.10292,
    "18": 0.20389,
    "19": 0.23414,
    "20": 0.24526,
    "21": 0.31016,
    "22": 0.22138,
    "23": 0.18258
  }
}