{
  "day": "2025-08-07",
  "data": {
    "0": 0.15309,
    "1": 0.14309,
    "2": 0.13983,
    "3": 0.14125,
    "4": 0.14056,
    "5": 0.14112,
    "6": 0.15072,
    "7": 0.15793,
    "8": 0.17797,
    "9": 0.13776,
    "10": 0.16797,
    "11": 0.14037,
    "12": 0.13972,
    "13": 0.1395,
    "14": 0.073,
    "15": 0.07217,
    "16": 0.07328,
    "17": 0.09784,
    "18": 0.18906,
    "19": 0.22437,
    "20": 0.24128,
    "21": 0.27648,
    "22": 0.18802,
    "23": 0.17207
  }
}