{
  "day": "2025-08-08",
  "data": {
    "0": 0.14534,
    "1": 0.14285,
    "2": 0.14444,
    "3": 0.13878,
    "4": 0.13748,
    "5": 0.13981,
    "6": 0.14332,
    "7": 0.14999,
    "8": 0.17412,
    "9": 0.13212,
    "10": 0.16383,
    "11": 0.12788,
    "12": 0.1249,
    "13": 0.11534,
    "14": 0.04946,
    "15": 0.04995,
    "16": 0.06016,
    "17": 0.10417,
    "18": 0.1955,
    "19": 0.23505,
    "20": 0.24036,
    "21": 0.27111,
    "22": 0.18175,
    "23": 0.17431
  }
}