{
  "day": "2025-08-10",
  "data": {
    "0": 0.15077,
    "1": 0.13346,
    "2": 0.12816,
    "3": 0.11481,
    "4": 0.13284,
    "5": 0.13769,
    "6": 0.14236,
    "7": 0.14279,
    "8": 0.10226,
    "9": 0.03577,
    "10": 0.04064,
    "11": 0.04041,
    "12": 0.03961,
    "13": 0.03931,
    "14": 0.03901,
    "15": 0.03879,
    "16": 0.03914,
    "17": 0.0357,
    "18": 0.06523,
    "19": 0.12534,
    "20": 0.14168,
    "21": 0.17949,
    "22": 0.18703,
    "23": 0.16027
  }
}