{
  "day": "2025-08-11",
  "data": {
    "0": 0.14313,
    "1": 0.13389,
    "2": 0.1335,
    "3": 0.13346,
    "4": 0.13389,
    "5": 0.13429,
    "6": 0.13566,
    "7": 0.14324,
    "8": 0.16086,
    "9": 0.12172,
    "10": 0.16366,
    "11": 0.13937,
    "12": 0.13105,
    "13": 0.12823,
    "14": 0.05745,
    "15": 0.05654,
    "16": 0.09608,
    "17": 0.11015,
    "18": 0.2127,
    "19": 0.23581,
    "20": 0.26776,
    "21": 0.27882,
    "22": 0.20122,
    "23": 0.17639
  }
}