{
  "day": "2025-08-12",
  "data": {
    "0": 0.14045,
    "1": 0.13061,
    "2": 0.13656,
    "3": 0.13373,
    "4": 0.13341,
    "5": 0.13374,
    "6": 0.13065,
    "7": 0.14428,
    "8": 0.15595,
    "9": 0.15179,
    "10": 0.18362,
    "11": 0.15533,
    "12": 0.13871,
    "13": 0.13542,
    "14": 0.07157,
    "15": 0.08027,
    "16": 0.11425,
    "17": 0.13795,
    "18": 0.21897,
    "19": 0.24354,
    "20": 0.2895,
    "21": 0.2679,
    "22": 0.18658,
    "23": 0.16895
  }
}