{
  "day": "2025-08-19",
  "data": {
    "0": 0.13972,
    "1": 0.13825,
    "2": 0.13596,
    "3": 0.12738,
    "4": 0.12569,
    "5": 0.12614,
    "6": 0.13708,
    "7": 0.14165,
    "8": 0.15897,
    "9": 0.14753,
    "10": 0.19215,
    "11": 0.16631,
    "12": 0.15113,
    "13": 0.14672,
    "14": 0.08307,
    "15": 0.09577,
    "16": 0.10361,
    "17": 0.10594,
    "18": 0.18806,
    "19": 0.21448,
    "20": 0.22409,
    "21": 0.23607,
    "22": 0.17068,
    "23": 0.16388
  }
}