{
  "day": "2025-08-20",
  "data": {
    "0": 0.13941,
    "1": 0.13268,
    "2": 0.12873,
    "3": 0.12323,
    "4": 0.11892,
    "5": 0.12397,
    "6": 0.13386,
    "7": 0.14878,
    "8": 0.15888,
    "9": 0.13633,
    "10": 0.17784,
    "11": 0.17691,
    "12": 0.17575,
    "13": 0.15855,
    "14": 0.08971,
    "15": 0.08524,
    "16": 0.08591,
    "17": 0.09551,
    "18": 0.17831,
    "19": 0.19885,
    "20": 0.20932,
    "21": 0.23235,
    "22": 0.16484,
    "23": 0.15233
  }
}