{
  "day": "2025-08-21",
  "data": {
    "0": 0.14446,
    "1": 0.13905,
    "2": 0.1368,
    "3": 0.13336,
    "4": 0.13232,
    "5": 0.13306,
    "6": 0.13578,
    "7": 0.14849,
    "8": 0.15832,
    "9": 0.12117,
    "10": 0.15822,
    "11": 0.14163,
    "12": 0.13857,
    "13": 0.13431,
    "14": 0.06916,
    "15": 0.06797,
    "16": 0.07036,
    "17": 0.07074,
    "18": 0.1595,
    "19": 0.18676,
    "20": 0.21716,
    "21": 0.2267,
    "22": 0.15328,
    "23": 0.15218
  }
}