{
  "day": "2025-08-23",
  "data": {
    "0": 0.14335,
    "1": 0.13824,
    "2": 0.13134,
    "3": 0.1242,
    "4": 0.12246,
    "5": 0.12568,
    "6": 0.13154,
    "7": 0.16256,
    "8": 0.13086,
    "9": 0.09954,
    "10": 0.04983,
    "11": 0.0419,
    "12": 0.04081,
    "13": 0.03908,
    "14": 0.03873,
    "15": 0.04418,
    "16": 0.05426,
    "17": 0.08329,
    "18": 0.11181,
    "19": 0.14973,
    "20": 0.16524,
    "21": 0.17911,
    "22": 0.15789,
    "23": 0.15631
  }
}