{
  "day": "2025-08-24",
  "data": {
    "0": 0.15108,
    "1": 0.14851,
    "2": 0.14714,
    "3": 0.14403,
    "4": 0.14349,
    "5": 0.14343,
    "6": 0.14208,
    "7": 0.15828,
    "8": 0.14113,
    "9": 0.07048,
    "10": 0.0368,
    "11": 0.04405,
    "12": 0.0428,
    "13": 0.04196,
    "14": 0.04178,
    "15": 0.04258,
    "16": 0.0428,
    "17": 0.05349,
    "18": 0.1088,
    "19": 0.14528,
    "20": 0.16324,
    "21": 0.16097,
    "22": 0.15791,
    "23": 0.15196
  }
}