{
  "day": "2025-08-27",
  "data": {
    "0": 0.14324,
    "1": 0.13704,
    "2": 0.13586,
    "3": 0.1288,
    "4": 0.12372,
    "5": 0.12304,
    "6": 0.13635,
    "7": 0.14814,
    "8": 0.1701,
    "9": 0.16323,
    "10": 0.20575,
    "11": 0.19998,
    "12": 0.18448,
    "13": 0.16613,
    "14": 0.10198,
    "15": 0.10546,
    "16": 0.10665,
    "17": 0.10786,
    "18": 0.1909,
    "19": 0.22202,
    "20": 0.23257,
    "21": 0.23627,
    "22": 0.17096,
    "23": 0.16127
  }
}