{
  "day": "2025-08-28",
  "data": {
    "0": 0.14916,
    "1": 0.14079,
    "2": 0.13886,
    "3": 0.12399,
    "4": 0.11965,
    "5": 0.12606,
    "6": 0.13561,
    "7": 0.14421,
    "8": 0.1663,
    "9": 0.14502,
    "10": 0.15087,
    "11": 0.13487,
    "12": 0.13257,
    "13": 0.12975,
    "14": 0.06393,
    "15": 0.06367,
    "16": 0.06445,
    "17": 0.06525,
    "18": 0.13814,
    "19": 0.20805,
    "20": 0.23556,
    "21": 0.23466,
    "22": 0.16648,
    "23": 0.16296
  }
}