{
  "day": "2025-08-31",
  "data": {
    "0": 0.1381,
    "1": 0.13445,
    "2": 0.13096,
    "3": 0.12828,
    "4": 0.13256,
    "5": 0.13236,
    "6": 0.1319,
    "7": 0.15162,
    "8": 0.11613,
    "9": 0.06519,
    "10": 0.0586,
    "11": 0.06,
    "12": 0.05707,
    "13": 0.05776,
    "14": 0.06023,
    "15": 0.06268,
    "16": 0.06273,
    "17": 0.06319,
    "18": 0.05996,
    "19": 0.06427,
    "20": 0.11859,
    "21": 0.12917,
    "22": 0.12638,
    "23": 0.11693
  }
}