{
  "day": "2022-05-01",
  "data": {
    "0": 0.25791,
    "1": 0.25588,
    "2": 0.25739,
    "3": 0.25658,
    "4": 0.26422,
    "5": 0.26951,
    "6": 0.26156,
    "7": 0.26205,
    "8": 0.2497,
    "9": 0.23995,
    "10": 0.23036,
    "11": 0.22046,
    "12": 0.21734,
    "13": 0.19758,
    "14": 0.18582,
    "15": 0.1801,
    "16": 0.16654,
    "17": 0.14016,
    "18": 0.1818,
    "19": 0.21824,
    "20": 0.26673,
    "21": 0.28201,
    "22": 0.27771,
    "23": 0.26499
  }
}