{
  "day": "2022-05-02",
  "data": {
    "0": 0.24884,
    "1": 0.25306,
    "2": 0.25331,
    "3": 0.25701,
    "4": 0.25936,
    "5": 0.27138,
    "6": 0.26689,
    "7": 0.26703,
    "8": 0.29186,
    "9": 0.27955,
    "10": 0.25895,
    "11": 0.27898,
    "12": 0.29869,
    "13": 0.30404,
    "14": 0.30059,
    "15": 0.23924,
    "16": 0.23336,
    "17": 0.2245,
    "18": 0.22851,
    "19": 0.27822,
    "20": 0.32424,
    "21": 0.33386,
    "22": 0.33045,
    "23": 0.27984
  }
}