{
  "day": "2022-05-03",
  "data": {
    "0": 0.19784,
    "1": 0.20475,
    "2": 0.23995,
    "3": 0.24524,
    "4": 0.24791,
    "5": 0.24909,
    "6": 0.20676,
    "7": 0.25211,
    "8": 0.28378,
    "9": 0.2697,
    "10": 0.23938,
    "11": 0.30838,
    "12": 0.31004,
    "13": 0.30832,
    "14": 0.2978,
    "15": 0.26769,
    "16": 0.2692,
    "17": 0.26936,
    "18": 0.26644,
    "19": 0.3247,
    "20": 0.33103,
    "21": 0.34132,
    "22": 0.33204,
    "23": 0.27059
  }
}