{
  "day": "2022-05-04",
  "data": {
    "0": 0.25396,
    "1": 0.25112,
    "2": 0.25421,
    "3": 0.25772,
    "4": 0.25879,
    "5": 0.25818,
    "6": 0.25714,
    "7": 0.25953,
    "8": 0.29176,
    "9": 0.27355,
    "10": 0.26099,
    "11": 0.29895,
    "12": 0.31675,
    "13": 0.31581,
    "14": 0.31968,
    "15": 0.27705,
    "16": 0.27739,
    "17": 0.27714,
    "18": 0.27159,
    "19": 0.32045,
    "20": 0.32901,
    "21": 0.33504,
    "22": 0.32849,
    "23": 0.27283
  }
}