{
  "day": "2022-05-06",
  "data": {
    "0": 0.26719,
    "1": 0.26659,
    "2": 0.26278,
    "3": 0.26148,
    "4": 0.26431,
    "5": 0.27065,
    "6": 0.26963,
    "7": 0.27277,
    "8": 0.29769,
    "9": 0.27569,
    "10": 0.27194,
    "11": 0.31184,
    "12": 0.3081,
    "13": 0.2963,
    "14": 0.28183,
    "15": 0.23362,
    "16": 0.22387,
    "17": 0.22288,
    "18": 0.22707,
    "19": 0.32171,
    "20": 0.33176,
    "21": 0.35223,
    "22": 0.34893,
    "23": 0.28573
  }
}