{
  "day": "2022-05-07",
  "data": {
    "0": 0.25794,
    "1": 0.25561,
    "2": 0.25591,
    "3": 0.25539,
    "4": 0.25548,
    "5": 0.25664,
    "6": 0.25717,
    "7": 0.26109,
    "8": 0.25549,
    "9": 0.21397,
    "10": 0.19727,
    "11": 0.18906,
    "12": 0.18762,
    "13": 0.18773,
    "14": 0.18369,
    "15": 0.18806,
    "16": 0.18739,
    "17": 0.18899,
    "18": 0.20394,
    "19": 0.25694,
    "20": 0.27029,
    "21": 0.2786,
    "22": 0.27146,
    "23": 0.25439
  }
}