{
  "day": "2022-05-08",
  "data": {
    "0": 0.2623,
    "1": 0.25015,
    "2": 0.2527,
    "3": 0.24868,
    "4": 0.2462,
    "5": 0.24961,
    "6": 0.24792,
    "7": 0.24953,
    "8": 0.24198,
    "9": 0.21307,
    "10": 0.17962,
    "11": 0.15955,
    "12": 0.16546,
    "13": 0.15309,
    "14": 0.1466,
    "15": 0.13075,
    "16": 0.15452,
    "17": 0.19444,
    "18": 0.22981,
    "19": 0.26043,
    "20": 0.27428,
    "21": 0.28747,
    "22": 0.27231,
    "23": 0.26465
  }
}