{
  "day": "2022-05-10",
  "data": {
    "0": 0.2662,
    "1": 0.25771,
    "2": 0.25125,
    "3": 0.25303,
    "4": 0.25389,
    "5": 0.2573,
    "6": 0.28061,
    "7": 0.29055,
    "8": 0.31868,
    "9": 0.29232,
    "10": 0.27907,
    "11": 0.31561,
    "12": 0.30836,
    "13": 0.29719,
    "14": 0.29917,
    "15": 0.24585,
    "16": 0.25077,
    "17": 0.26681,
    "18": 0.28093,
    "19": 0.33686,
    "20": 0.35158,
    "21": 0.35577,
    "22": 0.35183,
    "23": 0.29915
  }
}