{
  "day": "2022-05-12",
  "data": {
    "0": 0.20794,
    "1": 0.20983,
    "2": 0.2106,
    "3": 0.20883,
    "4": 0.21106,
    "5": 0.22068,
    "6": 0.2623,
    "7": 0.26044,
    "8": 0.29517,
    "9": 0.28069,
    "10": 0.27328,
    "11": 0.29872,
    "12": 0.2855,
    "13": 0.274,
    "14": 0.27618,
    "15": 0.23062,
    "16": 0.23185,
    "17": 0.23437,
    "18": 0.25514,
    "19": 0.31947,
    "20": 0.33378,
    "21": 0.34598,
    "22": 0.34633,
    "23": 0.28718
  }
}