{
  "day": "2022-05-13",
  "data": {
    "0": 0.25741,
    "1": 0.25258,
    "2": 0.23887,
    "3": 0.22772,
    "4": 0.23651,
    "5": 0.25616,
    "6": 0.28019,
    "7": 0.29427,
    "8": 0.32021,
    "9": 0.2977,
    "10": 0.27654,
    "11": 0.3154,
    "12": 0.30831,
    "13": 0.29836,
    "14": 0.27805,
    "15": 0.23234,
    "16": 0.23374,
    "17": 0.23225,
    "18": 0.2646,
    "19": 0.3425,
    "20": 0.35035,
    "21": 0.3486,
    "22": 0.34811,
    "23": 0.29868
  }
}