{
  "day": "2022-05-14",
  "data": {
    "0": 0.26607,
    "1": 0.26845,
    "2": 0.2622,
    "3": 0.26812,
    "4": 0.25421,
    "5": 0.24745,
    "6": 0.25343,
    "7": 0.24452,
    "8": 0.23159,
    "9": 0.20454,
    "10": 0.19937,
    "11": 0.19712,
    "12": 0.19657,
    "13": 0.17998,
    "14": 0.17402,
    "15": 0.17557,
    "16": 0.18988,
    "17": 0.20496,
    "18": 0.25709,
    "19": 0.27938,
    "20": 0.29665,
    "21": 0.2949,
    "22": 0.29003,
    "23": 0.2734
  }
}