{
  "day": "2022-05-15",
  "data": {
    "0": 0.2672,
    "1": 0.25179,
    "2": 0.24265,
    "3": 0.23416,
    "4": 0.2311,
    "5": 0.23132,
    "6": 0.22312,
    "7": 0.21933,
    "8": 0.21347,
    "9": 0.15638,
    "10": 0.13315,
    "11": 0.12623,
    "12": 0.10902,
    "13": 0.07535,
    "14": 0.04324,
    "15": 0.02866,
    "16": 0.02712,
    "17": 0.02755,
    "18": 0.04488,
    "19": 0.20593,
    "20": 0.26951,
    "21": 0.27416,
    "22": 0.26495,
    "23": 0.24695
  }
}