{
  "day": "2022-05-21",
  "data": {
    "0": 0.22308,
    "1": 0.21226,
    "2": 0.21322,
    "3": 0.21227,
    "4": 0.21053,
    "5": 0.21165,
    "6": 0.21047,
    "7": 0.21071,
    "8": 0.2125,
    "9": 0.21465,
    "10": 0.21913,
    "11": 0.21506,
    "12": 0.21032,
    "13": 0.20641,
    "14": 0.20302,
    "15": 0.20426,
    "16": 0.20361,
    "17": 0.20832,
    "18": 0.22221,
    "19": 0.25281,
    "20": 0.27382,
    "21": 0.27879,
    "22": 0.27728,
    "23": 0.26543
  }
}