{
  "day": "2022-05-23",
  "data": {
    "0": 0.24628,
    "1": 0.23159,
    "2": 0.2231,
    "3": 0.22506,
    "4": 0.22482,
    "5": 0.22534,
    "6": 0.25557,
    "7": 0.27687,
    "8": 0.31287,
    "9": 0.29241,
    "10": 0.28665,
    "11": 0.31591,
    "12": 0.30335,
    "13": 0.3018,
    "14": 0.29359,
    "15": 0.25088,
    "16": 0.24916,
    "17": 0.25521,
    "18": 0.25151,
    "19": 0.3359,
    "20": 0.33129,
    "21": 0.33337,
    "22": 0.33292,
    "23": 0.25551
  }
}