{
  "day": "2022-05-24",
  "data": {
    "0": 0.21942,
    "1": 0.21491,
    "2": 0.21711,
    "3": 0.22173,
    "4": 0.22457,
    "5": 0.23664,
    "6": 0.2581,
    "7": 0.26052,
    "8": 0.29394,
    "9": 0.26473,
    "10": 0.25479,
    "11": 0.29016,
    "12": 0.30118,
    "13": 0.2887,
    "14": 0.28459,
    "15": 0.23674,
    "16": 0.23629,
    "17": 0.24078,
    "18": 0.23607,
    "19": 0.28421,
    "20": 0.31649,
    "21": 0.34177,
    "22": 0.33709,
    "23": 0.26295
  }
}