{
  "day": "2022-05-27",
  "data": {
    "0": 0.22617,
    "1": 0.20382,
    "2": 0.20211,
    "3": 0.20444,
    "4": 0.20459,
    "5": 0.20564,
    "6": 0.23054,
    "7": 0.24019,
    "8": 0.2784,
    "9": 0.25903,
    "10": 0.23727,
    "11": 0.28726,
    "12": 0.28186,
    "13": 0.27987,
    "14": 0.27906,
    "15": 0.22343,
    "16": 0.22149,
    "17": 0.22018,
    "18": 0.21796,
    "19": 0.28987,
    "20": 0.32956,
    "21": 0.34162,
    "22": 0.33341,
    "23": 0.26922
  }
}