{
  "day": "2022-05-28",
  "data": {
    "0": 0.21746,
    "1": 0.20551,
    "2": 0.21667,
    "3": 0.20834,
    "4": 0.21164,
    "5": 0.22284,
    "6": 0.23717,
    "7": 0.23979,
    "8": 0.22894,
    "9": 0.26688,
    "10": 0.23903,
    "11": 0.23599,
    "12": 0.24887,
    "13": 0.24514,
    "14": 0.20639,
    "15": 0.20709,
    "16": 0.19589,
    "17": 0.19909,
    "18": 0.24977,
    "19": 0.21731,
    "20": 0.27144,
    "21": 0.28541,
    "22": 0.27199,
    "23": 0.25836
  }
}