{
  "day": "2022-05-30",
  "data": {
    "0": 0.25795,
    "1": 0.25879,
    "2": 0.25386,
    "3": 0.25262,
    "4": 0.25088,
    "5": 0.25569,
    "6": 0.28583,
    "7": 0.28369,
    "8": 0.31058,
    "9": 0.28806,
    "10": 0.2803,
    "11": 0.31351,
    "12": 0.31332,
    "13": 0.30509,
    "14": 0.30404,
    "15": 0.25098,
    "16": 0.23982,
    "17": 0.25752,
    "18": 0.26131,
    "19": 0.33454,
    "20": 0.36308,
    "21": 0.37434,
    "22": 0.37198,
    "23": 0.30719
  }
}