{
  "day": "2022-05-31",
  "data": {
    "0": 0.27489,
    "1": 0.26915,
    "2": 0.26841,
    "3": 0.26981,
    "4": 0.26856,
    "5": 0.26471,
    "6": 0.2853,
    "7": 0.30615,
    "8": 0.33187,
    "9": 0.30189,
    "10": 0.2812,
    "11": 0.31843,
    "12": 0.30937,
    "13": 0.29722,
    "14": 0.30783,
    "15": 0.25249,
    "16": 0.25308,
    "17": 0.26038,
    "18": 0.26828,
    "19": 0.34344,
    "20": 0.36605,
    "21": 0.37149,
    "22": 0.36768,
    "23": 0.3069
  }
}