{
  "day": "2023-12-01",
  "data": {
    "0": 0.15059,
    "1": 0.14772,
    "2": 0.1443,
    "3": 0.14162,
    "4": 0.14183,
    "5": 0.14794,
    "6": 0.13609,
    "7": 0.15593,
    "8": 0.19548,
    "9": 0.18072,
    "10": 0.21793,
    "11": 0.20342,
    "12": 0.1992,
    "13": 0.19004,
    "14": 0.13884,
    "15": 0.12503,
    "16": 0.14086,
    "17": 0.15762,
    "18": 0.20699,
    "19": 0.21666,
    "20": 0.21668,
    "21": 0.21368,
    "22": 0.16232,
    "23": 0.15034
  }
}