{
  "day": "2023-12-02",
  "data": {
    "0": 0.10402,
    "1": 0.09811,
    "2": 0.10193,
    "3": 0.10188,
    "4": 0.1109,
    "5": 0.11167,
    "6": 0.11225,
    "7": 0.13014,
    "8": 0.14137,
    "9": 0.1267,
    "10": 0.10263,
    "11": 0.09265,
    "12": 0.08961,
    "13": 0.0901,
    "14": 0.08837,
    "15": 0.09177,
    "16": 0.10599,
    "17": 0.14766,
    "18": 0.15996,
    "19": 0.17749,
    "20": 0.1693,
    "21": 0.16057,
    "22": 0.15609,
    "23": 0.15321
  }
}