{
  "day": "2023-12-04",
  "data": {
    "0": 0.10239,
    "1": 0.10405,
    "2": 0.0971,
    "3": 0.09753,
    "4": 0.09267,
    "5": 0.09756,
    "6": 0.10551,
    "7": 0.1259,
    "8": 0.15221,
    "9": 0.14961,
    "10": 0.18744,
    "11": 0.17504,
    "12": 0.16826,
    "13": 0.16228,
    "14": 0.11653,
    "15": 0.11892,
    "16": 0.12969,
    "17": 0.16083,
    "18": 0.22625,
    "19": 0.2357,
    "20": 0.22851,
    "21": 0.21752,
    "22": 0.16725,
    "23": 0.15396
  }
}