{
  "day": "2023-12-07",
  "data": {
    "0": 0.14194,
    "1": 0.14075,
    "2": 0.13985,
    "3": 0.12581,
    "4": 0.12064,
    "5": 0.11945,
    "6": 0.12724,
    "7": 0.13517,
    "8": 0.15793,
    "9": 0.15459,
    "10": 0.18693,
    "11": 0.17847,
    "12": 0.18651,
    "13": 0.18904,
    "14": 0.13277,
    "15": 0.14385,
    "16": 0.1477,
    "17": 0.15706,
    "18": 0.20019,
    "19": 0.19972,
    "20": 0.19958,
    "21": 0.20142,
    "22": 0.15531,
    "23": 0.12487
  }
}