{
  "day": "2023-12-08",
  "data": {
    "0": 0.07653,
    "1": 0.05516,
    "2": 0.05437,
    "3": 0.0443,
    "4": 0.04481,
    "5": 0.04468,
    "6": 0.04352,
    "7": 0.0431,
    "8": 0.04857,
    "9": 0.0406,
    "10": 0.02874,
    "11": 0.02454,
    "12": 0.024,
    "13": 0.02419,
    "14": 0.02625,
    "15": 0.03008,
    "16": 0.04432,
    "17": 0.0699,
    "18": 0.0759,
    "19": 0.09217,
    "20": 0.09326,
    "21": 0.08703,
    "22": 0.07407,
    "23": 0.06792
  }
}