{
  "day": "2023-12-09",
  "data": {
    "0": 0.08134,
    "1": 0.07262,
    "2": 0.06367,
    "3": 0.06198,
    "4": 0.06068,
    "5": 0.06034,
    "6": 0.06076,
    "7": 0.06068,
    "8": 0.06888,
    "9": 0.06278,
    "10": 0.04726,
    "11": 0.04344,
    "12": 0.04381,
    "13": 0.04407,
    "14": 0.04395,
    "15": 0.04819,
    "16": 0.07063,
    "17": 0.09553,
    "18": 0.1131,
    "19": 0.11376,
    "20": 0.10648,
    "21": 0.10028,
    "22": 0.0952,
    "23": 0.08341
  }
}