{
  "day": "2023-12-10",
  "data": {
    "0": 0.07401,
    "1": 0.06056,
    "2": 0.05644,
    "3": 0.05919,
    "4": 0.05938,
    "5": 0.06208,
    "6": 0.0678,
    "7": 0.08508,
    "8": 0.0887,
    "9": 0.08526,
    "10": 0.07407,
    "11": 0.07331,
    "12": 0.06993,
    "13": 0.07057,
    "14": 0.06908,
    "15": 0.06787,
    "16": 0.07794,
    "17": 0.08403,
    "18": 0.08886,
    "19": 0.09777,
    "20": 0.09002,
    "21": 0.08424,
    "22": 0.08136,
    "23": 0.07773
  }
}