{
  "day": "2023-12-12",
  "data": {
    "0": 0.10331,
    "1": 0.10545,
    "2": 0.09182,
    "3": 0.08988,
    "4": 0.08866,
    "5": 0.09052,
    "6": 0.09701,
    "7": 0.10674,
    "8": 0.13635,
    "9": 0.13246,
    "10": 0.17761,
    "11": 0.17266,
    "12": 0.15938,
    "13": 0.15058,
    "14": 0.10604,
    "15": 0.12728,
    "16": 0.14555,
    "17": 0.14316,
    "18": 0.19718,
    "19": 0.20091,
    "20": 0.19916,
    "21": 0.19159,
    "22": 0.13827,
    "23": 0.12603
  }
}