{
  "day": "2023-12-13",
  "data": {
    "0": 0.08105,
    "1": 0.07593,
    "2": 0.07335,
    "3": 0.07186,
    "4": 0.07119,
    "5": 0.0715,
    "6": 0.07475,
    "7": 0.07374,
    "8": 0.12833,
    "9": 0.13547,
    "10": 0.15912,
    "11": 0.14147,
    "12": 0.13929,
    "13": 0.13777,
    "14": 0.09088,
    "15": 0.09524,
    "16": 0.10287,
    "17": 0.13397,
    "18": 0.18451,
    "19": 0.19582,
    "20": 0.198,
    "21": 0.19228,
    "22": 0.12859,
    "23": 0.12078
  }
}