{
  "day": "2023-12-16",
  "data": {
    "0": 0.10485,
    "1": 0.10137,
    "2": 0.09994,
    "3": 0.09865,
    "4": 0.09448,
    "5": 0.09689,
    "6": 0.10127,
    "7": 0.10539,
    "8": 0.11541,
    "9": 0.12023,
    "10": 0.11767,
    "11": 0.10814,
    "12": 0.10326,
    "13": 0.10172,
    "14": 0.10755,
    "15": 0.11614,
    "16": 0.11942,
    "17": 0.13016,
    "18": 0.13966,
    "19": 0.14314,
    "20": 0.14399,
    "21": 0.14331,
    "22": 0.13988,
    "23": 0.13819
  }
}