{
  "day": "2023-12-17",
  "data": {
    "0": 0.13363,
    "1": 0.12346,
    "2": 0.11397,
    "3": 0.11447,
    "4": 0.11442,
    "5": 0.11253,
    "6": 0.11324,
    "7": 0.11234,
    "8": 0.11784,
    "9": 0.10831,
    "10": 0.08835,
    "11": 0.08076,
    "12": 0.0742,
    "13": 0.07724,
    "14": 0.07834,
    "15": 0.09303,
    "16": 0.1047,
    "17": 0.13115,
    "18": 0.14432,
    "19": 0.14641,
    "20": 0.15438,
    "21": 0.14973,
    "22": 0.14122,
    "23": 0.13501
  }
}