{
  "day": "2023-12-20",
  "data": {
    "0": 0.09186,
    "1": 0.08306,
    "2": 0.08102,
    "3": 0.07195,
    "4": 0.06414,
    "5": 0.0738,
    "6": 0.08195,
    "7": 0.09554,
    "8": 0.13722,
    "9": 0.13303,
    "10": 0.16603,
    "11": 0.1633,
    "12": 0.15509,
    "13": 0.14925,
    "14": 0.10277,
    "15": 0.10444,
    "16": 0.11867,
    "17": 0.13598,
    "18": 0.19232,
    "19": 0.18853,
    "20": 0.18275,
    "21": 0.17542,
    "22": 0.11972,
    "23": 0.10437
  }
}