{
  "day": "2023-12-24",
  "data": {
    "0": 0.1167,
    "1": 0.11772,
    "2": 0.11566,
    "3": 0.11023,
    "4": 0.11223,
    "5": 0.1108,
    "6": 0.10603,
    "7": 0.11346,
    "8": 0.11261,
    "9": 0.10876,
    "10": 0.09509,
    "11": 0.0809,
    "12": 0.08053,
    "13": 0.08071,
    "14": 0.07962,
    "15": 0.08056,
    "16": 0.10518,
    "17": 0.11277,
    "18": 0.14138,
    "19": 0.15109,
    "20": 0.15098,
    "21": 0.13458,
    "22": 0.11778,
    "23": 0.11207
  }
}