{
  "day": "2023-12-25",
  "data": {
    "0": 0.12362,
    "1": 0.12082,
    "2": 0.11361,
    "3": 0.11689,
    "4": 0.10641,
    "5": 0.10634,
    "6": 0.10596,
    "7": 0.10887,
    "8": 0.12284,
    "9": 0.10292,
    "10": 0.09243,
    "11": 0.08965,
    "12": 0.08941,
    "13": 0.08892,
    "14": 0.08855,
    "15": 0.0902,
    "16": 0.0985,
    "17": 0.12238,
    "18": 0.1282,
    "19": 0.12215,
    "20": 0.12224,
    "21": 0.12201,
    "22": 0.12092,
    "23": 0.1145
  }
}