{
  "day": "2023-12-27",
  "data": {
    "0": 0.11648,
    "1": 0.11523,
    "2": 0.09894,
    "3": 0.09455,
    "4": 0.08973,
    "5": 0.09297,
    "6": 0.10278,
    "7": 0.11311,
    "8": 0.1514,
    "9": 0.14385,
    "10": 0.17608,
    "11": 0.16866,
    "12": 0.16356,
    "13": 0.16179,
    "14": 0.11825,
    "15": 0.1212,
    "16": 0.13123,
    "17": 0.13943,
    "18": 0.21726,
    "19": 0.22057,
    "20": 0.23212,
    "21": 0.23061,
    "22": 0.1682,
    "23": 0.15195
  }
}