{
  "day": "2023-12-31",
  "data": {
    "0": 0.05387,
    "1": 0.0407,
    "2": 0.04102,
    "3": 0.0378,
    "4": 0.03731,
    "5": 0.03698,
    "6": 0.03644,
    "7": 0.03936,
    "8": 0.04011,
    "9": 0.04378,
    "10": 0.04209,
    "11": 0.03976,
    "12": 0.03746,
    "13": 0.03118,
    "14": 0.03455,
    "15": 0.04244,
    "16": 0.07097,
    "17": 0.09955,
    "18": 0.11153,
    "19": 0.14113,
    "20": 0.13143,
    "21": 0.12222,
    "22": 0.11134,
    "23": 0.10523
  }
}