{
  "day": "2025-07-01",
  "data": {
    "0": 0.15293,
    "1": 0.14081,
    "2": 0.1392,
    "3": 0.1354,
    "4": 0.13405,
    "5": 0.13505,
    "6": 0.13739,
    "7": 0.14279,
    "8": 0.16038,
    "9": 0.15276,
    "10": 0.14142,
    "11": 0.19006,
    "12": 0.18877,
    "13": 0.18644,
    "14": 0.18669,
    "15": 0.12183,
    "16": 0.13412,
    "17": 0.14697,
    "18": 0.15646,
    "19": 0.2266,
    "20": 0.23674,
    "21": 0.28479,
    "22": 0.27681,
    "23": 0.17755
  }
}