{
  "day": "2025-07-03",
  "data": {
    "0": 0.14234,
    "1": 0.14123,
    "2": 0.14084,
    "3": 0.13072,
    "4": 0.11995,
    "5": 0.12911,
    "6": 0.14062,
    "7": 0.14637,
    "8": 0.16807,
    "9": 0.12485,
    "10": 0.12294,
    "11": 0.17552,
    "12": 0.16036,
    "13": 0.15225,
    "14": 0.15424,
    "15": 0.10752,
    "16": 0.11639,
    "17": 0.13469,
    "18": 0.15416,
    "19": 0.23349,
    "20": 0.2412,
    "21": 0.26688,
    "22": 0.26429,
    "23": 0.17497
  }
}