{
  "day": "2025-07-05",
  "data": {
    "0": 0.17173,
    "1": 0.15666,
    "2": 0.14752,
    "3": 0.14131,
    "4": 0.14142,
    "5": 0.14096,
    "6": 0.14453,
    "7": 0.14663,
    "8": 0.13483,
    "9": 0.07319,
    "10": 0.03485,
    "11": 0.03141,
    "12": 0.03198,
    "13": 0.03379,
    "14": 0.03387,
    "15": 0.03404,
    "16": 0.03451,
    "17": 0.05916,
    "18": 0.07699,
    "19": 0.13621,
    "20": 0.14792,
    "21": 0.17114,
    "22": 0.17427,
    "23": 0.15873
  }
}