{
  "day": "2025-07-06",
  "data": {
    "0": 0.15585,
    "1": 0.14986,
    "2": 0.14784,
    "3": 0.14506,
    "4": 0.145,
    "5": 0.14583,
    "6": 0.1464,
    "7": 0.14323,
    "8": 0.0996,
    "9": 0.04818,
    "10": 0.04185,
    "11": 0.04022,
    "12": 0.03967,
    "13": 0.04161,
    "14": 0.04165,
    "15": 0.03911,
    "16": 0.04061,
    "17": 0.04033,
    "18": 0.04522,
    "19": 0.07777,
    "20": 0.13672,
    "21": 0.15309,
    "22": 0.156,
    "23": 0.15409
  }
}