{
  "day": "2025-07-07",
  "data": {
    "0": 0.14915,
    "1": 0.14033,
    "2": 0.1374,
    "3": 0.13392,
    "4": 0.1301,
    "5": 0.1392,
    "6": 0.14799,
    "7": 0.14922,
    "8": 0.16069,
    "9": 0.12415,
    "10": 0.10102,
    "11": 0.14521,
    "12": 0.14203,
    "13": 0.12988,
    "14": 0.12975,
    "15": 0.06327,
    "16": 0.06107,
    "17": 0.06195,
    "18": 0.0659,
    "19": 0.16914,
    "20": 0.21537,
    "21": 0.24688,
    "22": 0.24696,
    "23": 0.17351
  }
}