{
  "day": "2025-07-08",
  "data": {
    "0": 0.13159,
    "1": 0.11459,
    "2": 0.10264,
    "3": 0.08363,
    "4": 0.08383,
    "5": 0.07815,
    "6": 0.1107,
    "7": 0.12585,
    "8": 0.13532,
    "9": 0.08726,
    "10": 0.0695,
    "11": 0.13173,
    "12": 0.13122,
    "13": 0.13029,
    "14": 0.13078,
    "15": 0.06575,
    "16": 0.06745,
    "17": 0.082,
    "18": 0.11748,
    "19": 0.20402,
    "20": 0.24626,
    "21": 0.25256,
    "22": 0.2537,
    "23": 0.18532
  }
}