{
  "day": "2025-07-09",
  "data": {
    "0": 0.14119,
    "1": 0.13508,
    "2": 0.13288,
    "3": 0.13143,
    "4": 0.13714,
    "5": 0.13801,
    "6": 0.13679,
    "7": 0.14078,
    "8": 0.162,
    "9": 0.156,
    "10": 0.11067,
    "11": 0.15807,
    "12": 0.1543,
    "13": 0.15279,
    "14": 0.15287,
    "15": 0.08924,
    "16": 0.10206,
    "17": 0.12633,
    "18": 0.13056,
    "19": 0.23166,
    "20": 0.23636,
    "21": 0.28492,
    "22": 0.27263,
    "23": 0.17899
  }
}