{
  "day": "2025-07-14",
  "data": {
    "0": 0.15106,
    "1": 0.14549,
    "2": 0.14319,
    "3": 0.14272,
    "4": 0.14259,
    "5": 0.14317,
    "6": 0.15273,
    "7": 0.15661,
    "8": 0.17185,
    "9": 0.12873,
    "10": 0.11525,
    "11": 0.14609,
    "12": 0.14597,
    "13": 0.14853,
    "14": 0.14069,
    "15": 0.06107,
    "16": 0.07097,
    "17": 0.09315,
    "18": 0.11051,
    "19": 0.19716,
    "20": 0.23905,
    "21": 0.25315,
    "22": 0.25137,
    "23": 0.17996
  }
}