{
  "day": "2025-07-15",
  "data": {
    "0": 0.14818,
    "1": 0.14537,
    "2": 0.14318,
    "3": 0.14043,
    "4": 0.13837,
    "5": 0.14009,
    "6": 0.14884,
    "7": 0.15471,
    "8": 0.16978,
    "9": 0.13063,
    "10": 0.08221,
    "11": 0.15975,
    "12": 0.16678,
    "13": 0.16317,
    "14": 0.15297,
    "15": 0.07893,
    "16": 0.07823,
    "17": 0.09894,
    "18": 0.10531,
    "19": 0.19646,
    "20": 0.23837,
    "21": 0.26834,
    "22": 0.26798,
    "23": 0.18674
  }
}