{
  "day": "2025-07-16",
  "data": {
    "0": 0.13842,
    "1": 0.13296,
    "2": 0.13238,
    "3": 0.1286,
    "4": 0.12898,
    "5": 0.13248,
    "6": 0.1428,
    "7": 0.152,
    "8": 0.15614,
    "9": 0.13561,
    "10": 0.12094,
    "11": 0.18078,
    "12": 0.18034,
    "13": 0.17796,
    "14": 0.17786,
    "15": 0.11243,
    "16": 0.11308,
    "17": 0.11324,
    "18": 0.1257,
    "19": 0.22518,
    "20": 0.24153,
    "21": 0.3051,
    "22": 0.29778,
    "23": 0.18579
  }
}