{
  "day": "2025-07-20",
  "data": {
    "0": 0.11136,
    "1": 0.09853,
    "2": 0.10025,
    "3": 0.10136,
    "4": 0.10146,
    "5": 0.10318,
    "6": 0.10893,
    "7": 0.15567,
    "8": 0.08602,
    "9": 0.05485,
    "10": 0.05763,
    "11": 0.05839,
    "12": 0.05816,
    "13": 0.05744,
    "14": 0.05666,
    "15": 0.05624,
    "16": 0.05653,
    "17": 0.05615,
    "18": 0.05646,
    "19": 0.06141,
    "20": 0.10513,
    "21": 0.13293,
    "22": 0.15068,
    "23": 0.13495
  }
}