{
  "day": "2025-07-21",
  "data": {
    "0": 0.10731,
    "1": 0.09432,
    "2": 0.09064,
    "3": 0.08652,
    "4": 0.06076,
    "5": 0.09332,
    "6": 0.11992,
    "7": 0.15663,
    "8": 0.14565,
    "9": 0.10326,
    "10": 0.065,
    "11": 0.13218,
    "12": 0.14166,
    "13": 0.14729,
    "14": 0.14134,
    "15": 0.07492,
    "16": 0.06754,
    "17": 0.09111,
    "18": 0.10987,
    "19": 0.20855,
    "20": 0.2512,
    "21": 0.31262,
    "22": 0.309,
    "23": 0.19256
  }
}