{
  "day": "2025-07-22",
  "data": {
    "0": 0.15154,
    "1": 0.14767,
    "2": 0.13322,
    "3": 0.13112,
    "4": 0.13026,
    "5": 0.13825,
    "6": 0.1488,
    "7": 0.15492,
    "8": 0.16087,
    "9": 0.12498,
    "10": 0.09101,
    "11": 0.15491,
    "12": 0.15584,
    "13": 0.15354,
    "14": 0.15307,
    "15": 0.0841,
    "16": 0.08338,
    "17": 0.08725,
    "18": 0.10659,
    "19": 0.20972,
    "20": 0.23839,
    "21": 0.26629,
    "22": 0.26279,
    "23": 0.17581
  }
}