{
  "day": "2025-07-25",
  "data": {
    "0": 0.12655,
    "1": 0.11838,
    "2": 0.11595,
    "3": 0.1093,
    "4": 0.10311,
    "5": 0.11384,
    "6": 0.11588,
    "7": 0.12943,
    "8": 0.13461,
    "9": 0.08404,
    "10": 0.07237,
    "11": 0.13696,
    "12": 0.13808,
    "13": 0.13831,
    "14": 0.13775,
    "15": 0.07025,
    "16": 0.06941,
    "17": 0.06897,
    "18": 0.07453,
    "19": 0.17085,
    "20": 0.23167,
    "21": 0.25717,
    "22": 0.25308,
    "23": 0.16411
  }
}