{
  "day": "2025-07-27",
  "data": {
    "0": 0.13021,
    "1": 0.12043,
    "2": 0.12247,
    "3": 0.12266,
    "4": 0.11534,
    "5": 0.11531,
    "6": 0.11569,
    "7": 0.13593,
    "8": 0.10003,
    "9": 0.06097,
    "10": 0.05912,
    "11": 0.05842,
    "12": 0.0576,
    "13": 0.0567,
    "14": 0.05614,
    "15": 0.05623,
    "16": 0.05642,
    "17": 0.05668,
    "18": 0.05639,
    "19": 0.06171,
    "20": 0.10051,
    "21": 0.12501,
    "22": 0.15193,
    "23": 0.13005
  }
}