{
  "day": "2025-07-30",
  "data": {
    "0": 0.12052,
    "1": 0.10327,
    "2": 0.09842,
    "3": 0.08868,
    "4": 0.08228,
    "5": 0.08801,
    "6": 0.09847,
    "7": 0.12876,
    "8": 0.13869,
    "9": 0.11403,
    "10": 0.09421,
    "11": 0.15235,
    "12": 0.15505,
    "13": 0.15216,
    "14": 0.15158,
    "15": 0.08424,
    "16": 0.08274,
    "17": 0.08269,
    "18": 0.10998,
    "19": 0.18575,
    "20": 0.22728,
    "21": 0.25162,
    "22": 0.25524,
    "23": 0.17634
  }
}