{
  "day": "2025-03-05",
  "data": {
    "0": 0.12471,
    "1": 0.12509,
    "2": 0.12637,
    "3": 0.1205,
    "4": 0.11947,
    "5": 0.11482,
    "6": 0.12169,
    "7": 0.14647,
    "8": 0.15976,
    "9": 0.13778,
    "10": 0.18984,
    "11": 0.16666,
    "12": 0.15566,
    "13": 0.14575,
    "14": 0.08133,
    "15": 0.10104,
    "16": 0.12452,
    "17": 0.13595,
    "18": 0.21244,
    "19": 0.2381,
    "20": 0.23981,
    "21": 0.23332,
    "22": 0.15864,
    "23": 0.14045
  }
}