{
  "day": "2025-03-09",
  "data": {
    "0": 0.08413,
    "1": 0.08708,
    "2": 0.08967,
    "3": 0.09161,
    "4": 0.08937,
    "5": 0.09016,
    "6": 0.08882,
    "7": 0.08796,
    "8": 0.14209,
    "9": 0.0785,
    "10": 0.0491,
    "11": 0.04418,
    "12": 0.04825,
    "13": 0.04084,
    "14": 0.03723,
    "15": 0.05724,
    "16": 0.08402,
    "17": 0.09794,
    "18": 0.14627,
    "19": 0.17782,
    "20": 0.1809,
    "21": 0.16986,
    "22": 0.15001,
    "23": 0.14453
  }
}