{
  "day": "2025-03-10",
  "data": {
    "0": 0.12005,
    "1": 0.11342,
    "2": 0.10962,
    "3": 0.10906,
    "4": 0.10358,
    "5": 0.1098,
    "6": 0.13612,
    "7": 0.16117,
    "8": 0.1925,
    "9": 0.14862,
    "10": 0.198,
    "11": 0.1917,
    "12": 0.1903,
    "13": 0.18924,
    "14": 0.12301,
    "15": 0.11753,
    "16": 0.12881,
    "17": 0.15435,
    "18": 0.24409,
    "19": 0.28104,
    "20": 0.25611,
    "21": 0.23134,
    "22": 0.15588,
    "23": 0.14857
  }
}