{
  "day": "2025-03-11",
  "data": {
    "0": 0.12111,
    "1": 0.11813,
    "2": 0.11598,
    "3": 0.11197,
    "4": 0.11181,
    "5": 0.12167,
    "6": 0.12326,
    "7": 0.14647,
    "8": 0.18832,
    "9": 0.15431,
    "10": 0.20732,
    "11": 0.19413,
    "12": 0.1961,
    "13": 0.18788,
    "14": 0.12105,
    "15": 0.1167,
    "16": 0.11701,
    "17": 0.13125,
    "18": 0.23722,
    "19": 0.28568,
    "20": 0.26177,
    "21": 0.23997,
    "22": 0.16399,
    "23": 0.16207
  }
}