{
  "day": "2025-03-17",
  "data": {
    "0": 0.12165,
    "1": 0.11137,
    "2": 0.11617,
    "3": 0.11376,
    "4": 0.11362,
    "5": 0.11068,
    "6": 0.11949,
    "7": 0.17692,
    "8": 0.2064,
    "9": 0.15482,
    "10": 0.20227,
    "11": 0.18731,
    "12": 0.17296,
    "13": 0.16086,
    "14": 0.09654,
    "15": 0.11286,
    "16": 0.1235,
    "17": 0.13732,
    "18": 0.2389,
    "19": 0.30353,
    "20": 0.26917,
    "21": 0.23378,
    "22": 0.16282,
    "23": 0.13245
  }
}