{
  "day": "2025-03-18",
  "data": {
    "0": 0.11475,
    "1": 0.08112,
    "2": 0.08253,
    "3": 0.08291,
    "4": 0.08276,
    "5": 0.07781,
    "6": 0.0957,
    "7": 0.12181,
    "8": 0.16633,
    "9": 0.13795,
    "10": 0.1621,
    "11": 0.13175,
    "12": 0.14083,
    "13": 0.11987,
    "14": 0.05585,
    "15": 0.08282,
    "16": 0.09662,
    "17": 0.10403,
    "18": 0.20656,
    "19": 0.29562,
    "20": 0.27889,
    "21": 0.24306,
    "22": 0.16179,
    "23": 0.1497
  }
}