{
  "day": "2025-03-21",
  "data": {
    "0": 0.07057,
    "1": 0.06483,
    "2": 0.06771,
    "3": 0.0644,
    "4": 0.06419,
    "5": 0.06261,
    "6": 0.06566,
    "7": 0.07322,
    "8": 0.09234,
    "9": 0.08271,
    "10": 0.14802,
    "11": 0.14593,
    "12": 0.14557,
    "13": 0.14288,
    "14": 0.0783,
    "15": 0.08026,
    "16": 0.08058,
    "17": 0.08337,
    "18": 0.15598,
    "19": 0.18291,
    "20": 0.18597,
    "21": 0.18056,
    "22": 0.1105,
    "23": 0.09693
  }
}