{
  "day": "2025-03-23",
  "data": {
    "0": 0.09388,
    "1": 0.09169,
    "2": 0.08229,
    "3": 0.07462,
    "4": 0.07403,
    "5": 0.07362,
    "6": 0.07498,
    "7": 0.07991,
    "8": 0.09974,
    "9": 0.07034,
    "10": 0.04316,
    "11": 0.04199,
    "12": 0.04121,
    "13": 0.04127,
    "14": 0.04128,
    "15": 0.04239,
    "16": 0.04372,
    "17": 0.07249,
    "18": 0.10835,
    "19": 0.16554,
    "20": 0.18669,
    "21": 0.17147,
    "22": 0.15788,
    "23": 0.1181
  }
}