{
  "day": "2025-03-24",
  "data": {
    "0": 0.11026,
    "1": 0.09815,
    "2": 0.09121,
    "3": 0.09022,
    "4": 0.09078,
    "5": 0.08693,
    "6": 0.10045,
    "7": 0.1285,
    "8": 0.11727,
    "9": 0.08386,
    "10": 0.12943,
    "11": 0.1243,
    "12": 0.12404,
    "13": 0.1233,
    "14": 0.05987,
    "15": 0.06085,
    "16": 0.06693,
    "17": 0.11022,
    "18": 0.21324,
    "19": 0.33686,
    "20": 0.30898,
    "21": 0.26591,
    "22": 0.18673,
    "23": 0.15627
  }
}