{
  "day": "2025-03-27",
  "data": {
    "0": 0.13864,
    "1": 0.1081,
    "2": 0.10648,
    "3": 0.0972,
    "4": 0.09782,
    "5": 0.1058,
    "6": 0.13742,
    "7": 0.17765,
    "8": 0.1279,
    "9": 0.06293,
    "10": 0.12445,
    "11": 0.12461,
    "12": 0.1244,
    "13": 0.12187,
    "14": 0.05711,
    "15": 0.05795,
    "16": 0.05762,
    "17": 0.06566,
    "18": 0.17816,
    "19": 0.29844,
    "20": 0.27933,
    "21": 0.25753,
    "22": 0.18064,
    "23": 0.16793
  }
}