{
  "day": "2025-03-28",
  "data": {
    "0": 0.11385,
    "1": 0.0982,
    "2": 0.09065,
    "3": 0.08541,
    "4": 0.08582,
    "5": 0.09173,
    "6": 0.11078,
    "7": 0.14718,
    "8": 0.09853,
    "9": 0.07274,
    "10": 0.13696,
    "11": 0.13658,
    "12": 0.13665,
    "13": 0.13422,
    "14": 0.06909,
    "15": 0.06832,
    "16": 0.06882,
    "17": 0.06677,
    "18": 0.14148,
    "19": 0.20682,
    "20": 0.23287,
    "21": 0.20824,
    "22": 0.12777,
    "23": 0.09523
  }
}