{
  "day": "2025-03-29",
  "data": {
    "0": 0.07488,
    "1": 0.07556,
    "2": 0.07529,
    "3": 0.07091,
    "4": 0.07114,
    "5": 0.07164,
    "6": 0.07144,
    "7": 0.0696,
    "8": 0.06701,
    "9": 0.06403,
    "10": 0.05858,
    "11": 0.05735,
    "12": 0.05986,
    "13": 0.06036,
    "14": 0.06122,
    "15": 0.0627,
    "16": 0.06404,
    "17": 0.06038,
    "18": 0.05983,
    "19": 0.06892,
    "20": 0.07661,
    "21": 0.07741,
    "22": 0.06989,
    "23": 0.06509
  }
}