{
  "day": "2025-03-31",
  "data": {
    "0": 0.0609,
    "1": 0.065,
    "2": 0.06761,
    "3": 0.06539,
    "4": 0.06506,
    "5": 0.06472,
    "6": 0.065,
    "7": 0.09681,
    "8": 0.12697,
    "9": 0.07057,
    "10": 0.1373,
    "11": 0.13697,
    "12": 0.13691,
    "13": 0.1342,
    "14": 0.06965,
    "15": 0.06964,
    "16": 0.06729,
    "17": 0.06811,
    "18": 0.13431,
    "19": 0.20225,
    "20": 0.30449,
    "21": 0.36482,
    "22": 0.20925,
    "23": 0.18258
  }
}