{
  "day": "2025-10-01",
  "data": {
    "0": 0.13462,
    "1": 0.13777,
    "2": 0.13689,
    "3": 0.12877,
    "4": 0.1334,
    "5": 0.13315,
    "6": 0.13281,
    "7": 0.1443,
    "8": 0.19212,
    "9": 0.15378,
    "10": 0.1178,
    "11": 0.15592,
    "12": 0.13519,
    "13": 0.12332,
    "14": 0.12161,
    "15": 0.06318,
    "16": 0.08306,
    "17": 0.10138,
    "18": 0.14534,
    "19": 0.25235,
    "20": 0.35695,
    "21": 0.25128,
    "22": 0.23025,
    "23": 0.16036
  }
}