{
  "day": "2025-10-02",
  "data": {
    "0": 0.14035,
    "1": 0.13602,
    "2": 0.13119,
    "3": 0.13038,
    "4": 0.13418,
    "5": 0.13855,
    "6": 0.13545,
    "7": 0.15189,
    "8": 0.19268,
    "9": 0.14825,
    "10": 0.11152,
    "11": 0.14923,
    "12": 0.13608,
    "13": 0.12852,
    "14": 0.12839,
    "15": 0.06285,
    "16": 0.07926,
    "17": 0.09556,
    "18": 0.12981,
    "19": 0.22719,
    "20": 0.34341,
    "21": 0.28605,
    "22": 0.24518,
    "23": 0.16453
  }
}