{
  "day": "2025-10-03",
  "data": {
    "0": 0.14916,
    "1": 0.14545,
    "2": 0.13964,
    "3": 0.13438,
    "4": 0.13358,
    "5": 0.13508,
    "6": 0.1373,
    "7": 0.14983,
    "8": 0.18821,
    "9": 0.16606,
    "10": 0.11897,
    "11": 0.16254,
    "12": 0.15456,
    "13": 0.14908,
    "14": 0.15063,
    "15": 0.08508,
    "16": 0.09136,
    "17": 0.1105,
    "18": 0.15053,
    "19": 0.23852,
    "20": 0.25902,
    "21": 0.25393,
    "22": 0.24141,
    "23": 0.17303
  }
}