{
  "day": "2025-10-04",
  "data": {
    "0": 0.16807,
    "1": 0.16125,
    "2": 0.16273,
    "3": 0.15507,
    "4": 0.15378,
    "5": 0.1595,
    "6": 0.15077,
    "7": 0.15516,
    "8": 0.14943,
    "9": 0.09314,
    "10": 0.05532,
    "11": 0.05094,
    "12": 0.05098,
    "13": 0.05119,
    "14": 0.05152,
    "15": 0.05297,
    "16": 0.05313,
    "17": 0.05037,
    "18": 0.0647,
    "19": 0.12049,
    "20": 0.12761,
    "21": 0.12406,
    "22": 0.11668,
    "23": 0.09592
  }
}