{
  "day": "2025-10-10",
  "data": {
    "0": 0.1281,
    "1": 0.12533,
    "2": 0.12562,
    "3": 0.11517,
    "4": 0.11194,
    "5": 0.12052,
    "6": 0.13384,
    "7": 0.13853,
    "8": 0.17465,
    "9": 0.15618,
    "10": 0.10994,
    "11": 0.16771,
    "12": 0.16837,
    "13": 0.16305,
    "14": 0.15594,
    "15": 0.10471,
    "16": 0.11259,
    "17": 0.14003,
    "18": 0.15847,
    "19": 0.24448,
    "20": 0.24569,
    "21": 0.23306,
    "22": 0.2324,
    "23": 0.16658
  }
}