{
  "day": "2025-10-12",
  "data": {
    "0": 0.15444,
    "1": 0.15299,
    "2": 0.13597,
    "3": 0.13255,
    "4": 0.1348,
    "5": 0.13555,
    "6": 0.13299,
    "7": 0.13932,
    "8": 0.14422,
    "9": 0.12008,
    "10": 0.08014,
    "11": 0.05446,
    "12": 0.0535,
    "13": 0.05397,
    "14": 0.05493,
    "15": 0.0546,
    "16": 0.06217,
    "17": 0.09196,
    "18": 0.14351,
    "19": 0.15978,
    "20": 0.16239,
    "21": 0.1593,
    "22": 0.15767,
    "23": 0.15442
  }
}