{
  "day": "2025-10-13",
  "data": {
    "0": 0.12768,
    "1": 0.1201,
    "2": 0.11309,
    "3": 0.12261,
    "4": 0.12474,
    "5": 0.12954,
    "6": 0.13405,
    "7": 0.13947,
    "8": 0.18104,
    "9": 0.17055,
    "10": 0.15026,
    "11": 0.19883,
    "12": 0.18688,
    "13": 0.17681,
    "14": 0.17651,
    "15": 0.10669,
    "16": 0.115,
    "17": 0.1271,
    "18": 0.14914,
    "19": 0.25038,
    "20": 0.28513,
    "21": 0.28317,
    "22": 0.24751,
    "23": 0.16534
  }
}