{
  "day": "2025-10-14",
  "data": {
    "0": 0.13971,
    "1": 0.13221,
    "2": 0.13132,
    "3": 0.12777,
    "4": 0.12806,
    "5": 0.12887,
    "6": 0.13756,
    "7": 0.14552,
    "8": 0.21279,
    "9": 0.16475,
    "10": 0.14596,
    "11": 0.19654,
    "12": 0.18339,
    "13": 0.17085,
    "14": 0.1689,
    "15": 0.10246,
    "16": 0.11123,
    "17": 0.13247,
    "18": 0.1542,
    "19": 0.26178,
    "20": 0.2775,
    "21": 0.25708,
    "22": 0.24397,
    "23": 0.15551
  }
}