{
  "day": "2025-10-15",
  "data": {
    "0": 0.13933,
    "1": 0.13077,
    "2": 0.12863,
    "3": 0.1232,
    "4": 0.12329,
    "5": 0.12608,
    "6": 0.13432,
    "7": 0.16358,
    "8": 0.21247,
    "9": 0.16382,
    "10": 0.14179,
    "11": 0.19239,
    "12": 0.17766,
    "13": 0.17041,
    "14": 0.17044,
    "15": 0.10537,
    "16": 0.11697,
    "17": 0.13402,
    "18": 0.15886,
    "19": 0.27253,
    "20": 0.27957,
    "21": 0.26155,
    "22": 0.23061,
    "23": 0.15749
  }
}