{
  "day": "2025-10-16",
  "data": {
    "0": 0.14033,
    "1": 0.13181,
    "2": 0.12903,
    "3": 0.12433,
    "4": 0.12405,
    "5": 0.12484,
    "6": 0.13522,
    "7": 0.1452,
    "8": 0.20513,
    "9": 0.16635,
    "10": 0.14869,
    "11": 0.19263,
    "12": 0.18266,
    "13": 0.17478,
    "14": 0.17374,
    "15": 0.11012,
    "16": 0.11793,
    "17": 0.13903,
    "18": 0.16103,
    "19": 0.26071,
    "20": 0.26725,
    "21": 0.25247,
    "22": 0.24268,
    "23": 0.16004
  }
}