{
  "day": "2025-10-17",
  "data": {
    "0": 0.14891,
    "1": 0.13336,
    "2": 0.13097,
    "3": 0.12594,
    "4": 0.12535,
    "5": 0.12706,
    "6": 0.13798,
    "7": 0.15583,
    "8": 0.2127,
    "9": 0.17219,
    "10": 0.14249,
    "11": 0.1927,
    "12": 0.18404,
    "13": 0.16385,
    "14": 0.1536,
    "15": 0.08503,
    "16": 0.09912,
    "17": 0.14057,
    "18": 0.1646,
    "19": 0.25109,
    "20": 0.27488,
    "21": 0.26067,
    "22": 0.2408,
    "23": 0.16974
  }
}