{
  "day": "2025-10-18",
  "data": {
    "0": 0.16857,
    "1": 0.15511,
    "2": 0.14175,
    "3": 0.13916,
    "4": 0.14078,
    "5": 0.13521,
    "6": 0.14103,
    "7": 0.15302,
    "8": 0.15637,
    "9": 0.14708,
    "10": 0.11388,
    "11": 0.0736,
    "12": 0.05066,
    "13": 0.04733,
    "14": 0.04495,
    "15": 0.04368,
    "16": 0.04835,
    "17": 0.09173,
    "18": 0.14045,
    "19": 0.15249,
    "20": 0.16193,
    "21": 0.15496,
    "22": 0.14653,
    "23": 0.1439
  }
}