{
  "day": "2025-10-19",
  "data": {
    "0": 0.15633,
    "1": 0.14429,
    "2": 0.13291,
    "3": 0.11159,
    "4": 0.11135,
    "5": 0.11087,
    "6": 0.10973,
    "7": 0.11838,
    "8": 0.13022,
    "9": 0.11618,
    "10": 0.0797,
    "11": 0.0717,
    "12": 0.06954,
    "13": 0.06824,
    "14": 0.06806,
    "15": 0.07011,
    "16": 0.07185,
    "17": 0.07949,
    "18": 0.1187,
    "19": 0.1423,
    "20": 0.14068,
    "21": 0.13276,
    "22": 0.11799,
    "23": 0.10932
  }
}