{
  "day": "2025-10-21",
  "data": {
    "0": 0.10281,
    "1": 0.09198,
    "2": 0.08154,
    "3": 0.07634,
    "4": 0.07954,
    "5": 0.08315,
    "6": 0.09841,
    "7": 0.12156,
    "8": 0.18488,
    "9": 0.16536,
    "10": 0.12967,
    "11": 0.17175,
    "12": 0.15676,
    "13": 0.15153,
    "14": 0.15243,
    "15": 0.08649,
    "16": 0.08827,
    "17": 0.10031,
    "18": 0.13785,
    "19": 0.22988,
    "20": 0.25183,
    "21": 0.2313,
    "22": 0.23158,
    "23": 0.13897
  }
}