{
  "day": "2025-10-24",
  "data": {
    "0": 0.13437,
    "1": 0.12624,
    "2": 0.12324,
    "3": 0.11891,
    "4": 0.11898,
    "5": 0.12238,
    "6": 0.13749,
    "7": 0.1738,
    "8": 0.23503,
    "9": 0.19383,
    "10": 0.1448,
    "11": 0.18006,
    "12": 0.16298,
    "13": 0.14208,
    "14": 0.12889,
    "15": 0.06404,
    "16": 0.08236,
    "17": 0.12013,
    "18": 0.15778,
    "19": 0.25413,
    "20": 0.29281,
    "21": 0.27519,
    "22": 0.23682,
    "23": 0.16095
  }
}