{
  "day": "2025-10-25",
  "data": {
    "0": 0.13828,
    "1": 0.13517,
    "2": 0.13142,
    "3": 0.12538,
    "4": 0.13579,
    "5": 0.13666,
    "6": 0.13959,
    "7": 0.14677,
    "8": 0.15735,
    "9": 0.14709,
    "10": 0.12504,
    "11": 0.09734,
    "12": 0.07677,
    "13": 0.06824,
    "14": 0.06011,
    "15": 0.05779,
    "16": 0.06129,
    "17": 0.0952,
    "18": 0.13936,
    "19": 0.15858,
    "20": 0.16933,
    "21": 0.15087,
    "22": 0.1443,
    "23": 0.13503
  }
}