{
  "day": "2025-10-27",
  "data": {
    "0": 0.12493,
    "1": 0.11616,
    "2": 0.117,
    "3": 0.11773,
    "4": 0.11989,
    "5": 0.14315,
    "6": 0.14963,
    "7": 0.19285,
    "8": 0.1869,
    "9": 0.13981,
    "10": 0.10568,
    "11": 0.14479,
    "12": 0.14865,
    "13": 0.13708,
    "14": 0.13638,
    "15": 0.09865,
    "16": 0.12522,
    "17": 0.17593,
    "18": 0.19855,
    "19": 0.27268,
    "20": 0.28729,
    "21": 0.26459,
    "22": 0.24328,
    "23": 0.17203
  }
}