{
  "day": "2025-10-29",
  "data": {
    "0": 0.11415,
    "1": 0.11259,
    "2": 0.11088,
    "3": 0.10434,
    "4": 0.1061,
    "5": 0.10724,
    "6": 0.11502,
    "7": 0.1357,
    "8": 0.16718,
    "9": 0.1491,
    "10": 0.1353,
    "11": 0.19374,
    "12": 0.19346,
    "13": 0.19295,
    "14": 0.2044,
    "15": 0.1509,
    "16": 0.16189,
    "17": 0.18029,
    "18": 0.20027,
    "19": 0.28285,
    "20": 0.29083,
    "21": 0.27789,
    "22": 0.2551,
    "23": 0.17157
  }
}