{
  "day": "2023-07-03",
  "data": {
    "0": 0.17031,
    "1": 0.16943,
    "2": 0.15477,
    "3": 0.1551,
    "4": 0.16433,
    "5": 0.16753,
    "6": 0.16917,
    "7": 0.17128,
    "8": 0.19069,
    "9": 0.18464,
    "10": 0.21944,
    "11": 0.21361,
    "12": 0.2145,
    "13": 0.2149,
    "14": 0.15922,
    "15": 0.14814,
    "16": 0.14603,
    "17": 0.15366,
    "18": 0.20605,
    "19": 0.2278,
    "20": 0.24039,
    "21": 0.25,
    "22": 0.20558,
    "23": 0.19706
  }
}