{
  "day": "2023-07-04",
  "data": {
    "0": 0.16984,
    "1": 0.16011,
    "2": 0.16685,
    "3": 0.15312,
    "4": 0.15049,
    "5": 0.16429,
    "6": 0.16893,
    "7": 0.16943,
    "8": 0.18904,
    "9": 0.1691,
    "10": 0.19999,
    "11": 0.19791,
    "12": 0.19748,
    "13": 0.19541,
    "14": 0.14404,
    "15": 0.14064,
    "16": 0.14047,
    "17": 0.15571,
    "18": 0.20898,
    "19": 0.23686,
    "20": 0.24464,
    "21": 0.25304,
    "22": 0.20649,
    "23": 0.19807
  }
}