{
  "day": "2023-07-05",
  "data": {
    "0": 0.1563,
    "1": 0.14295,
    "2": 0.13429,
    "3": 0.13084,
    "4": 0.12902,
    "5": 0.13045,
    "6": 0.16031,
    "7": 0.16799,
    "8": 0.1833,
    "9": 0.16834,
    "10": 0.20005,
    "11": 0.1973,
    "12": 0.19851,
    "13": 0.19923,
    "14": 0.15086,
    "15": 0.14834,
    "16": 0.14734,
    "17": 0.15009,
    "18": 0.19958,
    "19": 0.2133,
    "20": 0.23929,
    "21": 0.24662,
    "22": 0.20107,
    "23": 0.19487
  }
}