{
  "day": "2023-07-07",
  "data": {
    "0": 0.16183,
    "1": 0.15609,
    "2": 0.15194,
    "3": 0.15218,
    "4": 0.14967,
    "5": 0.1467,
    "6": 0.1576,
    "7": 0.16571,
    "8": 0.18031,
    "9": 0.16386,
    "10": 0.2026,
    "11": 0.18794,
    "12": 0.18713,
    "13": 0.18206,
    "14": 0.11926,
    "15": 0.12101,
    "16": 0.13879,
    "17": 0.13868,
    "18": 0.19001,
    "19": 0.19797,
    "20": 0.22824,
    "21": 0.23589,
    "22": 0.19368,
    "23": 0.18434
  }
}