{
  "day": "2023-07-08",
  "data": {
    "0": 0.14534,
    "1": 0.13764,
    "2": 0.13076,
    "3": 0.13259,
    "4": 0.13225,
    "5": 0.13852,
    "6": 0.14231,
    "7": 0.14926,
    "8": 0.12706,
    "9": 0.11884,
    "10": 0.10802,
    "11": 0.08536,
    "12": 0.07769,
    "13": 0.06956,
    "14": 0.06239,
    "15": 0.06772,
    "16": 0.09262,
    "17": 0.1187,
    "18": 0.12374,
    "19": 0.15014,
    "20": 0.17062,
    "21": 0.17676,
    "22": 0.17277,
    "23": 0.16928
  }
}