{
  "day": "2023-07-11",
  "data": {
    "0": 0.16301,
    "1": 0.14932,
    "2": 0.13983,
    "3": 0.14056,
    "4": 0.13719,
    "5": 0.1399,
    "6": 0.15054,
    "7": 0.15939,
    "8": 0.18117,
    "9": 0.16425,
    "10": 0.2028,
    "11": 0.20414,
    "12": 0.20073,
    "13": 0.19653,
    "14": 0.14764,
    "15": 0.14444,
    "16": 0.14606,
    "17": 0.14944,
    "18": 0.1991,
    "19": 0.2194,
    "20": 0.23838,
    "21": 0.24057,
    "22": 0.19268,
    "23": 0.17933
  }
}