{
  "day": "2023-07-13",
  "data": {
    "0": 0.14027,
    "1": 0.12684,
    "2": 0.12354,
    "3": 0.12389,
    "4": 0.12407,
    "5": 0.12677,
    "6": 0.14081,
    "7": 0.15498,
    "8": 0.17935,
    "9": 0.16267,
    "10": 0.19372,
    "11": 0.18952,
    "12": 0.19231,
    "13": 0.19133,
    "14": 0.14542,
    "15": 0.14516,
    "16": 0.1445,
    "17": 0.14563,
    "18": 0.19952,
    "19": 0.22491,
    "20": 0.24264,
    "21": 0.2474,
    "22": 0.19395,
    "23": 0.17969
  }
}