{
  "day": "2023-07-16",
  "data": {
    "0": 0.11464,
    "1": 0.10737,
    "2": 0.10699,
    "3": 0.10703,
    "4": 0.10705,
    "5": 0.10918,
    "6": 0.11714,
    "7": 0.11826,
    "8": 0.10888,
    "9": 0.06325,
    "10": 0.05245,
    "11": 0.05174,
    "12": 0.05109,
    "13": 0.05099,
    "14": 0.05082,
    "15": 0.04534,
    "16": 0.0402,
    "17": 0.04034,
    "18": 0.06384,
    "19": 0.13201,
    "20": 0.1384,
    "21": 0.1496,
    "22": 0.15434,
    "23": 0.14902
  }
}