{
  "day": "2023-07-17",
  "data": {
    "0": 0.12539,
    "1": 0.10738,
    "2": 0.10633,
    "3": 0.10651,
    "4": 0.106,
    "5": 0.10571,
    "6": 0.11797,
    "7": 0.14499,
    "8": 0.16893,
    "9": 0.15243,
    "10": 0.17773,
    "11": 0.17359,
    "12": 0.18253,
    "13": 0.17374,
    "14": 0.12787,
    "15": 0.12751,
    "16": 0.12737,
    "17": 0.12956,
    "18": 0.18613,
    "19": 0.19254,
    "20": 0.22159,
    "21": 0.23512,
    "22": 0.19145,
    "23": 0.17425
  }
}