{
  "day": "2023-07-18",
  "data": {
    "0": 0.13428,
    "1": 0.12406,
    "2": 0.124,
    "3": 0.12546,
    "4": 0.12334,
    "5": 0.12504,
    "6": 0.13016,
    "7": 0.14357,
    "8": 0.16797,
    "9": 0.1538,
    "10": 0.19308,
    "11": 0.19058,
    "12": 0.18501,
    "13": 0.18168,
    "14": 0.13534,
    "15": 0.13576,
    "16": 0.13916,
    "17": 0.15404,
    "18": 0.20366,
    "19": 0.20405,
    "20": 0.21799,
    "21": 0.22872,
    "22": 0.18048,
    "23": 0.17073
  }
}