{
  "day": "2023-07-20",
  "data": {
    "0": 0.13544,
    "1": 0.12837,
    "2": 0.12396,
    "3": 0.12491,
    "4": 0.12486,
    "5": 0.13155,
    "6": 0.13665,
    "7": 0.14552,
    "8": 0.17018,
    "9": 0.15856,
    "10": 0.19995,
    "11": 0.19907,
    "12": 0.19491,
    "13": 0.18195,
    "14": 0.1315,
    "15": 0.13105,
    "16": 0.13315,
    "17": 0.13457,
    "18": 0.18173,
    "19": 0.19236,
    "20": 0.21067,
    "21": 0.22058,
    "22": 0.17658,
    "23": 0.17131
  }
}