{
  "day": "2023-07-24",
  "data": {
    "0": 0.1394,
    "1": 0.13845,
    "2": 0.1259,
    "3": 0.12142,
    "4": 0.12034,
    "5": 0.12888,
    "6": 0.14222,
    "7": 0.14148,
    "8": 0.16414,
    "9": 0.16246,
    "10": 0.20363,
    "11": 0.19782,
    "12": 0.19076,
    "13": 0.18554,
    "14": 0.13262,
    "15": 0.1249,
    "16": 0.12293,
    "17": 0.12497,
    "18": 0.17206,
    "19": 0.17684,
    "20": 0.21093,
    "21": 0.21607,
    "22": 0.17149,
    "23": 0.16968
  }
}