{
  "day": "2023-07-26",
  "data": {
    "0": 0.14453,
    "1": 0.13716,
    "2": 0.13173,
    "3": 0.13591,
    "4": 0.13295,
    "5": 0.13548,
    "6": 0.14377,
    "7": 0.14801,
    "8": 0.17505,
    "9": 0.1696,
    "10": 0.2076,
    "11": 0.20158,
    "12": 0.19958,
    "13": 0.19824,
    "14": 0.15052,
    "15": 0.14911,
    "16": 0.14595,
    "17": 0.15357,
    "18": 0.21003,
    "19": 0.22101,
    "20": 0.23114,
    "21": 0.23364,
    "22": 0.19407,
    "23": 0.1806
  }
}