{
  "day": "2023-07-30",
  "data": {
    "0": 0.14045,
    "1": 0.1335,
    "2": 0.1316,
    "3": 0.13367,
    "4": 0.13299,
    "5": 0.13781,
    "6": 0.14197,
    "7": 0.13845,
    "8": 0.12266,
    "9": 0.10452,
    "10": 0.06326,
    "11": 0.04052,
    "12": 0.05428,
    "13": 0.05421,
    "14": 0.05691,
    "15": 0.05433,
    "16": 0.04386,
    "17": 0.04626,
    "18": 0.07338,
    "19": 0.11102,
    "20": 0.13386,
    "21": 0.15442,
    "22": 0.1555,
    "23": 0.15237
  }
}