{
  "day": "2023-07-31",
  "data": {
    "0": 0.13308,
    "1": 0.12579,
    "2": 0.11965,
    "3": 0.12357,
    "4": 0.12611,
    "5": 0.13129,
    "6": 0.13768,
    "7": 0.14069,
    "8": 0.15498,
    "9": 0.15018,
    "10": 0.18747,
    "11": 0.18079,
    "12": 0.18073,
    "13": 0.17889,
    "14": 0.13005,
    "15": 0.12779,
    "16": 0.12624,
    "17": 0.13133,
    "18": 0.18325,
    "19": 0.19319,
    "20": 0.20255,
    "21": 0.21552,
    "22": 0.16653,
    "23": 0.16693
  }
}