{
  "day": "2025-05-03",
  "data": {
    "0": 0.11776,
    "1": 0.11647,
    "2": 0.11007,
    "3": 0.10539,
    "4": 0.10584,
    "5": 0.10813,
    "6": 0.10773,
    "7": 0.10323,
    "8": 0.09673,
    "9": 0.08429,
    "10": 0.07184,
    "11": 0.06935,
    "12": 0.06871,
    "13": 0.06667,
    "14": 0.06748,
    "15": 0.06959,
    "16": 0.07174,
    "17": 0.07411,
    "18": 0.07762,
    "19": 0.09569,
    "20": 0.10769,
    "21": 0.13565,
    "22": 0.13741,
    "23": 0.12204
  }
}