{
  "day": "2025-05-05",
  "data": {
    "0": 0.11892,
    "1": 0.11524,
    "2": 0.11384,
    "3": 0.11153,
    "4": 0.10915,
    "5": 0.11145,
    "6": 0.11554,
    "7": 0.11641,
    "8": 0.13439,
    "9": 0.11194,
    "10": 0.15928,
    "11": 0.15802,
    "12": 0.15709,
    "13": 0.15374,
    "14": 0.08867,
    "15": 0.09057,
    "16": 0.09142,
    "17": 0.0915,
    "18": 0.16152,
    "19": 0.1629,
    "20": 0.16946,
    "21": 0.1863,
    "22": 0.11528,
    "23": 0.11151
  }
}