{
  "day": "2025-05-06",
  "data": {
    "0": 0.08513,
    "1": 0.08278,
    "2": 0.08413,
    "3": 0.08097,
    "4": 0.08162,
    "5": 0.08131,
    "6": 0.09416,
    "7": 0.10121,
    "8": 0.11128,
    "9": 0.09062,
    "10": 0.15213,
    "11": 0.14834,
    "12": 0.14861,
    "13": 0.14474,
    "14": 0.08263,
    "15": 0.08384,
    "16": 0.08494,
    "17": 0.08496,
    "18": 0.15368,
    "19": 0.15773,
    "20": 0.20069,
    "21": 0.22086,
    "22": 0.14357,
    "23": 0.12867
  }
}