{
  "day": "2025-05-07",
  "data": {
    "0": 0.07897,
    "1": 0.07662,
    "2": 0.07713,
    "3": 0.07333,
    "4": 0.07812,
    "5": 0.08372,
    "6": 0.1016,
    "7": 0.11287,
    "8": 0.12946,
    "9": 0.09464,
    "10": 0.14536,
    "11": 0.14553,
    "12": 0.14564,
    "13": 0.14275,
    "14": 0.07874,
    "15": 0.0791,
    "16": 0.07989,
    "17": 0.08049,
    "18": 0.15284,
    "19": 0.19228,
    "20": 0.20536,
    "21": 0.23349,
    "22": 0.14773,
    "23": 0.1275
  }
}