{
  "day": "2025-05-09",
  "data": {
    "0": 0.09322,
    "1": 0.08626,
    "2": 0.08913,
    "3": 0.08306,
    "4": 0.08104,
    "5": 0.08272,
    "6": 0.09961,
    "7": 0.10194,
    "8": 0.11672,
    "9": 0.09392,
    "10": 0.15226,
    "11": 0.14409,
    "12": 0.14379,
    "13": 0.1408,
    "14": 0.07719,
    "15": 0.07801,
    "16": 0.07888,
    "17": 0.07879,
    "18": 0.15477,
    "19": 0.16565,
    "20": 0.19476,
    "21": 0.2344,
    "22": 0.14877,
    "23": 0.13153
  }
}