{
  "day": "2025-05-11",
  "data": {
    "0": 0.0922,
    "1": 0.0931,
    "2": 0.09691,
    "3": 0.095,
    "4": 0.09556,
    "5": 0.0961,
    "6": 0.09708,
    "7": 0.10187,
    "8": 0.09108,
    "9": 0.07752,
    "10": 0.06601,
    "11": 0.0644,
    "12": 0.06581,
    "13": 0.06311,
    "14": 0.06337,
    "15": 0.06419,
    "16": 0.06673,
    "17": 0.07879,
    "18": 0.08249,
    "19": 0.08381,
    "20": 0.08605,
    "21": 0.1073,
    "22": 0.10589,
    "23": 0.10353
  }
}