{
  "day": "2025-05-13",
  "data": {
    "0": 0.13083,
    "1": 0.11148,
    "2": 0.10642,
    "3": 0.10118,
    "4": 0.1022,
    "5": 0.10401,
    "6": 0.13187,
    "7": 0.16155,
    "8": 0.146,
    "9": 0.09734,
    "10": 0.13675,
    "11": 0.13523,
    "12": 0.13521,
    "13": 0.13039,
    "14": 0.06666,
    "15": 0.06949,
    "16": 0.06971,
    "17": 0.07077,
    "18": 0.16524,
    "19": 0.17481,
    "20": 0.23814,
    "21": 0.27339,
    "22": 0.19424,
    "23": 0.1565
  }
}