{
  "day": "2025-05-16",
  "data": {
    "0": 0.0873,
    "1": 0.08955,
    "2": 0.09203,
    "3": 0.08747,
    "4": 0.08764,
    "5": 0.08736,
    "6": 0.0873,
    "7": 0.0821,
    "8": 0.09589,
    "9": 0.0915,
    "10": 0.15221,
    "11": 0.1517,
    "12": 0.14947,
    "13": 0.14658,
    "14": 0.08172,
    "15": 0.08182,
    "16": 0.08286,
    "17": 0.08791,
    "18": 0.15873,
    "19": 0.16247,
    "20": 0.18572,
    "21": 0.19604,
    "22": 0.14119,
    "23": 0.13729
  }
}