{
  "day": "2025-05-17",
  "data": {
    "0": 0.10053,
    "1": 0.09579,
    "2": 0.09731,
    "3": 0.09685,
    "4": 0.09668,
    "5": 0.105,
    "6": 0.10844,
    "7": 0.10358,
    "8": 0.08186,
    "9": 0.07047,
    "10": 0.06681,
    "11": 0.06418,
    "12": 0.06081,
    "13": 0.05958,
    "14": 0.05913,
    "15": 0.06232,
    "16": 0.06447,
    "17": 0.0692,
    "18": 0.07306,
    "19": 0.07931,
    "20": 0.10627,
    "21": 0.12515,
    "22": 0.13083,
    "23": 0.1133
  }
}