{
  "day": "2025-05-19",
  "data": {
    "0": 0.10436,
    "1": 0.10438,
    "2": 0.10027,
    "3": 0.10192,
    "4": 0.09856,
    "5": 0.10578,
    "6": 0.10729,
    "7": 0.11696,
    "8": 0.12067,
    "9": 0.09763,
    "10": 0.15822,
    "11": 0.15801,
    "12": 0.15746,
    "13": 0.15416,
    "14": 0.09028,
    "15": 0.091,
    "16": 0.09122,
    "17": 0.09212,
    "18": 0.16027,
    "19": 0.16073,
    "20": 0.18382,
    "21": 0.19308,
    "22": 0.13083,
    "23": 0.12685
  }
}