{
  "day": "2025-05-20",
  "data": {
    "0": 0.10086,
    "1": 0.09996,
    "2": 0.09844,
    "3": 0.08829,
    "4": 0.08783,
    "5": 0.09879,
    "6": 0.1041,
    "7": 0.10754,
    "8": 0.11819,
    "9": 0.09169,
    "10": 0.1573,
    "11": 0.15641,
    "12": 0.15586,
    "13": 0.15269,
    "14": 0.08865,
    "15": 0.08824,
    "16": 0.08925,
    "17": 0.09114,
    "18": 0.15798,
    "19": 0.16192,
    "20": 0.19429,
    "21": 0.21102,
    "22": 0.14941,
    "23": 0.13272
  }
}