{
  "day": "2025-05-23",
  "data": {
    "0": 0.08744,
    "1": 0.08843,
    "2": 0.09174,
    "3": 0.08542,
    "4": 0.08611,
    "5": 0.08468,
    "6": 0.0853,
    "7": 0.08778,
    "8": 0.10399,
    "9": 0.09891,
    "10": 0.16264,
    "11": 0.16215,
    "12": 0.16183,
    "13": 0.1593,
    "14": 0.09521,
    "15": 0.09483,
    "16": 0.09623,
    "17": 0.09655,
    "18": 0.16372,
    "19": 0.1647,
    "20": 0.17104,
    "21": 0.19306,
    "22": 0.11685,
    "23": 0.1136
  }
}