{
  "day": "2025-05-24",
  "data": {
    "0": 0.09119,
    "1": 0.09169,
    "2": 0.09272,
    "3": 0.08954,
    "4": 0.08931,
    "5": 0.09017,
    "6": 0.09289,
    "7": 0.08555,
    "8": 0.07881,
    "9": 0.07241,
    "10": 0.06726,
    "11": 0.06593,
    "12": 0.06671,
    "13": 0.06615,
    "14": 0.06685,
    "15": 0.0671,
    "16": 0.06738,
    "17": 0.07071,
    "18": 0.07109,
    "19": 0.07386,
    "20": 0.09319,
    "21": 0.10759,
    "22": 0.12528,
    "23": 0.10814
  }
}