{
  "day": "2025-05-26",
  "data": {
    "0": 0.10403,
    "1": 0.09813,
    "2": 0.09821,
    "3": 0.09706,
    "4": 0.09896,
    "5": 0.10096,
    "6": 0.10437,
    "7": 0.10693,
    "8": 0.11912,
    "9": 0.08966,
    "10": 0.15428,
    "11": 0.15455,
    "12": 0.15437,
    "13": 0.15139,
    "14": 0.08806,
    "15": 0.08857,
    "16": 0.08931,
    "17": 0.08944,
    "18": 0.16085,
    "19": 0.16385,
    "20": 0.1925,
    "21": 0.23179,
    "22": 0.15316,
    "23": 0.12831
  }
}