{
  "day": "2025-05-27",
  "data": {
    "0": 0.09842,
    "1": 0.09665,
    "2": 0.08978,
    "3": 0.08383,
    "4": 0.08544,
    "5": 0.08931,
    "6": 0.09726,
    "7": 0.09601,
    "8": 0.11875,
    "9": 0.10104,
    "10": 0.14734,
    "11": 0.14743,
    "12": 0.14735,
    "13": 0.14418,
    "14": 0.07987,
    "15": 0.08044,
    "16": 0.08104,
    "17": 0.08167,
    "18": 0.14914,
    "19": 0.18188,
    "20": 0.19934,
    "21": 0.26287,
    "22": 0.18917,
    "23": 0.16538
  }
}