{
  "day": "2025-05-28",
  "data": {
    "0": 0.09868,
    "1": 0.09726,
    "2": 0.10234,
    "3": 0.09757,
    "4": 0.09869,
    "5": 0.09517,
    "6": 0.09922,
    "7": 0.11653,
    "8": 0.12,
    "9": 0.09818,
    "10": 0.14726,
    "11": 0.14575,
    "12": 0.14566,
    "13": 0.14243,
    "14": 0.078,
    "15": 0.07854,
    "16": 0.07923,
    "17": 0.0792,
    "18": 0.14913,
    "19": 0.17184,
    "20": 0.206,
    "21": 0.24614,
    "22": 0.19024,
    "23": 0.1426
  }
}