{
  "day": "2025-05-29",
  "data": {
    "0": 0.11094,
    "1": 0.10095,
    "2": 0.10762,
    "3": 0.10073,
    "4": 0.10009,
    "5": 0.10149,
    "6": 0.09976,
    "7": 0.10387,
    "8": 0.11994,
    "9": 0.0929,
    "10": 0.14314,
    "11": 0.13933,
    "12": 0.13862,
    "13": 0.13522,
    "14": 0.07046,
    "15": 0.07182,
    "16": 0.07267,
    "17": 0.07247,
    "18": 0.16002,
    "19": 0.18048,
    "20": 0.21939,
    "21": 0.28573,
    "22": 0.20579,
    "23": 0.15489
  }
}