{
  "day": "2025-05-30",
  "data": {
    "0": 0.10991,
    "1": 0.10935,
    "2": 0.10547,
    "3": 0.10116,
    "4": 0.10144,
    "5": 0.10076,
    "6": 0.1049,
    "7": 0.11968,
    "8": 0.12742,
    "9": 0.09935,
    "10": 0.13409,
    "11": 0.13142,
    "12": 0.13135,
    "13": 0.12872,
    "14": 0.06458,
    "15": 0.06511,
    "16": 0.06644,
    "17": 0.0738,
    "18": 0.18511,
    "19": 0.19686,
    "20": 0.24471,
    "21": 0.26332,
    "22": 0.21293,
    "23": 0.18489
  }
}