{
  "day": "2023-03-01",
  "data": {
    "0": 0.19575,
    "1": 0.19148,
    "2": 0.19275,
    "3": 0.18834,
    "4": 0.1825,
    "5": 0.19225,
    "6": 0.2062,
    "7": 0.20927,
    "8": 0.23678,
    "9": 0.22862,
    "10": 0.25934,
    "11": 0.24775,
    "12": 0.24236,
    "13": 0.24059,
    "14": 0.1899,
    "15": 0.18568,
    "16": 0.19289,
    "17": 0.21796,
    "18": 0.26829,
    "19": 0.28684,
    "20": 0.29086,
    "21": 0.28324,
    "22": 0.23532,
    "23": 0.22777
  }
}