{
  "day": "2023-03-03",
  "data": {
    "0": 0.20016,
    "1": 0.19989,
    "2": 0.19812,
    "3": 0.19826,
    "4": 0.19876,
    "5": 0.20134,
    "6": 0.20365,
    "7": 0.20489,
    "8": 0.22884,
    "9": 0.2169,
    "10": 0.22647,
    "11": 0.22633,
    "12": 0.22469,
    "13": 0.22411,
    "14": 0.17735,
    "15": 0.17819,
    "16": 0.18401,
    "17": 0.21304,
    "18": 0.27504,
    "19": 0.28282,
    "20": 0.2899,
    "21": 0.28334,
    "22": 0.23409,
    "23": 0.23271
  }
}