{
  "day": "2023-03-04",
  "data": {
    "0": 0.19341,
    "1": 0.18938,
    "2": 0.19725,
    "3": 0.1929,
    "4": 0.19214,
    "5": 0.19122,
    "6": 0.18592,
    "7": 0.19652,
    "8": 0.19863,
    "9": 0.19062,
    "10": 0.16813,
    "11": 0.16814,
    "12": 0.16678,
    "13": 0.1566,
    "14": 0.15326,
    "15": 0.16071,
    "16": 0.16921,
    "17": 0.17955,
    "18": 0.19726,
    "19": 0.21671,
    "20": 0.22703,
    "21": 0.21198,
    "22": 0.19963,
    "23": 0.19748
  }
}