{
  "day": "2023-03-05",
  "data": {
    "0": 0.19727,
    "1": 0.19801,
    "2": 0.20654,
    "3": 0.20329,
    "4": 0.20337,
    "5": 0.20293,
    "6": 0.19772,
    "7": 0.19358,
    "8": 0.18343,
    "9": 0.18266,
    "10": 0.17582,
    "11": 0.17534,
    "12": 0.17207,
    "13": 0.16674,
    "14": 0.16356,
    "15": 0.17521,
    "16": 0.18355,
    "17": 0.19254,
    "18": 0.1956,
    "19": 0.21505,
    "20": 0.23718,
    "21": 0.21873,
    "22": 0.20507,
    "23": 0.20618
  }
}