{
  "day": "2023-03-08",
  "data": {
    "0": 0.13662,
    "1": 0.13415,
    "2": 0.12942,
    "3": 0.13044,
    "4": 0.12995,
    "5": 0.13052,
    "6": 0.13664,
    "7": 0.16523,
    "8": 0.19,
    "9": 0.18422,
    "10": 0.20485,
    "11": 0.19796,
    "12": 0.18981,
    "13": 0.18443,
    "14": 0.12689,
    "15": 0.11594,
    "16": 0.14047,
    "17": 0.15573,
    "18": 0.2077,
    "19": 0.23863,
    "20": 0.25635,
    "21": 0.25096,
    "22": 0.2006,
    "23": 0.19118
  }
}