{
  "day": "2023-03-12",
  "data": {
    "0": 0.13936,
    "1": 0.14044,
    "2": 0.13627,
    "3": 0.14536,
    "4": 0.1287,
    "5": 0.13422,
    "6": 0.14633,
    "7": 0.14279,
    "8": 0.13753,
    "9": 0.10874,
    "10": 0.09455,
    "11": 0.08997,
    "12": 0.09093,
    "13": 0.09027,
    "14": 0.09078,
    "15": 0.09209,
    "16": 0.09713,
    "17": 0.11767,
    "18": 0.17212,
    "19": 0.18756,
    "20": 0.17531,
    "21": 0.16149,
    "22": 0.13769,
    "23": 0.12462
  }
}