{
  "day": "2023-03-16",
  "data": {
    "0": 0.16089,
    "1": 0.15106,
    "2": 0.14999,
    "3": 0.1465,
    "4": 0.14404,
    "5": 0.14748,
    "6": 0.16296,
    "7": 0.17638,
    "8": 0.17868,
    "9": 0.16166,
    "10": 0.16721,
    "11": 0.15808,
    "12": 0.14834,
    "13": 0.13657,
    "14": 0.07938,
    "15": 0.07933,
    "16": 0.10282,
    "17": 0.13352,
    "18": 0.21361,
    "19": 0.23176,
    "20": 0.22962,
    "21": 0.21254,
    "22": 0.16857,
    "23": 0.15602
  }
}