{
  "day": "2023-03-18",
  "data": {
    "0": 0.15542,
    "1": 0.15085,
    "2": 0.14579,
    "3": 0.14333,
    "4": 0.14554,
    "5": 0.14792,
    "6": 0.14991,
    "7": 0.15053,
    "8": 0.14652,
    "9": 0.14123,
    "10": 0.1245,
    "11": 0.12206,
    "12": 0.12244,
    "13": 0.11778,
    "14": 0.12388,
    "15": 0.10782,
    "16": 0.11657,
    "17": 0.14028,
    "18": 0.15788,
    "19": 0.17189,
    "20": 0.19097,
    "21": 0.17801,
    "22": 0.17509,
    "23": 0.16209
  }
}