{
  "day": "2023-03-24",
  "data": {
    "0": 0.09431,
    "1": 0.08444,
    "2": 0.08278,
    "3": 0.08448,
    "4": 0.08053,
    "5": 0.08558,
    "6": 0.10576,
    "7": 0.12277,
    "8": 0.1436,
    "9": 0.12046,
    "10": 0.14542,
    "11": 0.13056,
    "12": 0.12619,
    "13": 0.11573,
    "14": 0.05998,
    "15": 0.06002,
    "16": 0.08367,
    "17": 0.10037,
    "18": 0.18686,
    "19": 0.22855,
    "20": 0.22355,
    "21": 0.22557,
    "22": 0.17182,
    "23": 0.16757
  }
}