{
  "day": "2023-03-25",
  "data": {
    "0": 0.08731,
    "1": 0.08845,
    "2": 0.08997,
    "3": 0.09871,
    "4": 0.09611,
    "5": 0.09874,
    "6": 0.09474,
    "7": 0.10846,
    "8": 0.09338,
    "9": 0.0682,
    "10": 0.0525,
    "11": 0.05449,
    "12": 0.03119,
    "13": 0.03001,
    "14": 0.028,
    "15": 0.02731,
    "16": 0.0331,
    "17": 0.03941,
    "18": 0.07947,
    "19": 0.08454,
    "20": 0.10829,
    "21": 0.09972,
    "22": 0.08861,
    "23": 0.07693
  }
}