{
  "day": "2023-03-26",
  "data": {
    "0": 0.08699,
    "1": 0.07632,
    "3": 0.07243,
    "4": 0.07619,
    "5": 0.07396,
    "6": 0.07552,
    "7": 0.06959,
    "8": 0.07139,
    "9": 0.05658,
    "10": 0.03159,
    "11": 0.02823,
    "12": 0.02786,
    "13": 0.02788,
    "14": 0.02829,
    "15": 0.02911,
    "16": 0.03076,
    "17": 0.03172,
    "18": 0.0326,
    "19": 0.04463,
    "20": 0.10919,
    "21": 0.1438,
    "22": 0.1393,
    "23": 0.11635
  }
}