{
  "day": "2023-03-27",
  "data": {
    "0": 0.14136,
    "1": 0.1416,
    "2": 0.13661,
    "3": 0.1334,
    "4": 0.13413,
    "5": 0.14526,
    "6": 0.15882,
    "7": 0.18663,
    "8": 0.2239,
    "9": 0.1869,
    "10": 0.20231,
    "11": 0.17416,
    "12": 0.17368,
    "13": 0.17232,
    "14": 0.12687,
    "15": 0.10531,
    "16": 0.10523,
    "17": 0.12553,
    "18": 0.20947,
    "19": 0.23962,
    "20": 0.31247,
    "21": 0.28389,
    "22": 0.21546,
    "23": 0.20365
  }
}