{
  "day": "2023-03-29",
  "data": {
    "0": 0.14136,
    "1": 0.13559,
    "2": 0.13737,
    "3": 0.14609,
    "4": 0.14496,
    "5": 0.14502,
    "6": 0.14302,
    "7": 0.15038,
    "8": 0.18782,
    "9": 0.16129,
    "10": 0.1499,
    "11": 0.14426,
    "12": 0.12709,
    "13": 0.12634,
    "14": 0.06135,
    "15": 0.05347,
    "16": 0.05335,
    "17": 0.05765,
    "18": 0.11623,
    "19": 0.15625,
    "20": 0.20998,
    "21": 0.21664,
    "22": 0.16514,
    "23": 0.16011
  }
}