{
  "day": "2023-03-30",
  "data": {
    "0": 0.06961,
    "1": 0.06868,
    "2": 0.07023,
    "3": 0.07312,
    "4": 0.07315,
    "5": 0.07204,
    "6": 0.08047,
    "7": 0.10814,
    "8": 0.15133,
    "9": 0.10782,
    "10": 0.12981,
    "11": 0.12982,
    "12": 0.10902,
    "13": 0.09831,
    "14": 0.05064,
    "15": 0.04595,
    "16": 0.04513,
    "17": 0.05102,
    "18": 0.10348,
    "19": 0.13459,
    "20": 0.14461,
    "21": 0.14435,
    "22": 0.08593,
    "23": 0.0886
  }
}