{
  "day": "2023-03-31",
  "data": {
    "0": 0.05875,
    "1": 0.04914,
    "2": 0.04912,
    "3": 0.0481,
    "4": 0.04501,
    "5": 0.04847,
    "6": 0.04457,
    "7": 0.05398,
    "8": 0.08408,
    "9": 0.07363,
    "10": 0.11127,
    "11": 0.09937,
    "12": 0.09766,
    "13": 0.09782,
    "14": 0.04976,
    "15": 0.04857,
    "16": 0.04831,
    "17": 0.05208,
    "18": 0.10695,
    "19": 0.11517,
    "20": 0.13072,
    "21": 0.13353,
    "22": 0.08518,
    "23": 0.08434
  }
}