{
  "day": "2024-03-01",
  "data": {
    "0": 0.05108,
    "1": 0.05048,
    "2": 0.05101,
    "3": 0.04973,
    "4": 0.04981,
    "5": 0.04966,
    "6": 0.04889,
    "7": 0.04765,
    "8": 0.0724,
    "9": 0.07004,
    "10": 0.11796,
    "11": 0.11628,
    "12": 0.11599,
    "13": 0.11592,
    "14": 0.06634,
    "15": 0.06643,
    "16": 0.06803,
    "17": 0.06909,
    "18": 0.1218,
    "19": 0.12276,
    "20": 0.12787,
    "21": 0.12386,
    "22": 0.07365,
    "23": 0.07441
  }
}