{
  "day": "2024-03-03",
  "data": {
    "0": 0.0484,
    "1": 0.04748,
    "2": 0.05012,
    "3": 0.05051,
    "4": 0.05182,
    "5": 0.05197,
    "6": 0.05068,
    "7": 0.04905,
    "8": 0.04638,
    "9": 0.04324,
    "10": 0.04121,
    "11": 0.04517,
    "12": 0.04503,
    "13": 0.04471,
    "14": 0.04479,
    "15": 0.04588,
    "16": 0.04844,
    "17": 0.04371,
    "18": 0.03848,
    "19": 0.0451,
    "20": 0.07131,
    "21": 0.07355,
    "22": 0.05423,
    "23": 0.04273
  }
}