{
  "day": "2024-03-06",
  "data": {
    "0": 0.11431,
    "1": 0.09241,
    "2": 0.09349,
    "3": 0.09248,
    "4": 0.0833,
    "5": 0.09203,
    "6": 0.10857,
    "7": 0.15516,
    "8": 0.18329,
    "9": 0.08206,
    "10": 0.11997,
    "11": 0.11074,
    "12": 0.10888,
    "13": 0.10833,
    "14": 0.05869,
    "15": 0.05909,
    "16": 0.06272,
    "17": 0.0764,
    "18": 0.15113,
    "19": 0.24419,
    "20": 0.22505,
    "21": 0.1974,
    "22": 0.11983,
    "23": 0.08047
  }
}