{
  "day": "2024-03-08",
  "data": {
    "0": 0.05045,
    "1": 0.05014,
    "2": 0.05059,
    "3": 0.04933,
    "4": 0.04936,
    "5": 0.04882,
    "6": 0.05088,
    "7": 0.04834,
    "8": 0.07338,
    "9": 0.07134,
    "10": 0.1187,
    "11": 0.11838,
    "12": 0.11918,
    "13": 0.11928,
    "14": 0.06961,
    "15": 0.07004,
    "16": 0.0711,
    "17": 0.07375,
    "18": 0.12289,
    "19": 0.12228,
    "20": 0.12515,
    "21": 0.12246,
    "22": 0.07232,
    "23": 0.07154
  }
}