{
  "day": "2024-03-09",
  "data": {
    "0": 0.04498,
    "1": 0.04614,
    "2": 0.04675,
    "3": 0.04572,
    "4": 0.04595,
    "5": 0.04589,
    "6": 0.0453,
    "7": 0.04504,
    "8": 0.04225,
    "9": 0.04492,
    "10": 0.04421,
    "11": 0.04283,
    "12": 0.04268,
    "13": 0.04214,
    "14": 0.04238,
    "15": 0.04304,
    "16": 0.04395,
    "17": 0.04472,
    "18": 0.04461,
    "19": 0.04643,
    "20": 0.04681,
    "21": 0.04397,
    "22": 0.04405,
    "23": 0.04194
  }
}