{
  "day": "2024-03-10",
  "data": {
    "0": 0.04934,
    "1": 0.0502,
    "2": 0.05002,
    "3": 0.05056,
    "4": 0.05141,
    "5": 0.05102,
    "6": 0.05068,
    "7": 0.05059,
    "8": 0.05021,
    "9": 0.04459,
    "10": 0.04254,
    "11": 0.04666,
    "12": 0.04654,
    "13": 0.04722,
    "14": 0.04628,
    "15": 0.04705,
    "16": 0.04806,
    "17": 0.04897,
    "18": 0.04538,
    "19": 0.048,
    "20": 0.04659,
    "21": 0.04769,
    "22": 0.04395,
    "23": 0.04091
  }
}