{
  "day": "2024-03-12",
  "data": {
    "0": 0.07704,
    "1": 0.07176,
    "2": 0.07279,
    "3": 0.0742,
    "4": 0.07507,
    "5": 0.07528,
    "6": 0.1098,
    "7": 0.13851,
    "8": 0.14701,
    "9": 0.08405,
    "10": 0.11274,
    "11": 0.11282,
    "12": 0.11222,
    "13": 0.11214,
    "14": 0.06251,
    "15": 0.0634,
    "16": 0.06757,
    "17": 0.0881,
    "18": 0.18211,
    "19": 0.21929,
    "20": 0.30982,
    "21": 0.24134,
    "22": 0.13863,
    "23": 0.13361
  }
}