{
  "day": "2024-03-17",
  "data": {
    "0": 0.09335,
    "1": 0.09152,
    "2": 0.08673,
    "3": 0.08754,
    "4": 0.08819,
    "5": 0.08776,
    "6": 0.08371,
    "7": 0.08489,
    "8": 0.06215,
    "9": 0.06129,
    "10": 0.05485,
    "11": 0.04368,
    "12": 0.04366,
    "13": 0.04335,
    "14": 0.04351,
    "15": 0.04464,
    "16": 0.056,
    "17": 0.06272,
    "18": 0.0869,
    "19": 0.13863,
    "20": 0.1323,
    "21": 0.12749,
    "22": 0.12724,
    "23": 0.11956
  }
}