{
  "day": "2024-03-24",
  "data": {
    "0": 0.06089,
    "1": 0.06293,
    "2": 0.06238,
    "3": 0.06699,
    "4": 0.06625,
    "5": 0.06813,
    "6": 0.06697,
    "7": 0.06632,
    "8": 0.06433,
    "9": 0.05653,
    "10": 0.05018,
    "11": 0.04931,
    "12": 0.04946,
    "13": 0.04878,
    "14": 0.04883,
    "15": 0.05032,
    "16": 0.05383,
    "17": 0.05467,
    "18": 0.0552,
    "19": 0.06637,
    "20": 0.08507,
    "21": 0.08619,
    "22": 0.08727,
    "23": 0.08823
  }
}