{
  "day": "2024-03-25",
  "data": {
    "0": 0.09748,
    "1": 0.09155,
    "2": 0.09142,
    "3": 0.09633,
    "4": 0.09408,
    "5": 0.09922,
    "6": 0.09418,
    "7": 0.13356,
    "8": 0.13857,
    "9": 0.11163,
    "10": 0.14394,
    "11": 0.13532,
    "12": 0.13378,
    "13": 0.12505,
    "14": 0.07465,
    "15": 0.07322,
    "16": 0.07523,
    "17": 0.07516,
    "18": 0.12406,
    "19": 0.13937,
    "20": 0.15434,
    "21": 0.14773,
    "22": 0.08623,
    "23": 0.08304
  }
}