{
  "day": "2024-03-28",
  "data": {
    "0": 0.05484,
    "1": 0.05583,
    "2": 0.05901,
    "3": 0.05811,
    "4": 0.05835,
    "5": 0.05787,
    "6": 0.05613,
    "7": 0.05277,
    "8": 0.07499,
    "9": 0.0742,
    "10": 0.12426,
    "11": 0.12388,
    "12": 0.12311,
    "13": 0.12235,
    "14": 0.07277,
    "15": 0.07314,
    "16": 0.07398,
    "17": 0.07363,
    "18": 0.12323,
    "19": 0.12263,
    "20": 0.12342,
    "21": 0.12461,
    "22": 0.07635,
    "23": 0.07338
  }
}