{
  "day": "2024-03-31",
  "data": {
    "0": 0.0644,
    "1": 0.06677,
    "3": 0.06724,
    "4": 0.06781,
    "5": 0.06853,
    "6": 0.06861,
    "7": 0.06758,
    "8": 0.06216,
    "9": 0.05678,
    "10": 0.05281,
    "11": 0.05241,
    "12": 0.05038,
    "13": 0.04844,
    "14": 0.04822,
    "15": 0.04861,
    "16": 0.04919,
    "17": 0.0527,
    "18": 0.05201,
    "19": 0.0515,
    "20": 0.05125,
    "21": 0.04904,
    "22": 0.05054,
    "23": 0.04976
  }
}