{
  "day": "2025-11-04",
  "data": {
    "0": 0.13826,
    "1": 0.13015,
    "2": 0.13323,
    "3": 0.11827,
    "4": 0.11233,
    "5": 0.11579,
    "6": 0.12417,
    "7": 0.13324,
    "8": 0.1539,
    "9": 0.11081,
    "10": 0.09047,
    "11": 0.14783,
    "12": 0.14735,
    "13": 0.14423,
    "14": 0.14556,
    "15": 0.0898,
    "16": 0.099,
    "17": 0.13757,
    "18": 0.15791,
    "19": 0.23015,
    "20": 0.2293,
    "21": 0.2197,
    "22": 0.21591,
    "23": 0.12124
  }
}