{
  "day": "2025-11-05",
  "data": {
    "0": 0.101,
    "1": 0.09634,
    "2": 0.08957,
    "3": 0.08282,
    "4": 0.07506,
    "5": 0.08148,
    "6": 0.09605,
    "7": 0.09707,
    "8": 0.1273,
    "9": 0.11318,
    "10": 0.09927,
    "11": 0.15959,
    "12": 0.16171,
    "13": 0.1588,
    "14": 0.1642,
    "15": 0.10797,
    "16": 0.11766,
    "17": 0.12497,
    "18": 0.13645,
    "19": 0.22301,
    "20": 0.22805,
    "21": 0.22086,
    "22": 0.20193,
    "23": 0.12387
  }
}