{
  "day": "2025-11-08",
  "data": {
    "0": 0.13102,
    "1": 0.12196,
    "2": 0.11826,
    "3": 0.11005,
    "4": 0.09914,
    "5": 0.10111,
    "6": 0.11061,
    "7": 0.11244,
    "8": 0.09976,
    "9": 0.06604,
    "10": 0.06279,
    "11": 0.06309,
    "12": 0.06383,
    "13": 0.06508,
    "14": 0.06539,
    "15": 0.06353,
    "16": 0.0669,
    "17": 0.12772,
    "18": 0.14886,
    "19": 0.14638,
    "20": 0.1406,
    "21": 0.13534,
    "22": 0.13355,
    "23": 0.1318
  }
}