{
  "day": "2025-11-10",
  "data": {
    "0": 0.13049,
    "1": 0.12179,
    "2": 0.11112,
    "3": 0.10525,
    "4": 0.10468,
    "5": 0.11004,
    "6": 0.13294,
    "7": 0.14745,
    "8": 0.17221,
    "9": 0.13134,
    "10": 0.10218,
    "11": 0.15834,
    "12": 0.16027,
    "13": 0.15059,
    "14": 0.15326,
    "15": 0.10711,
    "16": 0.12966,
    "17": 0.17282,
    "18": 0.19755,
    "19": 0.27727,
    "20": 0.27054,
    "21": 0.26486,
    "22": 0.24091,
    "23": 0.16285
  }
}