{
  "day": "2025-11-14",
  "data": {
    "0": 0.08419,
    "1": 0.08587,
    "2": 0.07974,
    "3": 0.07347,
    "4": 0.07001,
    "5": 0.07505,
    "6": 0.08141,
    "7": 0.1026,
    "8": 0.14017,
    "9": 0.12136,
    "10": 0.09886,
    "11": 0.1706,
    "12": 0.17262,
    "13": 0.16571,
    "14": 0.17044,
    "15": 0.109,
    "16": 0.11391,
    "17": 0.13399,
    "18": 0.14015,
    "19": 0.20986,
    "20": 0.20605,
    "21": 0.19739,
    "22": 0.19053,
    "23": 0.11777
  }
}