{
  "day": "2025-11-17",
  "data": {
    "0": 0.12283,
    "1": 0.11763,
    "2": 0.1155,
    "3": 0.11453,
    "4": 0.11482,
    "5": 0.12125,
    "6": 0.13596,
    "7": 0.16533,
    "8": 0.2063,
    "9": 0.1464,
    "10": 0.12862,
    "11": 0.18416,
    "12": 0.17763,
    "13": 0.16255,
    "14": 0.16123,
    "15": 0.10686,
    "16": 0.13046,
    "17": 0.15875,
    "18": 0.17865,
    "19": 0.24336,
    "20": 0.23614,
    "21": 0.22432,
    "22": 0.21762,
    "23": 0.14507
  }
}