{
  "day": "2025-11-19",
  "data": {
    "0": 0.14689,
    "1": 0.13407,
    "2": 0.12696,
    "3": 0.1234,
    "4": 0.1221,
    "5": 0.12364,
    "6": 0.14235,
    "7": 0.14841,
    "8": 0.17748,
    "9": 0.15549,
    "10": 0.14561,
    "11": 0.1922,
    "12": 0.18926,
    "13": 0.18376,
    "14": 0.18669,
    "15": 0.1358,
    "16": 0.14278,
    "17": 0.16714,
    "18": 0.17473,
    "19": 0.24665,
    "20": 0.25225,
    "21": 0.23371,
    "22": 0.22475,
    "23": 0.15087
  }
}