{
  "day": "2025-11-20",
  "data": {
    "0": 0.12194,
    "1": 0.11502,
    "2": 0.11408,
    "3": 0.10919,
    "4": 0.10997,
    "5": 0.12014,
    "6": 0.13209,
    "7": 0.14969,
    "8": 0.18681,
    "9": 0.15163,
    "10": 0.13054,
    "11": 0.18777,
    "12": 0.18192,
    "13": 0.16932,
    "14": 0.1576,
    "15": 0.10387,
    "16": 0.13772,
    "17": 0.16463,
    "18": 0.18212,
    "19": 0.25682,
    "20": 0.25683,
    "21": 0.23537,
    "22": 0.23236,
    "23": 0.14978
  }
}