{
  "day": "2025-11-23",
  "data": {
    "0": 0.13052,
    "1": 0.11947,
    "2": 0.0998,
    "3": 0.09806,
    "4": 0.09296,
    "5": 0.10074,
    "6": 0.10497,
    "7": 0.12162,
    "8": 0.1182,
    "9": 0.07379,
    "10": 0.06113,
    "11": 0.05918,
    "12": 0.05929,
    "13": 0.05844,
    "14": 0.05803,
    "15": 0.05953,
    "16": 0.07408,
    "17": 0.1166,
    "18": 0.12387,
    "19": 0.13097,
    "20": 0.13634,
    "21": 0.12478,
    "22": 0.11715,
    "23": 0.09379
  }
}