{
  "day": "2025-11-25",
  "data": {
    "0": 0.0971,
    "1": 0.09491,
    "2": 0.08555,
    "3": 0.07353,
    "4": 0.06817,
    "5": 0.0836,
    "6": 0.11366,
    "7": 0.1282,
    "8": 0.15914,
    "9": 0.13213,
    "10": 0.08733,
    "11": 0.14271,
    "12": 0.14074,
    "13": 0.13805,
    "14": 0.13809,
    "15": 0.07572,
    "16": 0.10013,
    "17": 0.16405,
    "18": 0.1815,
    "19": 0.25028,
    "20": 0.24463,
    "21": 0.23324,
    "22": 0.23317,
    "23": 0.15684
  }
}