{
  "day": "2025-11-27",
  "data": {
    "0": 0.12821,
    "1": 0.12252,
    "2": 0.11544,
    "3": 0.10648,
    "4": 0.10427,
    "5": 0.10571,
    "6": 0.11482,
    "7": 0.13508,
    "8": 0.16669,
    "9": 0.14125,
    "10": 0.11223,
    "11": 0.16962,
    "12": 0.17037,
    "13": 0.17366,
    "14": 0.17804,
    "15": 0.12173,
    "16": 0.14038,
    "17": 0.16276,
    "18": 0.18502,
    "19": 0.25978,
    "20": 0.29049,
    "21": 0.29956,
    "22": 0.25236,
    "23": 0.16533
  }
}