{
  "day": "2025-11-28",
  "data": {
    "0": 0.12339,
    "1": 0.12041,
    "2": 0.12536,
    "3": 0.12067,
    "4": 0.1204,
    "5": 0.12268,
    "6": 0.12771,
    "7": 0.17488,
    "8": 0.20742,
    "9": 0.16384,
    "10": 0.13855,
    "11": 0.19495,
    "12": 0.19421,
    "13": 0.18674,
    "14": 0.18461,
    "15": 0.12525,
    "16": 0.13817,
    "17": 0.16593,
    "18": 0.18496,
    "19": 0.26083,
    "20": 0.27629,
    "21": 0.25331,
    "22": 0.23302,
    "23": 0.15669
  }
}