{
  "day": "2022-08-02",
  "data": {
    "0": 0.34126,
    "1": 0.34844,
    "2": 0.35126,
    "3": 0.3613,
    "4": 0.37474,
    "5": 0.37549,
    "6": 0.37516,
    "7": 0.35979,
    "8": 0.36632,
    "9": 0.3338,
    "10": 0.34656,
    "11": 0.34311,
    "12": 0.33981,
    "13": 0.3475,
    "14": 0.30934,
    "15": 0.30881,
    "16": 0.31053,
    "17": 0.3156,
    "18": 0.36681,
    "19": 0.38736,
    "20": 0.40417,
    "21": 0.41774,
    "22": 0.37206,
    "23": 0.37646
  }
}