{
  "day": "2022-08-03",
  "data": {
    "0": 0.36644,
    "1": 0.37496,
    "2": 0.3744,
    "3": 0.37569,
    "4": 0.37765,
    "5": 0.38028,
    "6": 0.38085,
    "7": 0.37821,
    "8": 0.38305,
    "9": 0.34502,
    "10": 0.35242,
    "11": 0.33965,
    "12": 0.34172,
    "13": 0.33088,
    "14": 0.28549,
    "15": 0.28099,
    "16": 0.28082,
    "17": 0.28712,
    "18": 0.34034,
    "19": 0.37903,
    "20": 0.40777,
    "21": 0.41732,
    "22": 0.37321,
    "23": 0.37986
  }
}