{
  "day": "2022-08-04",
  "data": {
    "0": 0.3582,
    "1": 0.36208,
    "2": 0.36719,
    "3": 0.36368,
    "4": 0.36281,
    "5": 0.37404,
    "6": 0.37018,
    "7": 0.36832,
    "8": 0.37384,
    "9": 0.33902,
    "10": 0.36297,
    "11": 0.35519,
    "12": 0.34894,
    "13": 0.34402,
    "14": 0.28386,
    "15": 0.27664,
    "16": 0.27239,
    "17": 0.27233,
    "18": 0.32225,
    "19": 0.34766,
    "20": 0.37959,
    "21": 0.39219,
    "22": 0.34624,
    "23": 0.33907
  }
}