{
  "day": "2022-08-05",
  "data": {
    "0": 0.33306,
    "1": 0.30676,
    "2": 0.3091,
    "3": 0.31662,
    "4": 0.3223,
    "5": 0.31957,
    "6": 0.31389,
    "7": 0.3105,
    "8": 0.31971,
    "9": 0.30265,
    "10": 0.32808,
    "11": 0.32268,
    "12": 0.32517,
    "13": 0.33378,
    "14": 0.27786,
    "15": 0.27587,
    "16": 0.27495,
    "17": 0.27545,
    "18": 0.34245,
    "19": 0.36064,
    "20": 0.38102,
    "21": 0.38604,
    "22": 0.34363,
    "23": 0.35612
  }
}