{
  "day": "2022-08-06",
  "data": {
    "0": 0.30519,
    "1": 0.29306,
    "2": 0.28852,
    "3": 0.29507,
    "4": 0.33388,
    "5": 0.34247,
    "6": 0.3611,
    "7": 0.36673,
    "8": 0.34048,
    "9": 0.29032,
    "10": 0.25519,
    "11": 0.24475,
    "12": 0.24112,
    "13": 0.24831,
    "14": 0.24896,
    "15": 0.25025,
    "16": 0.24409,
    "17": 0.24191,
    "18": 0.24379,
    "19": 0.29077,
    "20": 0.32128,
    "21": 0.33455,
    "22": 0.3316,
    "23": 0.33753
  }
}