{
  "day": "2022-08-10",
  "data": {
    "0": 0.36693,
    "1": 0.37779,
    "2": 0.37879,
    "3": 0.37336,
    "4": 0.39609,
    "5": 0.40353,
    "6": 0.39065,
    "7": 0.38221,
    "8": 0.39107,
    "9": 0.36675,
    "10": 0.39242,
    "11": 0.35923,
    "12": 0.34245,
    "13": 0.3397,
    "14": 0.2915,
    "15": 0.28918,
    "16": 0.29458,
    "17": 0.30825,
    "18": 0.37649,
    "19": 0.391,
    "20": 0.41551,
    "21": 0.42366,
    "22": 0.3793,
    "23": 0.39418
  }
}