{
  "day": "2022-08-17",
  "data": {
    "0": 0.34719,
    "1": 0.35734,
    "2": 0.3574,
    "3": 0.36132,
    "4": 0.36333,
    "5": 0.37038,
    "6": 0.37505,
    "7": 0.36273,
    "8": 0.38079,
    "9": 0.33004,
    "10": 0.32253,
    "11": 0.29887,
    "12": 0.30063,
    "13": 0.31634,
    "14": 0.26652,
    "15": 0.24913,
    "16": 0.24562,
    "17": 0.24346,
    "18": 0.28889,
    "19": 0.31382,
    "20": 0.37371,
    "21": 0.39435,
    "22": 0.34151,
    "23": 0.3253
  }
}