{
  "day": "2022-08-18",
  "data": {
    "0": 0.31677,
    "1": 0.31763,
    "2": 0.32045,
    "3": 0.29823,
    "4": 0.3003,
    "5": 0.3111,
    "6": 0.32814,
    "7": 0.33241,
    "8": 0.34858,
    "9": 0.29345,
    "10": 0.28498,
    "11": 0.27852,
    "12": 0.28088,
    "13": 0.28029,
    "14": 0.23243,
    "15": 0.22866,
    "16": 0.22742,
    "17": 0.22829,
    "18": 0.28487,
    "19": 0.33193,
    "20": 0.38563,
    "21": 0.40679,
    "22": 0.3534,
    "23": 0.34797
  }
}