{
  "day": "2022-08-19",
  "data": {
    "0": 0.30731,
    "1": 0.28446,
    "2": 0.28339,
    "3": 0.26346,
    "4": 0.26594,
    "5": 0.26876,
    "6": 0.32786,
    "7": 0.33206,
    "8": 0.34401,
    "9": 0.27787,
    "10": 0.27659,
    "11": 0.2736,
    "12": 0.29278,
    "13": 0.31107,
    "14": 0.26255,
    "15": 0.27704,
    "16": 0.28534,
    "17": 0.28931,
    "18": 0.35618,
    "19": 0.37513,
    "20": 0.42213,
    "21": 0.4713,
    "22": 0.38505,
    "23": 0.36455
  }
}