{
  "day": "2022-08-20",
  "data": {
    "0": 0.39218,
    "1": 0.39868,
    "2": 0.42376,
    "3": 0.4369,
    "4": 0.44782,
    "5": 0.45607,
    "6": 0.45155,
    "7": 0.44982,
    "8": 0.42128,
    "9": 0.36776,
    "10": 0.32196,
    "11": 0.30029,
    "12": 0.3008,
    "13": 0.30885,
    "14": 0.29733,
    "15": 0.27825,
    "16": 0.26131,
    "17": 0.26754,
    "18": 0.30574,
    "19": 0.34749,
    "20": 0.37345,
    "21": 0.42786,
    "22": 0.42541,
    "23": 0.39685
  }
}