{
  "day": "2022-08-21",
  "data": {
    "0": 0.4507,
    "1": 0.46111,
    "2": 0.47199,
    "3": 0.48393,
    "4": 0.49641,
    "5": 0.50329,
    "6": 0.49751,
    "7": 0.50534,
    "8": 0.47931,
    "9": 0.3813,
    "10": 0.2951,
    "11": 0.24039,
    "12": 0.23191,
    "13": 0.22872,
    "14": 0.21378,
    "15": 0.19445,
    "16": 0.18103,
    "17": 0.12537,
    "18": 0.17602,
    "19": 0.21377,
    "20": 0.30553,
    "21": 0.34722,
    "22": 0.34612,
    "23": 0.35417
  }
}