{
  "day": "2022-08-22",
  "data": {
    "0": 0.40181,
    "1": 0.3973,
    "2": 0.38774,
    "3": 0.3733,
    "4": 0.37172,
    "5": 0.38088,
    "6": 0.40607,
    "7": 0.41539,
    "8": 0.41959,
    "9": 0.37058,
    "10": 0.35694,
    "11": 0.32981,
    "12": 0.3323,
    "13": 0.36293,
    "14": 0.31307,
    "15": 0.29252,
    "16": 0.29178,
    "17": 0.29193,
    "18": 0.38115,
    "19": 0.43034,
    "20": 0.46531,
    "21": 0.49639,
    "22": 0.43215,
    "23": 0.41876
  }
}