{
  "day": "2022-08-24",
  "data": {
    "0": 0.6175,
    "1": 0.64005,
    "2": 0.67026,
    "3": 0.68364,
    "4": 0.69288,
    "5": 0.68187,
    "6": 0.62435,
    "7": 0.62482,
    "8": 0.62324,
    "9": 0.55855,
    "10": 0.5113,
    "11": 0.49336,
    "12": 0.48442,
    "13": 0.48758,
    "14": 0.42672,
    "15": 0.41828,
    "16": 0.42218,
    "17": 0.43063,
    "18": 0.49526,
    "19": 0.57965,
    "20": 0.61408,
    "21": 0.62597,
    "22": 0.58299,
    "23": 0.61725
  }
}