{
  "day": "2022-08-28",
  "data": {
    "0": 0.58367,
    "1": 0.62071,
    "2": 0.63015,
    "3": 0.64331,
    "4": 0.64832,
    "5": 0.65828,
    "6": 0.66519,
    "7": 0.60353,
    "8": 0.55846,
    "9": 0.47959,
    "10": 0.3498,
    "11": 0.29237,
    "12": 0.29897,
    "13": 0.30095,
    "14": 0.29533,
    "15": 0.30497,
    "16": 0.30996,
    "17": 0.34772,
    "18": 0.38139,
    "19": 0.42289,
    "20": 0.5324,
    "21": 0.51771,
    "22": 0.52259,
    "23": 0.54879
  }
}