{
  "day": "2022-08-29",
  "data": {
    "0": 0.59689,
    "1": 0.60259,
    "2": 0.58271,
    "3": 0.56713,
    "4": 0.59743,
    "5": 0.60811,
    "6": 0.61267,
    "7": 0.60167,
    "8": 0.60598,
    "9": 0.55632,
    "10": 0.54951,
    "11": 0.49977,
    "12": 0.47101,
    "13": 0.44478,
    "14": 0.38826,
    "15": 0.38299,
    "16": 0.38999,
    "17": 0.40211,
    "18": 0.50934,
    "19": 0.58937,
    "20": 0.62561,
    "21": 0.6442,
    "22": 0.60597,
    "23": 0.6245
  }
}