{
  "day": "2022-08-31",
  "data": {
    "0": 0.66089,
    "1": 0.67988,
    "2": 0.68076,
    "3": 0.68842,
    "4": 0.69754,
    "5": 0.70628,
    "6": 0.67998,
    "7": 0.68114,
    "8": 0.67034,
    "9": 0.61838,
    "10": 0.59884,
    "11": 0.5503,
    "12": 0.53396,
    "13": 0.53177,
    "14": 0.48275,
    "15": 0.48676,
    "16": 0.48855,
    "17": 0.49297,
    "18": 0.55001,
    "19": 0.59744,
    "20": 0.65867,
    "21": 0.65564,
    "22": 0.61276,
    "23": 0.61873
  }
}