{
  "day": "2026-05-03",
  "data": {
    "0": 0.14114,
    "1": 0.13829,
    "2": 0.13476,
    "3": 0.13601,
    "4": 0.13095,
    "5": 0.1211,
    "6": 0.12395,
    "7": 0.14091,
    "8": 0.11533,
    "9": 0.07279,
    "10": 0.04042,
    "11": 0.0344,
    "12": 0.03413,
    "13": 0.03376,
    "14": 0.03387,
    "15": 0.03515,
    "16": 0.03573,
    "17": 0.03951,
    "18": 0.05442,
    "19": 0.11028,
    "20": 0.14575,
    "21": 0.16101,
    "22": 0.16156,
    "23": 0.14815
  }
}