{
  "day": "2026-05-05",
  "data": {
    "0": 0.13832,
    "1": 0.13353,
    "2": 0.13117,
    "3": 0.13134,
    "4": 0.1318,
    "5": 0.13363,
    "6": 0.14567,
    "7": 0.16975,
    "8": 0.17925,
    "9": 0.12586,
    "10": 0.06862,
    "11": 0.11778,
    "12": 0.11744,
    "13": 0.11688,
    "14": 0.11721,
    "15": 0.04729,
    "16": 0.04725,
    "17": 0.05028,
    "18": 0.06769,
    "19": 0.19658,
    "20": 0.24032,
    "21": 0.26067,
    "22": 0.26074,
    "23": 0.17221
  }
}