{
  "day": "2026-05-06",
  "data": {
    "0": 0.13573,
    "1": 0.13002,
    "2": 0.1294,
    "3": 0.12893,
    "4": 0.12971,
    "5": 0.13199,
    "6": 0.1637,
    "7": 0.17447,
    "8": 0.17341,
    "9": 0.10993,
    "10": 0.0541,
    "11": 0.10521,
    "12": 0.10546,
    "13": 0.10623,
    "14": 0.10657,
    "15": 0.03755,
    "16": 0.0424,
    "17": 0.06967,
    "18": 0.10304,
    "19": 0.21438,
    "20": 0.29172,
    "21": 0.30253,
    "22": 0.2919,
    "23": 0.19606
  }
}