{
  "day": "2026-05-08",
  "data": {
    "0": 0.14065,
    "1": 0.13794,
    "2": 0.13325,
    "3": 0.13443,
    "4": 0.13273,
    "5": 0.13182,
    "6": 0.13359,
    "7": 0.14922,
    "8": 0.1656,
    "9": 0.12855,
    "10": 0.07888,
    "11": 0.12404,
    "12": 0.11523,
    "13": 0.11371,
    "14": 0.11364,
    "15": 0.04401,
    "16": 0.04519,
    "17": 0.0504,
    "18": 0.08169,
    "19": 0.2062,
    "20": 0.23417,
    "21": 0.2541,
    "22": 0.24726,
    "23": 0.16006
  }
}