{
  "day": "2026-05-09",
  "data": {
    "0": 0.13154,
    "1": 0.11663,
    "2": 0.09705,
    "3": 0.08731,
    "4": 0.0869,
    "5": 0.08799,
    "6": 0.09043,
    "7": 0.10406,
    "8": 0.10445,
    "9": 0.08593,
    "10": 0.06731,
    "11": 0.04457,
    "12": 0.04243,
    "13": 0.04131,
    "14": 0.04147,
    "15": 0.0416,
    "16": 0.04255,
    "17": 0.04309,
    "18": 0.05848,
    "19": 0.08657,
    "20": 0.11212,
    "21": 0.13258,
    "22": 0.12447,
    "23": 0.11529
  }
}