{
  "day": "2026-05-10",
  "data": {
    "0": 0.10238,
    "1": 0.09921,
    "2": 0.09137,
    "3": 0.08932,
    "4": 0.09258,
    "5": 0.09522,
    "6": 0.09475,
    "7": 0.10103,
    "8": 0.09517,
    "9": 0.0651,
    "10": 0.0541,
    "11": 0.05323,
    "12": 0.05291,
    "13": 0.05205,
    "14": 0.05216,
    "15": 0.05359,
    "16": 0.05447,
    "17": 0.055,
    "18": 0.05383,
    "19": 0.06449,
    "20": 0.10736,
    "21": 0.14978,
    "22": 0.15394,
    "23": 0.12643
  }
}