{
  "day": "2026-05-11",
  "data": {
    "0": 0.10445,
    "1": 0.10152,
    "2": 0.10654,
    "3": 0.10372,
    "4": 0.09299,
    "5": 0.1082,
    "6": 0.10314,
    "7": 0.12551,
    "8": 0.13509,
    "9": 0.09277,
    "10": 0.07355,
    "11": 0.12814,
    "12": 0.12859,
    "13": 0.12599,
    "14": 0.12682,
    "15": 0.0568,
    "16": 0.05656,
    "17": 0.05706,
    "18": 0.08315,
    "19": 0.22138,
    "20": 0.2739,
    "21": 0.34554,
    "22": 0.30145,
    "23": 0.2044
  }
}