{
  "day": "2026-05-13",
  "data": {
    "0": 0.12873,
    "1": 0.12755,
    "2": 0.12963,
    "3": 0.12894,
    "4": 0.13058,
    "5": 0.13163,
    "6": 0.12408,
    "7": 0.13369,
    "8": 0.14025,
    "9": 0.07436,
    "10": 0.05796,
    "11": 0.12708,
    "12": 0.12714,
    "13": 0.12692,
    "14": 0.12779,
    "15": 0.05949,
    "16": 0.05971,
    "17": 0.05918,
    "18": 0.06046,
    "19": 0.1683,
    "20": 0.22943,
    "21": 0.25608,
    "22": 0.24884,
    "23": 0.16336
  }
}