{
  "day": "2026-05-14",
  "data": {
    "0": 0.14819,
    "1": 0.14282,
    "2": 0.14077,
    "3": 0.13853,
    "4": 0.13596,
    "5": 0.13461,
    "6": 0.1399,
    "7": 0.14157,
    "8": 0.147,
    "9": 0.07097,
    "10": 0.06196,
    "11": 0.12983,
    "12": 0.13111,
    "13": 0.13086,
    "14": 0.13178,
    "15": 0.0632,
    "16": 0.06374,
    "17": 0.0615,
    "18": 0.06021,
    "19": 0.15718,
    "20": 0.21992,
    "21": 0.23234,
    "22": 0.23566,
    "23": 0.15998
  }
}