{
  "day": "2026-05-16",
  "data": {
    "0": 0.12731,
    "1": 0.1212,
    "2": 0.12284,
    "3": 0.12254,
    "4": 0.11816,
    "5": 0.11898,
    "6": 0.12168,
    "7": 0.11921,
    "8": 0.07921,
    "9": 0.04203,
    "10": 0.04129,
    "11": 0.04102,
    "12": 0.04126,
    "13": 0.04084,
    "14": 0.04132,
    "15": 0.04293,
    "16": 0.0439,
    "17": 0.03905,
    "18": 0.03896,
    "19": 0.06576,
    "20": 0.12224,
    "21": 0.15942,
    "22": 0.1746,
    "23": 0.1652
  }
}