{
  "day": "2026-05-21",
  "data": {
    "0": 0.15326,
    "1": 0.13933,
    "2": 0.13782,
    "3": 0.12928,
    "4": 0.12476,
    "5": 0.13328,
    "6": 0.14417,
    "7": 0.15661,
    "8": 0.14661,
    "9": 0.07144,
    "10": 0.05583,
    "11": 0.12678,
    "12": 0.12631,
    "13": 0.12587,
    "14": 0.12702,
    "15": 0.05857,
    "16": 0.05902,
    "17": 0.05678,
    "18": 0.06595,
    "19": 0.19724,
    "20": 0.24675,
    "21": 0.27409,
    "22": 0.27439,
    "23": 0.18881
  }
}