{
  "day": "2026-05-23",
  "data": {
    "0": 0.15483,
    "1": 0.13108,
    "2": 0.11081,
    "3": 0.09587,
    "4": 0.1,
    "5": 0.09557,
    "6": 0.0971,
    "7": 0.11074,
    "8": 0.0662,
    "9": 0.03822,
    "10": 0.03483,
    "11": 0.03319,
    "12": 0.03328,
    "13": 0.03301,
    "14": 0.03315,
    "15": 0.03554,
    "16": 0.04245,
    "17": 0.04245,
    "18": 0.04618,
    "19": 0.08317,
    "20": 0.11343,
    "21": 0.15435,
    "22": 0.16396,
    "23": 0.13613
  }
}