{
  "day": "2026-05-25",
  "data": {
    "0": 0.09372,
    "1": 0.09168,
    "2": 0.08317,
    "3": 0.08429,
    "4": 0.08452,
    "5": 0.09153,
    "6": 0.11369,
    "7": 0.12604,
    "8": 0.10329,
    "9": 0.07493,
    "10": 0.06956,
    "11": 0.1381,
    "12": 0.13852,
    "13": 0.13817,
    "14": 0.14075,
    "15": 0.07248,
    "16": 0.07886,
    "17": 0.07994,
    "18": 0.08319,
    "19": 0.18948,
    "20": 0.24482,
    "21": 0.26994,
    "22": 0.27423,
    "23": 0.18282
  }
}