{
  "day": "2026-05-26",
  "data": {
    "0": 0.12656,
    "1": 0.12033,
    "2": 0.11882,
    "3": 0.11779,
    "4": 0.11808,
    "5": 0.11959,
    "6": 0.14358,
    "7": 0.14986,
    "8": 0.13943,
    "9": 0.07817,
    "10": 0.05773,
    "11": 0.12668,
    "12": 0.12675,
    "13": 0.12632,
    "14": 0.12703,
    "15": 0.05893,
    "16": 0.05894,
    "17": 0.06028,
    "18": 0.07534,
    "19": 0.1973,
    "20": 0.26881,
    "21": 0.30164,
    "22": 0.30752,
    "23": 0.2149
  }
}