{
  "day": "2026-05-29",
  "data": {
    "0": 0.15674,
    "1": 0.15112,
    "2": 0.14244,
    "3": 0.1353,
    "4": 0.13176,
    "5": 0.14345,
    "6": 0.17515,
    "7": 0.17845,
    "8": 0.17258,
    "9": 0.10176,
    "10": 0.04999,
    "11": 0.10424,
    "12": 0.10299,
    "13": 0.10243,
    "14": 0.10585,
    "15": 0.04447,
    "16": 0.05246,
    "17": 0.07307,
    "18": 0.1104,
    "19": 0.21612,
    "20": 0.25757,
    "21": 0.29087,
    "22": 0.29789,
    "23": 0.20133
  }
}