{
  "day": "2026-05-30",
  "data": {
    "0": 0.16047,
    "1": 0.15024,
    "2": 0.14085,
    "3": 0.13696,
    "4": 0.14805,
    "5": 0.1519,
    "6": 0.15039,
    "7": 0.15021,
    "8": 0.09377,
    "9": 0.04774,
    "10": 0.02718,
    "11": 0.02129,
    "12": 0.01711,
    "13": 0.01677,
    "14": 0.01683,
    "15": 0.01741,
    "16": 0.02692,
    "17": 0.03396,
    "18": 0.05675,
    "19": 0.10365,
    "20": 0.1427,
    "21": 0.16514,
    "22": 0.17182,
    "23": 0.16013
  }
}