{
  "day": "2026-05-31",
  "data": {
    "0": 0.14768,
    "1": 0.14177,
    "2": 0.12949,
    "3": 0.13311,
    "4": 0.12376,
    "5": 0.12389,
    "6": 0.13235,
    "7": 0.12674,
    "8": 0.06228,
    "9": 0.0336,
    "10": 0.03691,
    "11": 0.03643,
    "12": 0.03713,
    "13": 0.03585,
    "14": 0.0401,
    "15": 0.04109,
    "16": 0.04178,
    "17": 0.04259,
    "18": 0.04123,
    "19": 0.07219,
    "20": 0.1136,
    "21": 0.15055,
    "22": 0.15392,
    "23": 0.13813
  }
}