{
  "day": "2024-09-03",
  "data": {
    "0": 0.1542,
    "1": 0.15245,
    "2": 0.14456,
    "3": 0.13698,
    "4": 0.13353,
    "5": 0.13403,
    "6": 0.14388,
    "7": 0.152,
    "8": 0.18984,
    "9": 0.17233,
    "10": 0.15487,
    "11": 0.19136,
    "12": 0.18526,
    "13": 0.18266,
    "14": 0.18475,
    "15": 0.13928,
    "16": 0.13837,
    "17": 0.14413,
    "18": 0.15769,
    "19": 0.22694,
    "20": 0.23831,
    "21": 0.23439,
    "22": 0.23251,
    "23": 0.16969
  }
}