{
  "day": "2024-09-06",
  "data": {
    "0": 0.14578,
    "1": 0.14395,
    "2": 0.14004,
    "3": 0.13496,
    "4": 0.13505,
    "5": 0.13565,
    "6": 0.14535,
    "7": 0.14995,
    "8": 0.17755,
    "9": 0.15965,
    "10": 0.14439,
    "11": 0.18028,
    "12": 0.16715,
    "13": 0.14733,
    "14": 0.13071,
    "15": 0.07586,
    "16": 0.06782,
    "17": 0.09588,
    "18": 0.12771,
    "19": 0.215,
    "20": 0.2288,
    "21": 0.22942,
    "22": 0.22532,
    "23": 0.17291
  }
}