{
  "day": "2024-09-08",
  "data": {
    "0": 0.16526,
    "1": 0.16147,
    "2": 0.15923,
    "3": 0.15554,
    "4": 0.15383,
    "5": 0.15252,
    "6": 0.15503,
    "7": 0.1581,
    "8": 0.15495,
    "9": 0.12424,
    "10": 0.0393,
    "11": 0.02849,
    "12": 0.02795,
    "13": 0.02751,
    "14": 0.02737,
    "15": 0.02966,
    "16": 0.02984,
    "17": 0.03012,
    "18": 0.03236,
    "19": 0.12156,
    "20": 0.15146,
    "21": 0.1618,
    "22": 0.16191,
    "23": 0.15681
  }
}