{
  "day": "2024-09-10",
  "data": {
    "0": 0.14969,
    "1": 0.1438,
    "2": 0.14685,
    "3": 0.14798,
    "4": 0.14319,
    "5": 0.14293,
    "6": 0.1497,
    "7": 0.15032,
    "8": 0.17871,
    "9": 0.16305,
    "10": 0.12278,
    "11": 0.1348,
    "12": 0.11705,
    "13": 0.12205,
    "14": 0.10678,
    "15": 0.05286,
    "16": 0.05497,
    "17": 0.08345,
    "18": 0.1124,
    "19": 0.21636,
    "20": 0.22613,
    "21": 0.22897,
    "22": 0.2245,
    "23": 0.16828
  }
}