{
  "day": "2024-09-12",
  "data": {
    "0": 0.13943,
    "1": 0.14013,
    "2": 0.14075,
    "3": 0.13692,
    "4": 0.13727,
    "5": 0.13977,
    "6": 0.14194,
    "7": 0.15241,
    "8": 0.19568,
    "9": 0.17149,
    "10": 0.13829,
    "11": 0.15924,
    "12": 0.15032,
    "13": 0.11538,
    "14": 0.10461,
    "15": 0.05455,
    "16": 0.05459,
    "17": 0.05587,
    "18": 0.11404,
    "19": 0.20047,
    "20": 0.2166,
    "21": 0.21881,
    "22": 0.21368,
    "23": 0.15843
  }
}