{
  "day": "2024-09-14",
  "data": {
    "0": 0.09921,
    "1": 0.09905,
    "2": 0.09518,
    "3": 0.08946,
    "4": 0.09458,
    "5": 0.0945,
    "6": 0.09923,
    "7": 0.10906,
    "8": 0.11793,
    "9": 0.10569,
    "10": 0.04604,
    "11": 0.03388,
    "12": 0.03363,
    "13": 0.03451,
    "14": 0.03417,
    "15": 0.03409,
    "16": 0.03435,
    "17": 0.04834,
    "18": 0.10027,
    "19": 0.14128,
    "20": 0.14871,
    "21": 0.15565,
    "22": 0.13355,
    "23": 0.12757
  }
}