{
  "day": "2024-09-15",
  "data": {
    "0": 0.11502,
    "1": 0.11545,
    "2": 0.11226,
    "3": 0.11167,
    "4": 0.11215,
    "5": 0.11201,
    "6": 0.11087,
    "7": 0.11063,
    "8": 0.09361,
    "9": 0.05944,
    "10": 0.04257,
    "11": 0.0417,
    "12": 0.04237,
    "13": 0.042,
    "14": 0.04114,
    "15": 0.0417,
    "16": 0.04229,
    "17": 0.04297,
    "18": 0.04193,
    "19": 0.10024,
    "20": 0.11292,
    "21": 0.11184,
    "22": 0.10832,
    "23": 0.10329
  }
}