{
  "day": "2024-09-16",
  "data": {
    "0": 0.08555,
    "1": 0.06905,
    "2": 0.07241,
    "3": 0.06508,
    "4": 0.05932,
    "5": 0.06499,
    "6": 0.0962,
    "7": 0.11057,
    "8": 0.13891,
    "9": 0.1207,
    "10": 0.07309,
    "11": 0.12096,
    "12": 0.12082,
    "13": 0.12034,
    "14": 0.12064,
    "15": 0.07109,
    "16": 0.06958,
    "17": 0.0696,
    "18": 0.1038,
    "19": 0.18946,
    "20": 0.2165,
    "21": 0.21288,
    "22": 0.18641,
    "23": 0.12149
  }
}