{
  "day": "2024-09-18",
  "data": {
    "0": 0.1,
    "1": 0.11374,
    "2": 0.11481,
    "3": 0.11497,
    "4": 0.11624,
    "5": 0.1202,
    "6": 0.13266,
    "7": 0.14818,
    "8": 0.19822,
    "9": 0.17612,
    "10": 0.14538,
    "11": 0.17038,
    "12": 0.16149,
    "13": 0.161,
    "14": 0.15849,
    "15": 0.10775,
    "16": 0.11323,
    "17": 0.14382,
    "18": 0.14657,
    "19": 0.22941,
    "20": 0.25507,
    "21": 0.26053,
    "22": 0.22031,
    "23": 0.16662
  }
}