{
  "day": "2024-09-20",
  "data": {
    "0": 0.14161,
    "1": 0.13581,
    "2": 0.13222,
    "3": 0.13196,
    "4": 0.13431,
    "5": 0.13563,
    "6": 0.13861,
    "7": 0.15207,
    "8": 0.17924,
    "9": 0.16462,
    "10": 0.16564,
    "11": 0.20555,
    "12": 0.18316,
    "13": 0.17726,
    "14": 0.17391,
    "15": 0.11918,
    "16": 0.12408,
    "17": 0.13723,
    "18": 0.1608,
    "19": 0.21461,
    "20": 0.25276,
    "21": 0.25371,
    "22": 0.22928,
    "23": 0.1718
  }
}