{
  "day": "2024-09-21",
  "data": {
    "0": 0.13808,
    "1": 0.13498,
    "2": 0.13484,
    "3": 0.1388,
    "4": 0.13646,
    "5": 0.13821,
    "6": 0.13238,
    "7": 0.13148,
    "8": 0.13876,
    "9": 0.13566,
    "10": 0.12682,
    "11": 0.10211,
    "12": 0.09279,
    "13": 0.07625,
    "14": 0.05361,
    "15": 0.02286,
    "16": 0.04291,
    "17": 0.07962,
    "18": 0.11065,
    "19": 0.15151,
    "20": 0.1531,
    "21": 0.17312,
    "22": 0.15249,
    "23": 0.15281
  }
}