{
  "day": "2024-09-24",
  "data": {
    "0": 0.12544,
    "1": 0.12631,
    "2": 0.12881,
    "3": 0.12748,
    "4": 0.12753,
    "5": 0.12741,
    "6": 0.13896,
    "7": 0.15007,
    "8": 0.203,
    "9": 0.17748,
    "10": 0.1522,
    "11": 0.182,
    "12": 0.16507,
    "13": 0.1589,
    "14": 0.15697,
    "15": 0.10977,
    "16": 0.11145,
    "17": 0.13961,
    "18": 0.14116,
    "19": 0.23541,
    "20": 0.24953,
    "21": 0.24851,
    "22": 0.22181,
    "23": 0.16142
  }
}