{
  "day": "2024-09-25",
  "data": {
    "0": 0.13665,
    "1": 0.12213,
    "2": 0.12012,
    "3": 0.12065,
    "4": 0.10857,
    "5": 0.1078,
    "6": 0.10441,
    "7": 0.12583,
    "8": 0.16307,
    "9": 0.14152,
    "10": 0.1283,
    "11": 0.16577,
    "12": 0.15208,
    "13": 0.14488,
    "14": 0.15007,
    "15": 0.07642,
    "16": 0.0757,
    "17": 0.09818,
    "18": 0.11272,
    "19": 0.18191,
    "20": 0.19247,
    "21": 0.19169,
    "22": 0.17624,
    "23": 0.10905
  }
}