{
  "day": "2023-02-01",
  "data": {
    "0": 0.17975,
    "1": 0.16805,
    "2": 0.14376,
    "3": 0.15071,
    "4": 0.15762,
    "5": 0.14468,
    "6": 0.15749,
    "7": 0.17966,
    "8": 0.25351,
    "9": 0.213,
    "10": 0.23889,
    "11": 0.20552,
    "12": 0.2142,
    "13": 0.20917,
    "14": 0.15812,
    "15": 0.15696,
    "16": 0.1628,
    "17": 0.20093,
    "18": 0.27449,
    "19": 0.31354,
    "20": 0.29709,
    "21": 0.28086,
    "22": 0.21622,
    "23": 0.19925
  }
}