{
  "day": "2023-02-02",
  "data": {
    "0": 0.16221,
    "1": 0.16726,
    "2": 0.164,
    "3": 0.16489,
    "4": 0.16044,
    "5": 0.17447,
    "6": 0.17788,
    "7": 0.195,
    "8": 0.25521,
    "9": 0.21927,
    "10": 0.24697,
    "11": 0.23441,
    "12": 0.23348,
    "13": 0.23278,
    "14": 0.18742,
    "15": 0.18831,
    "16": 0.1941,
    "17": 0.2104,
    "18": 0.28628,
    "19": 0.29581,
    "20": 0.28331,
    "21": 0.27122,
    "22": 0.21446,
    "23": 0.20388
  }
}