{
  "day": "2023-02-04",
  "data": {
    "0": 0.20876,
    "1": 0.20196,
    "2": 0.18737,
    "3": 0.17923,
    "4": 0.17971,
    "5": 0.18041,
    "6": 0.17701,
    "7": 0.1784,
    "8": 0.18093,
    "9": 0.16968,
    "10": 0.16012,
    "11": 0.15481,
    "12": 0.13548,
    "13": 0.12988,
    "14": 0.12369,
    "15": 0.12181,
    "16": 0.12478,
    "17": 0.16118,
    "18": 0.17326,
    "19": 0.19269,
    "20": 0.19409,
    "21": 0.19045,
    "22": 0.17571,
    "23": 0.17052
  }
}