{
  "day": "2023-02-08",
  "data": {
    "0": 0.18505,
    "1": 0.15903,
    "2": 0.15384,
    "3": 0.15163,
    "4": 0.15257,
    "5": 0.15262,
    "6": 0.16454,
    "7": 0.17524,
    "8": 0.21869,
    "9": 0.21532,
    "10": 0.24786,
    "11": 0.24923,
    "12": 0.25082,
    "13": 0.24535,
    "14": 0.20044,
    "15": 0.21059,
    "16": 0.21628,
    "17": 0.20745,
    "18": 0.2634,
    "19": 0.28059,
    "20": 0.28451,
    "21": 0.2807,
    "22": 0.22251,
    "23": 0.22158
  }
}