{
  "day": "2023-02-15",
  "data": {
    "0": 0.17374,
    "1": 0.17036,
    "2": 0.1711,
    "3": 0.17233,
    "4": 0.17314,
    "5": 0.18309,
    "6": 0.19314,
    "7": 0.19989,
    "8": 0.23404,
    "9": 0.23007,
    "10": 0.2643,
    "11": 0.2501,
    "12": 0.23161,
    "13": 0.22659,
    "14": 0.1838,
    "15": 0.1901,
    "16": 0.21064,
    "17": 0.22773,
    "18": 0.28699,
    "19": 0.29057,
    "20": 0.28442,
    "21": 0.27861,
    "22": 0.22059,
    "23": 0.21152
  }
}