{
  "day": "2023-02-17",
  "data": {
    "0": 0.16245,
    "1": 0.15747,
    "2": 0.15753,
    "3": 0.15665,
    "4": 0.15494,
    "5": 0.15598,
    "6": 0.15849,
    "7": 0.19555,
    "8": 0.22631,
    "9": 0.21722,
    "10": 0.25985,
    "11": 0.24502,
    "12": 0.2305,
    "13": 0.2228,
    "14": 0.17773,
    "15": 0.17932,
    "16": 0.18293,
    "17": 0.21035,
    "18": 0.26626,
    "19": 0.27836,
    "20": 0.27607,
    "21": 0.26818,
    "22": 0.22018,
    "23": 0.22231
  }
}