{
  "day": "2023-02-18",
  "data": {
    "0": 0.19473,
    "1": 0.18251,
    "2": 0.17995,
    "3": 0.16097,
    "4": 0.16138,
    "5": 0.16058,
    "6": 0.16151,
    "7": 0.16313,
    "8": 0.17336,
    "9": 0.16926,
    "10": 0.16787,
    "11": 0.15213,
    "12": 0.15056,
    "13": 0.15039,
    "14": 0.14858,
    "15": 0.14899,
    "16": 0.15211,
    "17": 0.17252,
    "18": 0.19087,
    "19": 0.19739,
    "20": 0.20115,
    "21": 0.19837,
    "22": 0.19379,
    "23": 0.1905
  }
}