{
  "day": "2023-02-22",
  "data": {
    "0": 0.18847,
    "1": 0.17541,
    "2": 0.17327,
    "3": 0.17588,
    "4": 0.17619,
    "5": 0.18191,
    "6": 0.20374,
    "7": 0.20767,
    "8": 0.23459,
    "9": 0.23092,
    "10": 0.26809,
    "11": 0.26264,
    "12": 0.25938,
    "13": 0.24142,
    "14": 0.19852,
    "15": 0.1848,
    "16": 0.19405,
    "17": 0.21545,
    "18": 0.26819,
    "19": 0.28075,
    "20": 0.27878,
    "21": 0.26973,
    "22": 0.22392,
    "23": 0.20424
  }
}