{
  "day": "2023-02-26",
  "data": {
    "0": 0.18605,
    "1": 0.18278,
    "2": 0.17501,
    "3": 0.1662,
    "4": 0.16278,
    "5": 0.16154,
    "6": 0.16131,
    "7": 0.15979,
    "8": 0.15282,
    "9": 0.13335,
    "10": 0.05528,
    "11": 0.04229,
    "12": 0.03844,
    "13": 0.03802,
    "14": 0.03414,
    "15": 0.02315,
    "16": 0.02867,
    "17": 0.04589,
    "18": 0.1317,
    "19": 0.14685,
    "20": 0.17838,
    "21": 0.17936,
    "22": 0.15701,
    "23": 0.14721
  }
}