{
  "day": "2023-02-28",
  "data": {
    "0": 0.18542,
    "1": 0.18624,
    "2": 0.16161,
    "3": 0.16229,
    "4": 0.162,
    "5": 0.16373,
    "6": 0.19475,
    "7": 0.20057,
    "8": 0.22732,
    "9": 0.21921,
    "10": 0.24822,
    "11": 0.22007,
    "12": 0.2181,
    "13": 0.21767,
    "14": 0.17027,
    "15": 0.17142,
    "16": 0.17484,
    "17": 0.20208,
    "18": 0.26908,
    "19": 0.28919,
    "20": 0.29754,
    "21": 0.28561,
    "22": 0.23323,
    "23": 0.22512
  }
}