{
  "day": "2024-08-05",
  "data": {
    "0": 0.15223,
    "1": 0.14796,
    "2": 0.14524,
    "3": 0.14791,
    "4": 0.1476,
    "5": 0.14902,
    "6": 0.15317,
    "7": 0.15798,
    "8": 0.17645,
    "9": 0.16946,
    "10": 0.16913,
    "11": 0.188,
    "12": 0.18164,
    "13": 0.18099,
    "14": 0.18046,
    "15": 0.13019,
    "16": 0.12959,
    "17": 0.13109,
    "18": 0.13904,
    "19": 0.22314,
    "20": 0.23788,
    "21": 0.26168,
    "22": 0.25096,
    "23": 0.18544
  }
}