{
  "day": "2024-08-07",
  "data": {
    "0": 0.13816,
    "1": 0.13846,
    "2": 0.13891,
    "3": 0.1389,
    "4": 0.12572,
    "5": 0.13321,
    "6": 0.13633,
    "7": 0.14581,
    "8": 0.16185,
    "9": 0.14304,
    "10": 0.1332,
    "11": 0.18212,
    "12": 0.18379,
    "13": 0.18453,
    "14": 0.18546,
    "15": 0.13177,
    "16": 0.1321,
    "17": 0.13505,
    "18": 0.1396,
    "19": 0.19602,
    "20": 0.22624,
    "21": 0.24089,
    "22": 0.23507,
    "23": 0.1775
  }
}