{
  "day": "2024-08-08",
  "data": {
    "0": 0.13808,
    "1": 0.13327,
    "2": 0.12778,
    "3": 0.13237,
    "4": 0.1319,
    "5": 0.1307,
    "6": 0.1368,
    "7": 0.14492,
    "8": 0.1615,
    "9": 0.16322,
    "10": 0.1427,
    "11": 0.18498,
    "12": 0.18456,
    "13": 0.18429,
    "14": 0.18486,
    "15": 0.13353,
    "16": 0.13381,
    "17": 0.13987,
    "18": 0.1515,
    "19": 0.2158,
    "20": 0.22117,
    "21": 0.25133,
    "22": 0.23705,
    "23": 0.17014
  }
}