{
  "day": "2024-08-09",
  "data": {
    "0": 0.14935,
    "1": 0.14821,
    "2": 0.14267,
    "3": 0.14882,
    "4": 0.14299,
    "5": 0.14058,
    "6": 0.14801,
    "7": 0.14981,
    "8": 0.17161,
    "9": 0.16553,
    "10": 0.13875,
    "11": 0.18303,
    "12": 0.18291,
    "13": 0.18295,
    "14": 0.1828,
    "15": 0.13017,
    "16": 0.13072,
    "17": 0.13264,
    "18": 0.13538,
    "19": 0.20316,
    "20": 0.22078,
    "21": 0.23941,
    "22": 0.23245,
    "23": 0.1722
  }
}