{
  "day": "2024-08-11",
  "data": {
    "0": 0.16226,
    "1": 0.1583,
    "2": 0.14487,
    "3": 0.15218,
    "4": 0.15075,
    "5": 0.15232,
    "6": 0.15821,
    "7": 0.15574,
    "8": 0.14453,
    "9": 0.08881,
    "10": 0.02705,
    "11": 0.02592,
    "12": 0.0251,
    "13": 0.02467,
    "14": 0.02469,
    "15": 0.02468,
    "16": 0.02694,
    "17": 0.03168,
    "18": 0.06927,
    "19": 0.12158,
    "20": 0.16338,
    "21": 0.17584,
    "22": 0.18489,
    "23": 0.16975
  }
}