{
  "day": "2024-08-12",
  "data": {
    "0": 0.14635,
    "1": 0.13737,
    "2": 0.13417,
    "3": 0.14144,
    "4": 0.14129,
    "5": 0.15114,
    "6": 0.15241,
    "7": 0.16035,
    "8": 0.17465,
    "9": 0.16937,
    "10": 0.15334,
    "11": 0.18454,
    "12": 0.18284,
    "13": 0.18188,
    "14": 0.1826,
    "15": 0.13142,
    "16": 0.12972,
    "17": 0.13323,
    "18": 0.14461,
    "19": 0.22113,
    "20": 0.23084,
    "21": 0.24853,
    "22": 0.24178,
    "23": 0.18357
  }
}