{
  "day": "2024-08-13",
  "data": {
    "0": 0.14586,
    "1": 0.14503,
    "2": 0.13965,
    "3": 0.14559,
    "4": 0.14273,
    "5": 0.13847,
    "6": 0.14599,
    "7": 0.1564,
    "8": 0.17218,
    "9": 0.15741,
    "10": 0.16295,
    "11": 0.19813,
    "12": 0.1918,
    "13": 0.18909,
    "14": 0.18612,
    "15": 0.13119,
    "16": 0.12976,
    "17": 0.13571,
    "18": 0.15063,
    "19": 0.20412,
    "20": 0.22406,
    "21": 0.24012,
    "22": 0.24039,
    "23": 0.18055
  }
}