{
  "day": "2024-08-14",
  "data": {
    "0": 0.14883,
    "1": 0.14227,
    "2": 0.13819,
    "3": 0.1391,
    "4": 0.12853,
    "5": 0.12901,
    "6": 0.13449,
    "7": 0.14717,
    "8": 0.16937,
    "9": 0.15047,
    "10": 0.13599,
    "11": 0.17273,
    "12": 0.17214,
    "13": 0.17233,
    "14": 0.17238,
    "15": 0.12019,
    "16": 0.11688,
    "17": 0.12154,
    "18": 0.12941,
    "19": 0.20078,
    "20": 0.22497,
    "21": 0.23159,
    "22": 0.22675,
    "23": 0.1611
  }
}