{
  "day": "2024-08-15",
  "data": {
    "0": 0.1267,
    "1": 0.11491,
    "2": 0.11787,
    "3": 0.11331,
    "4": 0.11391,
    "5": 0.11391,
    "6": 0.11183,
    "7": 0.11193,
    "8": 0.1101,
    "9": 0.04598,
    "10": 0.03368,
    "11": 0.03763,
    "12": 0.03719,
    "13": 0.0366,
    "14": 0.03632,
    "15": 0.03665,
    "16": 0.03693,
    "17": 0.03917,
    "18": 0.05447,
    "19": 0.11257,
    "20": 0.15939,
    "21": 0.17814,
    "22": 0.16832,
    "23": 0.15491
  }
}