{
  "day": "2024-08-18",
  "data": {
    "0": 0.17122,
    "1": 0.16216,
    "2": 0.1551,
    "3": 0.14357,
    "4": 0.13622,
    "5": 0.13292,
    "6": 0.12801,
    "7": 0.1247,
    "8": 0.11535,
    "9": 0.08792,
    "10": 0.03606,
    "11": 0.03447,
    "12": 0.03402,
    "13": 0.03338,
    "14": 0.03294,
    "15": 0.03313,
    "16": 0.03331,
    "17": 0.03332,
    "18": 0.03665,
    "19": 0.10826,
    "20": 0.13962,
    "21": 0.16279,
    "22": 0.16437,
    "23": 0.15297
  }
}