{
  "day": "2024-08-20",
  "data": {
    "0": 0.1542,
    "1": 0.14768,
    "2": 0.15468,
    "3": 0.15008,
    "4": 0.14752,
    "5": 0.14603,
    "6": 0.15441,
    "7": 0.15935,
    "8": 0.1924,
    "9": 0.1553,
    "10": 0.12318,
    "11": 0.16198,
    "12": 0.16266,
    "13": 0.16393,
    "14": 0.16062,
    "15": 0.10977,
    "16": 0.10545,
    "17": 0.11065,
    "18": 0.11645,
    "19": 0.20378,
    "20": 0.22574,
    "21": 0.23621,
    "22": 0.22887,
    "23": 0.16679
  }
}