{
  "day": "2024-08-23",
  "data": {
    "0": 0.14565,
    "1": 0.14304,
    "2": 0.13809,
    "3": 0.14605,
    "4": 0.14586,
    "5": 0.14456,
    "6": 0.14591,
    "7": 0.15458,
    "8": 0.17236,
    "9": 0.17358,
    "10": 0.16178,
    "11": 0.18286,
    "12": 0.18228,
    "13": 0.18258,
    "14": 0.18229,
    "15": 0.12663,
    "16": 0.1272,
    "17": 0.13279,
    "18": 0.16069,
    "19": 0.22419,
    "20": 0.23408,
    "21": 0.25344,
    "22": 0.23698,
    "23": 0.17913
  }
}