{
  "day": "2024-08-26",
  "data": {
    "0": 0.13266,
    "1": 0.12025,
    "2": 0.10995,
    "3": 0.10943,
    "4": 0.10977,
    "5": 0.11038,
    "6": 0.13916,
    "7": 0.154,
    "8": 0.18281,
    "9": 0.13849,
    "10": 0.11736,
    "11": 0.16381,
    "12": 0.16562,
    "13": 0.1754,
    "14": 0.17662,
    "15": 0.1257,
    "16": 0.12528,
    "17": 0.13863,
    "18": 0.16855,
    "19": 0.22764,
    "20": 0.23985,
    "21": 0.27743,
    "22": 0.24336,
    "23": 0.18774
  }
}