{
  "day": "2024-08-28",
  "data": {
    "0": 0.15337,
    "1": 0.14944,
    "2": 0.14756,
    "3": 0.14781,
    "4": 0.1476,
    "5": 0.14726,
    "6": 0.14571,
    "7": 0.15354,
    "8": 0.17382,
    "9": 0.17088,
    "10": 0.15997,
    "11": 0.18355,
    "12": 0.17961,
    "13": 0.17909,
    "14": 0.17613,
    "15": 0.12246,
    "16": 0.13149,
    "17": 0.14579,
    "18": 0.16322,
    "19": 0.22802,
    "20": 0.23328,
    "21": 0.24928,
    "22": 0.22963,
    "23": 0.17027
  }
}