{
  "day": "2024-08-29",
  "data": {
    "0": 0.15045,
    "1": 0.14418,
    "2": 0.14215,
    "3": 0.14297,
    "4": 0.14321,
    "5": 0.14384,
    "6": 0.14955,
    "7": 0.15405,
    "8": 0.18019,
    "9": 0.16839,
    "10": 0.16069,
    "11": 0.21253,
    "12": 0.20523,
    "13": 0.20865,
    "14": 0.21622,
    "15": 0.16238,
    "16": 0.16313,
    "17": 0.15764,
    "18": 0.16981,
    "19": 0.2293,
    "20": 0.23613,
    "21": 0.24219,
    "22": 0.23189,
    "23": 0.17716
  }
}