{
  "day": "2024-08-30",
  "data": {
    "0": 0.14914,
    "1": 0.14758,
    "2": 0.13707,
    "3": 0.14758,
    "4": 0.14631,
    "5": 0.14225,
    "6": 0.15034,
    "7": 0.15631,
    "8": 0.17816,
    "9": 0.17729,
    "10": 0.16911,
    "11": 0.19862,
    "12": 0.1909,
    "13": 0.19061,
    "14": 0.19062,
    "15": 0.13983,
    "16": 0.14029,
    "17": 0.15578,
    "18": 0.17267,
    "19": 0.22788,
    "20": 0.23913,
    "21": 0.24816,
    "22": 0.2396,
    "23": 0.18556
  }
}