{
  "day": "2024-08-31",
  "data": {
    "0": 0.15842,
    "1": 0.15478,
    "2": 0.15043,
    "3": 0.1473,
    "4": 0.14725,
    "5": 0.15265,
    "6": 0.15442,
    "7": 0.15373,
    "8": 0.16681,
    "9": 0.15821,
    "10": 0.14469,
    "11": 0.11137,
    "12": 0.10612,
    "13": 0.10914,
    "14": 0.10871,
    "15": 0.10558,
    "16": 0.10957,
    "17": 0.12442,
    "18": 0.14775,
    "19": 0.15648,
    "20": 0.16835,
    "21": 0.1929,
    "22": 0.1826,
    "23": 0.17049
  }
}