{
  "day": "2025-08-02",
  "data": {
    "0": 0.15549,
    "1": 0.1345,
    "2": 0.12297,
    "3": 0.10364,
    "4": 0.0973,
    "5": 0.09839,
    "6": 0.10503,
    "7": 0.11032,
    "8": 0.09195,
    "9": 0.06233,
    "10": 0.05883,
    "11": 0.05758,
    "12": 0.05705,
    "13": 0.05603,
    "14": 0.05537,
    "15": 0.05615,
    "16": 0.05661,
    "17": 0.05766,
    "18": 0.06064,
    "19": 0.06883,
    "20": 0.13067,
    "21": 0.1602,
    "22": 0.16079,
    "23": 0.13806
  }
}