{
  "day": "2025-08-05",
  "data": {
    "0": 0.18858,
    "1": 0.15577,
    "2": 0.14344,
    "3": 0.13988,
    "4": 0.13882,
    "5": 0.13485,
    "6": 0.14723,
    "7": 0.15501,
    "8": 0.15269,
    "9": 0.09348,
    "10": 0.06115,
    "11": 0.12263,
    "12": 0.1213,
    "13": 0.11892,
    "14": 0.11909,
    "15": 0.05385,
    "16": 0.05465,
    "17": 0.0536,
    "18": 0.05878,
    "19": 0.17736,
    "20": 0.21978,
    "21": 0.24159,
    "22": 0.2384,
    "23": 0.15845
  }
}