{
  "day": "2025-08-09",
  "data": {
    "0": 0.14793,
    "1": 0.14867,
    "2": 0.14949,
    "3": 0.14671,
    "4": 0.14624,
    "5": 0.14604,
    "6": 0.15139,
    "7": 0.15813,
    "8": 0.14559,
    "9": 0.08461,
    "10": 0.03456,
    "11": 0.03426,
    "12": 0.034,
    "13": 0.03296,
    "14": 0.03286,
    "15": 0.03337,
    "16": 0.03329,
    "17": 0.03787,
    "18": 0.06841,
    "19": 0.10993,
    "20": 0.13417,
    "21": 0.14493,
    "22": 0.14186,
    "23": 0.14077
  }
}