{
  "day": "2025-08-13",
  "data": {
    "0": 0.13636,
    "1": 0.13749,
    "2": 0.13699,
    "3": 0.12923,
    "4": 0.12767,
    "5": 0.12721,
    "6": 0.12961,
    "7": 0.14902,
    "8": 0.16865,
    "9": 0.14475,
    "10": 0.13968,
    "11": 0.18731,
    "12": 0.17846,
    "13": 0.17202,
    "14": 0.17564,
    "15": 0.11767,
    "16": 0.13161,
    "17": 0.14255,
    "18": 0.15836,
    "19": 0.22645,
    "20": 0.2802,
    "21": 0.27556,
    "22": 0.24253,
    "23": 0.15908
  }
}