{
  "day": "2025-08-14",
  "data": {
    "0": 0.15784,
    "1": 0.14433,
    "2": 0.13862,
    "3": 0.12993,
    "4": 0.12623,
    "5": 0.12479,
    "6": 0.13413,
    "7": 0.1411,
    "8": 0.15211,
    "9": 0.14295,
    "10": 0.12522,
    "11": 0.18724,
    "12": 0.17233,
    "13": 0.15592,
    "14": 0.17,
    "15": 0.12169,
    "16": 0.12379,
    "17": 0.13243,
    "18": 0.15525,
    "19": 0.23274,
    "20": 0.2601,
    "21": 0.27343,
    "22": 0.24696,
    "23": 0.16651
  }
}