{
  "day": "2025-08-15",
  "data": {
    "0": 0.16237,
    "1": 0.14807,
    "2": 0.1436,
    "3": 0.13587,
    "4": 0.13399,
    "5": 0.1311,
    "6": 0.13834,
    "7": 0.14747,
    "8": 0.12279,
    "9": 0.08134,
    "10": 0.03788,
    "11": 0.03274,
    "12": 0.02895,
    "13": 0.02801,
    "14": 0.0276,
    "15": 0.02993,
    "16": 0.05498,
    "17": 0.06306,
    "18": 0.09752,
    "19": 0.14545,
    "20": 0.15508,
    "21": 0.19209,
    "22": 0.18945,
    "23": 0.16164
  }
}