{
  "day": "2025-08-16",
  "data": {
    "0": 0.15646,
    "1": 0.15218,
    "2": 0.14731,
    "3": 0.14199,
    "4": 0.14006,
    "5": 0.14138,
    "6": 0.14441,
    "7": 0.15112,
    "8": 0.14326,
    "9": 0.10054,
    "10": 0.05479,
    "11": 0.02739,
    "12": 0.02352,
    "13": 0.02341,
    "14": 0.02279,
    "15": 0.02315,
    "16": 0.0261,
    "17": 0.04752,
    "18": 0.10304,
    "19": 0.13949,
    "20": 0.14774,
    "21": 0.18776,
    "22": 0.18022,
    "23": 0.15898
  }
}