{
  "day": "2025-08-17",
  "data": {
    "0": 0.15914,
    "1": 0.15372,
    "2": 0.14637,
    "3": 0.1447,
    "4": 0.14454,
    "5": 0.1448,
    "6": 0.14362,
    "7": 0.14086,
    "8": 0.15028,
    "9": 0.06734,
    "10": 0.04284,
    "11": 0.03241,
    "12": 0.03153,
    "13": 0.03048,
    "14": 0.03006,
    "15": 0.02999,
    "16": 0.03531,
    "17": 0.04776,
    "18": 0.0893,
    "19": 0.13766,
    "20": 0.15167,
    "21": 0.16695,
    "22": 0.1743,
    "23": 0.1589
  }
}