{
  "day": "2025-08-18",
  "data": {
    "0": 0.13708,
    "1": 0.13337,
    "2": 0.13221,
    "3": 0.13049,
    "4": 0.12648,
    "5": 0.12802,
    "6": 0.13437,
    "7": 0.13707,
    "8": 0.15949,
    "9": 0.15683,
    "10": 0.14648,
    "11": 0.19023,
    "12": 0.18365,
    "13": 0.18085,
    "14": 0.17988,
    "15": 0.10615,
    "16": 0.116,
    "17": 0.13489,
    "18": 0.15835,
    "19": 0.23322,
    "20": 0.23951,
    "21": 0.24216,
    "22": 0.23572,
    "23": 0.16257
  }
}