{
  "day": "2025-08-22",
  "data": {
    "0": 0.13029,
    "1": 0.12675,
    "2": 0.124,
    "3": 0.11563,
    "4": 0.12144,
    "5": 0.12059,
    "6": 0.12466,
    "7": 0.13208,
    "8": 0.15331,
    "9": 0.12472,
    "10": 0.08562,
    "11": 0.14043,
    "12": 0.14196,
    "13": 0.14222,
    "14": 0.13926,
    "15": 0.07369,
    "16": 0.07528,
    "17": 0.09017,
    "18": 0.10757,
    "19": 0.22448,
    "20": 0.24625,
    "21": 0.24209,
    "22": 0.24064,
    "23": 0.16797
  }
}