{
  "day": "2025-08-25",
  "data": {
    "0": 0.1405,
    "1": 0.1366,
    "2": 0.13439,
    "3": 0.13098,
    "4": 0.12847,
    "5": 0.1336,
    "6": 0.1408,
    "7": 0.15057,
    "8": 0.17369,
    "9": 0.16459,
    "10": 0.14254,
    "11": 0.18042,
    "12": 0.16931,
    "13": 0.14394,
    "14": 0.13347,
    "15": 0.06871,
    "16": 0.10394,
    "17": 0.12012,
    "18": 0.15318,
    "19": 0.23585,
    "20": 0.24818,
    "21": 0.26588,
    "22": 0.24646,
    "23": 0.17309
  }
}