{
  "day": "2025-08-26",
  "data": {
    "0": 0.14222,
    "1": 0.13906,
    "2": 0.13811,
    "3": 0.13264,
    "4": 0.13333,
    "5": 0.13351,
    "6": 0.14402,
    "7": 0.1656,
    "8": 0.17566,
    "9": 0.158,
    "10": 0.12262,
    "11": 0.17766,
    "12": 0.15594,
    "13": 0.13644,
    "14": 0.15034,
    "15": 0.09961,
    "16": 0.11194,
    "17": 0.11811,
    "18": 0.13438,
    "19": 0.22724,
    "20": 0.24182,
    "21": 0.24793,
    "22": 0.23799,
    "23": 0.1671
  }
}