{
  "day": "2025-08-29",
  "data": {
    "0": 0.13835,
    "1": 0.13517,
    "2": 0.12968,
    "3": 0.11399,
    "4": 0.1093,
    "5": 0.10946,
    "6": 0.14019,
    "7": 0.14209,
    "8": 0.15538,
    "9": 0.11869,
    "10": 0.07487,
    "11": 0.14002,
    "12": 0.13968,
    "13": 0.13613,
    "14": 0.13621,
    "15": 0.07181,
    "16": 0.07196,
    "17": 0.07179,
    "18": 0.07476,
    "19": 0.20001,
    "20": 0.22734,
    "21": 0.24207,
    "22": 0.23802,
    "23": 0.16393
  }
}