{
  "day": "2025-08-30",
  "data": {
    "0": 0.1411,
    "1": 0.13781,
    "2": 0.13966,
    "3": 0.13215,
    "4": 0.1319,
    "5": 0.13158,
    "6": 0.1344,
    "7": 0.15257,
    "8": 0.18218,
    "9": 0.08265,
    "10": 0.05524,
    "11": 0.04366,
    "12": 0.04276,
    "13": 0.04246,
    "14": 0.04222,
    "15": 0.04536,
    "16": 0.04559,
    "17": 0.04592,
    "18": 0.0562,
    "19": 0.11136,
    "20": 0.13786,
    "21": 0.15917,
    "22": 0.15313,
    "23": 0.14777
  }
}