{
  "day": "2024-01-02",
  "data": {
    "0": 0.09146,
    "1": 0.07688,
    "2": 0.0563,
    "3": 0.06842,
    "4": 0.06393,
    "5": 0.06719,
    "6": 0.08971,
    "7": 0.09324,
    "8": 0.12591,
    "9": 0.12236,
    "10": 0.11608,
    "11": 0.16885,
    "12": 0.16032,
    "13": 0.15766,
    "14": 0.15843,
    "15": 0.10614,
    "16": 0.10995,
    "17": 0.12286,
    "18": 0.12776,
    "19": 0.18355,
    "20": 0.17835,
    "21": 0.17351,
    "22": 0.16594,
    "23": 0.10655
  }
}