{
  "day": "2024-01-03",
  "data": {
    "0": 0.04314,
    "1": 0.03937,
    "2": 0.04027,
    "3": 0.03927,
    "4": 0.03972,
    "5": 0.0383,
    "6": 0.04071,
    "7": 0.08847,
    "8": 0.12954,
    "9": 0.13479,
    "10": 0.13021,
    "11": 0.17219,
    "12": 0.16962,
    "13": 0.16946,
    "14": 0.17664,
    "15": 0.13338,
    "16": 0.13556,
    "17": 0.16046,
    "18": 0.16585,
    "19": 0.22924,
    "20": 0.24035,
    "21": 0.24178,
    "22": 0.21943,
    "23": 0.15673
  }
}