{
  "day": "2024-01-04",
  "data": {
    "0": 0.13392,
    "1": 0.13254,
    "2": 0.1287,
    "3": 0.11584,
    "4": 0.11204,
    "5": 0.11153,
    "6": 0.13104,
    "7": 0.13345,
    "8": 0.15858,
    "9": 0.1618,
    "10": 0.15832,
    "11": 0.20328,
    "12": 0.20195,
    "13": 0.19708,
    "14": 0.2047,
    "15": 0.16232,
    "16": 0.16429,
    "17": 0.16631,
    "18": 0.16608,
    "19": 0.21931,
    "20": 0.22177,
    "21": 0.21955,
    "22": 0.21653,
    "23": 0.15912
  }
}