{
  "day": "2024-01-07",
  "data": {
    "0": 0.13461,
    "1": 0.13078,
    "2": 0.1295,
    "3": 0.12699,
    "4": 0.12579,
    "5": 0.12568,
    "6": 0.12793,
    "7": 0.12826,
    "8": 0.1314,
    "9": 0.13447,
    "10": 0.10036,
    "11": 0.09225,
    "12": 0.08561,
    "13": 0.0868,
    "14": 0.08464,
    "15": 0.08126,
    "16": 0.10059,
    "17": 0.13591,
    "18": 0.14984,
    "19": 0.14819,
    "20": 0.14291,
    "21": 0.13823,
    "22": 0.13379,
    "23": 0.12628
  }
}