{
  "day": "2024-01-08",
  "data": {
    "0": 0.13053,
    "1": 0.12824,
    "2": 0.12622,
    "3": 0.12332,
    "4": 0.12281,
    "5": 0.12614,
    "6": 0.13754,
    "7": 0.15244,
    "8": 0.18499,
    "9": 0.17914,
    "10": 0.17031,
    "11": 0.21172,
    "12": 0.20253,
    "13": 0.20075,
    "14": 0.209,
    "15": 0.16875,
    "16": 0.17766,
    "17": 0.18917,
    "18": 0.19406,
    "19": 0.24537,
    "20": 0.24946,
    "21": 0.24505,
    "22": 0.23025,
    "23": 0.17132
  }
}