{
  "day": "2024-01-09",
  "data": {
    "0": 0.13573,
    "1": 0.13838,
    "2": 0.13724,
    "3": 0.13685,
    "4": 0.13499,
    "5": 0.13502,
    "6": 0.14078,
    "7": 0.14416,
    "8": 0.18568,
    "9": 0.18192,
    "10": 0.16786,
    "11": 0.2147,
    "12": 0.21366,
    "13": 0.21279,
    "14": 0.21391,
    "15": 0.17385,
    "16": 0.18615,
    "17": 0.20304,
    "18": 0.20211,
    "19": 0.25527,
    "20": 0.26636,
    "21": 0.2449,
    "22": 0.22344,
    "23": 0.1662
  }
}