{
  "day": "2024-01-11",
  "data": {
    "0": 0.12937,
    "1": 0.12381,
    "2": 0.11994,
    "3": 0.11664,
    "4": 0.11614,
    "5": 0.11736,
    "6": 0.1233,
    "7": 0.14006,
    "8": 0.17836,
    "9": 0.17271,
    "10": 0.15656,
    "11": 0.19319,
    "12": 0.19054,
    "13": 0.18824,
    "14": 0.18938,
    "15": 0.14171,
    "16": 0.1582,
    "17": 0.1849,
    "18": 0.19639,
    "19": 0.25123,
    "20": 0.23402,
    "21": 0.22251,
    "22": 0.21334,
    "23": 0.15363
  }
}