{
  "day": "2024-01-13",
  "data": {
    "0": 0.13436,
    "1": 0.13324,
    "2": 0.12866,
    "3": 0.12603,
    "4": 0.12225,
    "5": 0.12226,
    "6": 0.12465,
    "7": 0.12906,
    "8": 0.13434,
    "9": 0.13564,
    "10": 0.12915,
    "11": 0.11962,
    "12": 0.10892,
    "13": 0.10626,
    "14": 0.10957,
    "15": 0.1197,
    "16": 0.13145,
    "17": 0.14099,
    "18": 0.15067,
    "19": 0.14556,
    "20": 0.14166,
    "21": 0.13975,
    "22": 0.13517,
    "23": 0.13379
  }
}