{
  "day": "2024-01-16",
  "data": {
    "0": 0.12885,
    "1": 0.1267,
    "2": 0.1234,
    "3": 0.12097,
    "4": 0.12077,
    "5": 0.12242,
    "6": 0.1302,
    "7": 0.14041,
    "8": 0.195,
    "9": 0.18616,
    "10": 0.16084,
    "11": 0.20203,
    "12": 0.2033,
    "13": 0.19934,
    "14": 0.20056,
    "15": 0.14934,
    "16": 0.14646,
    "17": 0.15081,
    "18": 0.15076,
    "19": 0.21457,
    "20": 0.21568,
    "21": 0.20239,
    "22": 0.18807,
    "23": 0.11744
  }
}