{
  "day": "2024-01-18",
  "data": {
    "0": 0.04013,
    "1": 0.04142,
    "2": 0.04047,
    "3": 0.03783,
    "4": 0.0387,
    "5": 0.04081,
    "6": 0.03991,
    "7": 0.06941,
    "8": 0.1157,
    "9": 0.12529,
    "10": 0.11105,
    "11": 0.15908,
    "12": 0.15326,
    "13": 0.14819,
    "14": 0.14908,
    "15": 0.11236,
    "16": 0.13375,
    "17": 0.1693,
    "18": 0.17965,
    "19": 0.22655,
    "20": 0.2337,
    "21": 0.22646,
    "22": 0.21815,
    "23": 0.14803
  }
}