{
  "day": "2024-01-20",
  "data": {
    "0": 0.11863,
    "1": 0.10904,
    "2": 0.11195,
    "3": 0.11278,
    "4": 0.11261,
    "5": 0.11822,
    "6": 0.12286,
    "7": 0.12393,
    "8": 0.12659,
    "9": 0.13186,
    "10": 0.1227,
    "11": 0.11605,
    "12": 0.11338,
    "13": 0.10647,
    "14": 0.11219,
    "15": 0.11986,
    "16": 0.13259,
    "17": 0.13973,
    "18": 0.14294,
    "19": 0.14364,
    "20": 0.14385,
    "21": 0.14401,
    "22": 0.13871,
    "23": 0.12863
  }
}