{
  "day": "2024-01-22",
  "data": {
    "0": 0.09318,
    "1": 0.08745,
    "2": 0.08021,
    "3": 0.06866,
    "4": 0.07211,
    "5": 0.08549,
    "6": 0.0954,
    "7": 0.11899,
    "8": 0.16072,
    "9": 0.15438,
    "10": 0.13489,
    "11": 0.17456,
    "12": 0.16886,
    "13": 0.16951,
    "14": 0.17149,
    "15": 0.1223,
    "16": 0.12968,
    "17": 0.14456,
    "18": 0.1661,
    "19": 0.22511,
    "20": 0.24242,
    "21": 0.22362,
    "22": 0.21499,
    "23": 0.14291
  }
}