{
  "day": "2024-01-23",
  "data": {
    "0": 0.10096,
    "1": 0.10065,
    "2": 0.10128,
    "3": 0.10178,
    "4": 0.10022,
    "5": 0.10402,
    "6": 0.10951,
    "7": 0.13085,
    "8": 0.1632,
    "9": 0.15569,
    "10": 0.14106,
    "11": 0.17644,
    "12": 0.17061,
    "13": 0.16954,
    "14": 0.17052,
    "15": 0.12468,
    "16": 0.12815,
    "17": 0.146,
    "18": 0.16192,
    "19": 0.23482,
    "20": 0.25207,
    "21": 0.22469,
    "22": 0.20862,
    "23": 0.14854
  }
}