{
  "day": "2024-01-29",
  "data": {
    "0": 0.09022,
    "1": 0.08889,
    "2": 0.09629,
    "3": 0.09803,
    "4": 0.10189,
    "5": 0.11093,
    "6": 0.12533,
    "7": 0.12963,
    "8": 0.16552,
    "9": 0.15157,
    "10": 0.14038,
    "11": 0.18242,
    "12": 0.18063,
    "13": 0.18478,
    "14": 0.19009,
    "15": 0.14194,
    "16": 0.14711,
    "17": 0.15362,
    "18": 0.17695,
    "19": 0.2263,
    "20": 0.22747,
    "21": 0.20782,
    "22": 0.20298,
    "23": 0.14505
  }
}