{
  "day": "2024-01-30",
  "data": {
    "0": 0.11435,
    "1": 0.11076,
    "2": 0.11425,
    "3": 0.11022,
    "4": 0.10892,
    "5": 0.11552,
    "6": 0.12269,
    "7": 0.13075,
    "8": 0.16069,
    "9": 0.15139,
    "10": 0.13756,
    "11": 0.18044,
    "12": 0.17739,
    "13": 0.17765,
    "14": 0.18221,
    "15": 0.13278,
    "16": 0.14113,
    "17": 0.15259,
    "18": 0.16471,
    "19": 0.22441,
    "20": 0.24431,
    "21": 0.20973,
    "22": 0.20365,
    "23": 0.14239
  }
}