{
  "day": "2024-04-01",
  "data": {
    "0": 0.05534,
    "1": 0.05501,
    "2": 0.05638,
    "3": 0.05767,
    "4": 0.05755,
    "5": 0.05428,
    "6": 0.05466,
    "7": 0.05172,
    "8": 0.07397,
    "9": 0.0683,
    "10": 0.06867,
    "11": 0.11892,
    "12": 0.11872,
    "13": 0.11841,
    "14": 0.11878,
    "15": 0.06832,
    "16": 0.06873,
    "17": 0.06872,
    "18": 0.06956,
    "19": 0.11785,
    "20": 0.13164,
    "21": 0.14284,
    "22": 0.1416,
    "23": 0.08679
  }
}