{
  "day": "2024-04-02",
  "data": {
    "0": 0.05147,
    "1": 0.05267,
    "2": 0.05432,
    "3": 0.05298,
    "4": 0.05352,
    "5": 0.0539,
    "6": 0.07036,
    "7": 0.07817,
    "8": 0.10515,
    "9": 0.07575,
    "10": 0.06749,
    "11": 0.11681,
    "12": 0.11565,
    "13": 0.11508,
    "14": 0.11557,
    "15": 0.06544,
    "16": 0.06612,
    "17": 0.06774,
    "18": 0.06853,
    "19": 0.12584,
    "20": 0.15753,
    "21": 0.15644,
    "22": 0.15407,
    "23": 0.07406
  }
}