{
  "day": "2024-04-03",
  "data": {
    "0": 0.0469,
    "1": 0.04569,
    "2": 0.04664,
    "3": 0.04879,
    "4": 0.04767,
    "5": 0.04822,
    "6": 0.04994,
    "7": 0.0716,
    "8": 0.10535,
    "9": 0.07225,
    "10": 0.06676,
    "11": 0.11525,
    "12": 0.11407,
    "13": 0.11358,
    "14": 0.11503,
    "15": 0.06489,
    "16": 0.06474,
    "17": 0.06534,
    "18": 0.06528,
    "19": 0.12462,
    "20": 0.15843,
    "21": 0.15723,
    "22": 0.1579,
    "23": 0.09962
  }
}