{
  "day": "2024-04-04",
  "data": {
    "0": 0.05181,
    "1": 0.05066,
    "2": 0.05528,
    "3": 0.0572,
    "4": 0.05553,
    "5": 0.0547,
    "6": 0.05383,
    "7": 0.05652,
    "8": 0.08512,
    "9": 0.08239,
    "10": 0.07093,
    "11": 0.12024,
    "12": 0.12032,
    "13": 0.12022,
    "14": 0.12289,
    "15": 0.07178,
    "16": 0.07095,
    "17": 0.07049,
    "18": 0.07285,
    "19": 0.13386,
    "20": 0.13061,
    "21": 0.1462,
    "22": 0.12483,
    "23": 0.07151
  }
}