{
  "day": "2024-04-05",
  "data": {
    "0": 0.05057,
    "1": 0.05108,
    "2": 0.05216,
    "3": 0.05242,
    "4": 0.0522,
    "5": 0.05166,
    "6": 0.05266,
    "7": 0.04888,
    "8": 0.07586,
    "9": 0.0737,
    "10": 0.0701,
    "11": 0.11895,
    "12": 0.11958,
    "13": 0.11687,
    "14": 0.11773,
    "15": 0.06772,
    "16": 0.06755,
    "17": 0.06968,
    "18": 0.0687,
    "19": 0.11913,
    "20": 0.11997,
    "21": 0.12064,
    "22": 0.12001,
    "23": 0.06818
  }
}