{
  "day": "2024-04-06",
  "data": {
    "0": 0.04599,
    "1": 0.04707,
    "2": 0.0481,
    "3": 0.0495,
    "4": 0.05017,
    "5": 0.05049,
    "6": 0.04915,
    "7": 0.04756,
    "8": 0.04418,
    "9": 0.046,
    "10": 0.04643,
    "11": 0.04454,
    "12": 0.04481,
    "13": 0.04413,
    "14": 0.04445,
    "15": 0.04548,
    "16": 0.04592,
    "17": 0.04847,
    "18": 0.04705,
    "19": 0.04706,
    "20": 0.04978,
    "21": 0.05568,
    "22": 0.05181,
    "23": 0.05345
  }
}