{
  "day": "2024-04-07",
  "data": {
    "0": 0.05849,
    "1": 0.05832,
    "2": 0.06148,
    "3": 0.06477,
    "4": 0.06532,
    "5": 0.06537,
    "6": 0.06432,
    "7": 0.06301,
    "8": 0.06169,
    "9": 0.05952,
    "10": 0.05253,
    "11": 0.05255,
    "12": 0.05081,
    "13": 0.05112,
    "14": 0.05148,
    "15": 0.05231,
    "16": 0.05318,
    "17": 0.05728,
    "18": 0.05512,
    "19": 0.05306,
    "20": 0.07655,
    "21": 0.08516,
    "22": 0.07473,
    "23": 0.0595
  }
}