{
  "day": "2024-04-08",
  "data": {
    "0": 0.05596,
    "1": 0.05434,
    "2": 0.0553,
    "3": 0.05555,
    "4": 0.05566,
    "5": 0.0547,
    "6": 0.05269,
    "7": 0.04958,
    "8": 0.07357,
    "9": 0.07185,
    "10": 0.06996,
    "11": 0.1216,
    "12": 0.12144,
    "13": 0.12007,
    "14": 0.12157,
    "15": 0.07165,
    "16": 0.07186,
    "17": 0.07117,
    "18": 0.07542,
    "19": 0.12304,
    "20": 0.12235,
    "21": 0.1229,
    "22": 0.12286,
    "23": 0.069
  }
}