{
  "day": "2024-04-09",
  "data": {
    "0": 0.04552,
    "1": 0.04676,
    "2": 0.05,
    "3": 0.04987,
    "4": 0.04996,
    "5": 0.04865,
    "6": 0.04709,
    "7": 0.0402,
    "8": 0.06719,
    "9": 0.06723,
    "10": 0.06924,
    "11": 0.11989,
    "12": 0.11983,
    "13": 0.11935,
    "14": 0.11902,
    "15": 0.06897,
    "16": 0.06903,
    "17": 0.07243,
    "18": 0.07019,
    "19": 0.11914,
    "20": 0.11895,
    "21": 0.13079,
    "22": 0.12178,
    "23": 0.07079
  }
}