{
  "day": "2024-04-10",
  "data": {
    "0": 0.05409,
    "1": 0.05386,
    "2": 0.05262,
    "3": 0.05075,
    "4": 0.05084,
    "5": 0.05087,
    "6": 0.0509,
    "7": 0.08219,
    "8": 0.07776,
    "9": 0.06809,
    "10": 0.06904,
    "11": 0.12163,
    "12": 0.12227,
    "13": 0.12165,
    "14": 0.12297,
    "15": 0.07301,
    "16": 0.07316,
    "17": 0.07197,
    "18": 0.07091,
    "19": 0.12066,
    "20": 0.12204,
    "21": 0.153,
    "22": 0.12142,
    "23": 0.07013
  }
}