{
  "day": "2024-04-12",
  "data": {
    "0": 0.07228,
    "1": 0.06394,
    "2": 0.06205,
    "3": 0.06144,
    "4": 0.06112,
    "5": 0.06525,
    "6": 0.08217,
    "7": 0.12743,
    "8": 0.1497,
    "9": 0.07264,
    "10": 0.06677,
    "11": 0.11608,
    "12": 0.11666,
    "13": 0.11445,
    "14": 0.11457,
    "15": 0.0649,
    "16": 0.0686,
    "17": 0.06724,
    "18": 0.06698,
    "19": 0.13507,
    "20": 0.15672,
    "21": 0.19785,
    "22": 0.15772,
    "23": 0.09505
  }
}