{
  "day": "2024-04-14",
  "data": {
    "0": 0.06252,
    "1": 0.06178,
    "2": 0.06323,
    "3": 0.06347,
    "4": 0.06577,
    "5": 0.0674,
    "6": 0.07186,
    "7": 0.07193,
    "8": 0.06595,
    "9": 0.05673,
    "10": 0.04722,
    "11": 0.04496,
    "12": 0.04508,
    "13": 0.04487,
    "14": 0.04479,
    "15": 0.04594,
    "16": 0.04718,
    "17": 0.04904,
    "18": 0.04905,
    "19": 0.04747,
    "20": 0.06109,
    "21": 0.07576,
    "22": 0.06347,
    "23": 0.06196
  }
}