{
  "day": "2024-04-15",
  "data": {
    "0": 0.06971,
    "1": 0.06677,
    "2": 0.06668,
    "3": 0.06609,
    "4": 0.06579,
    "5": 0.06397,
    "6": 0.06455,
    "7": 0.06548,
    "8": 0.09522,
    "9": 0.07564,
    "10": 0.0753,
    "11": 0.12505,
    "12": 0.12514,
    "13": 0.12526,
    "14": 0.12594,
    "15": 0.07565,
    "16": 0.07535,
    "17": 0.07696,
    "18": 0.07767,
    "19": 0.1278,
    "20": 0.13593,
    "21": 0.14553,
    "22": 0.13266,
    "23": 0.07914
  }
}