{
  "day": "2024-04-17",
  "data": {
    "0": 0.0541,
    "1": 0.05562,
    "2": 0.05553,
    "3": 0.05629,
    "4": 0.05621,
    "5": 0.05597,
    "6": 0.05528,
    "7": 0.06782,
    "8": 0.077,
    "9": 0.07531,
    "10": 0.07294,
    "11": 0.12411,
    "12": 0.12431,
    "13": 0.12426,
    "14": 0.12564,
    "15": 0.07593,
    "16": 0.07595,
    "17": 0.07626,
    "18": 0.07335,
    "19": 0.12441,
    "20": 0.1254,
    "21": 0.14167,
    "22": 0.12593,
    "23": 0.07413
  }
}