{
  "day": "2024-04-20",
  "data": {
    "0": 0.07656,
    "1": 0.06236,
    "2": 0.0675,
    "3": 0.06825,
    "4": 0.06834,
    "5": 0.06557,
    "6": 0.06534,
    "7": 0.06264,
    "8": 0.0616,
    "9": 0.05235,
    "10": 0.04748,
    "11": 0.04707,
    "12": 0.04828,
    "13": 0.04853,
    "14": 0.04467,
    "15": 0.04569,
    "16": 0.04627,
    "17": 0.04754,
    "18": 0.0501,
    "19": 0.05089,
    "20": 0.05648,
    "21": 0.05819,
    "22": 0.05774,
    "23": 0.05656
  }
}