{
  "day": "2024-04-22",
  "data": {
    "0": 0.06546,
    "1": 0.06695,
    "2": 0.0669,
    "3": 0.06932,
    "4": 0.06894,
    "5": 0.06763,
    "6": 0.06261,
    "7": 0.05306,
    "8": 0.07547,
    "9": 0.07447,
    "10": 0.07314,
    "11": 0.1237,
    "12": 0.12414,
    "13": 0.1236,
    "14": 0.12424,
    "15": 0.07465,
    "16": 0.07475,
    "17": 0.07471,
    "18": 0.07245,
    "19": 0.12275,
    "20": 0.13021,
    "21": 0.13741,
    "22": 0.13344,
    "23": 0.07888
  }
}