{
  "day": "2024-04-28",
  "data": {
    "0": 0.10859,
    "1": 0.09071,
    "2": 0.09421,
    "3": 0.0923,
    "4": 0.09265,
    "5": 0.09303,
    "6": 0.09248,
    "7": 0.0931,
    "8": 0.08941,
    "9": 0.07097,
    "10": 0.04726,
    "11": 0.04589,
    "12": 0.04638,
    "13": 0.04563,
    "14": 0.04527,
    "15": 0.04659,
    "16": 0.04792,
    "17": 0.04829,
    "18": 0.07021,
    "19": 0.07689,
    "20": 0.1016,
    "21": 0.12412,
    "22": 0.11747,
    "23": 0.10526
  }
}