{
  "day": "2024-04-29",
  "data": {
    "0": 0.10316,
    "1": 0.10277,
    "2": 0.10343,
    "3": 0.10485,
    "4": 0.10164,
    "5": 0.10318,
    "6": 0.09311,
    "7": 0.14284,
    "8": 0.16297,
    "9": 0.11786,
    "10": 0.10338,
    "11": 0.14361,
    "12": 0.14211,
    "13": 0.14155,
    "14": 0.1429,
    "15": 0.0936,
    "16": 0.09396,
    "17": 0.09317,
    "18": 0.09907,
    "19": 0.16875,
    "20": 0.19905,
    "21": 0.21008,
    "22": 0.1979,
    "23": 0.13206
  }
}