{
  "day": "2024-04-30",
  "data": {
    "0": 0.11291,
    "1": 0.09722,
    "2": 0.09952,
    "3": 0.10998,
    "4": 0.10556,
    "5": 0.11818,
    "6": 0.12618,
    "7": 0.13874,
    "8": 0.14823,
    "9": 0.12094,
    "10": 0.09904,
    "11": 0.14286,
    "12": 0.13709,
    "13": 0.12171,
    "14": 0.12563,
    "15": 0.0774,
    "16": 0.07613,
    "17": 0.07904,
    "18": 0.09051,
    "19": 0.15801,
    "20": 0.16821,
    "21": 0.1948,
    "22": 0.18269,
    "23": 0.12646
  }
}