{
  "day": "2025-06-02",
  "data": {
    "0": 0.09354,
    "1": 0.0919,
    "2": 0.09319,
    "3": 0.08664,
    "4": 0.08775,
    "5": 0.08467,
    "6": 0.09965,
    "7": 0.1044,
    "8": 0.13434,
    "9": 0.12081,
    "10": 0.09686,
    "11": 0.14632,
    "12": 0.14389,
    "13": 0.1405,
    "14": 0.14029,
    "15": 0.07564,
    "16": 0.0759,
    "17": 0.07771,
    "18": 0.09539,
    "19": 0.18647,
    "20": 0.23584,
    "21": 0.24579,
    "22": 0.24504,
    "23": 0.14792
  }
}