{
  "day": "2025-06-03",
  "data": {
    "0": 0.12967,
    "1": 0.1211,
    "2": 0.12205,
    "3": 0.11906,
    "4": 0.1192,
    "5": 0.12905,
    "6": 0.14531,
    "7": 0.15562,
    "8": 0.15144,
    "9": 0.12093,
    "10": 0.09843,
    "11": 0.13347,
    "12": 0.12901,
    "13": 0.12518,
    "14": 0.12539,
    "15": 0.06075,
    "16": 0.06107,
    "17": 0.06434,
    "18": 0.08393,
    "19": 0.1731,
    "20": 0.18875,
    "21": 0.24418,
    "22": 0.24607,
    "23": 0.16831
  }
}