{
  "day": "2025-06-04",
  "data": {
    "0": 0.1357,
    "1": 0.1295,
    "2": 0.12525,
    "3": 0.12219,
    "4": 0.12145,
    "5": 0.12731,
    "6": 0.14383,
    "7": 0.15119,
    "8": 0.14574,
    "9": 0.11315,
    "10": 0.09473,
    "11": 0.12989,
    "12": 0.1284,
    "13": 0.12556,
    "14": 0.1237,
    "15": 0.05734,
    "16": 0.0573,
    "17": 0.06412,
    "18": 0.09207,
    "19": 0.19468,
    "20": 0.2418,
    "21": 0.26004,
    "22": 0.25671,
    "23": 0.16783
  }
}