{
  "day": "2025-06-07",
  "data": {
    "0": 0.16353,
    "1": 0.15623,
    "2": 0.15605,
    "3": 0.15195,
    "4": 0.15215,
    "5": 0.15277,
    "6": 0.15443,
    "7": 0.14863,
    "8": 0.07554,
    "9": 0.04349,
    "10": 0.04496,
    "11": 0.04494,
    "12": 0.04481,
    "13": 0.04428,
    "14": 0.04433,
    "15": 0.04511,
    "16": 0.04526,
    "17": 0.04586,
    "18": 0.04608,
    "19": 0.05195,
    "20": 0.10075,
    "21": 0.16123,
    "22": 0.15154,
    "23": 0.1402
  }
}