{
  "day": "2025-06-08",
  "data": {
    "0": 0.1367,
    "1": 0.13741,
    "2": 0.13933,
    "3": 0.12836,
    "4": 0.12853,
    "5": 0.12923,
    "6": 0.12884,
    "7": 0.09741,
    "8": 0.06664,
    "9": 0.05429,
    "10": 0.04882,
    "11": 0.05221,
    "12": 0.05126,
    "13": 0.04983,
    "14": 0.04993,
    "15": 0.05018,
    "16": 0.05172,
    "17": 0.05274,
    "18": 0.05105,
    "19": 0.05912,
    "20": 0.14359,
    "21": 0.16253,
    "22": 0.16263,
    "23": 0.15228
  }
}