{
  "day": "2025-06-09",
  "data": {
    "0": 0.1356,
    "1": 0.12541,
    "2": 0.12669,
    "3": 0.12928,
    "4": 0.13172,
    "5": 0.13427,
    "6": 0.14757,
    "7": 0.14739,
    "8": 0.14886,
    "9": 0.08241,
    "10": 0.06675,
    "11": 0.12724,
    "12": 0.12527,
    "13": 0.12263,
    "14": 0.12417,
    "15": 0.05973,
    "16": 0.0627,
    "17": 0.07068,
    "18": 0.11365,
    "19": 0.21989,
    "20": 0.24394,
    "21": 0.26718,
    "22": 0.25578,
    "23": 0.17976
  }
}