{
  "day": "2025-06-10",
  "data": {
    "0": 0.13962,
    "1": 0.13729,
    "2": 0.13747,
    "3": 0.13302,
    "4": 0.13298,
    "5": 0.13247,
    "6": 0.13531,
    "7": 0.1354,
    "8": 0.15738,
    "9": 0.1536,
    "10": 0.14572,
    "11": 0.19355,
    "12": 0.16198,
    "13": 0.15854,
    "14": 0.15789,
    "15": 0.09228,
    "16": 0.09272,
    "17": 0.13168,
    "18": 0.14556,
    "19": 0.21936,
    "20": 0.22952,
    "21": 0.23327,
    "22": 0.23069,
    "23": 0.15995
  }
}