{
  "day": "2025-06-12",
  "data": {
    "0": 0.14531,
    "1": 0.14223,
    "2": 0.13774,
    "3": 0.13351,
    "4": 0.13337,
    "5": 0.1375,
    "6": 0.14361,
    "7": 0.14198,
    "8": 0.1531,
    "9": 0.07549,
    "10": 0.058,
    "11": 0.12258,
    "12": 0.12254,
    "13": 0.11972,
    "14": 0.11977,
    "15": 0.05554,
    "16": 0.05494,
    "17": 0.05656,
    "18": 0.07536,
    "19": 0.21933,
    "20": 0.23418,
    "21": 0.26298,
    "22": 0.27337,
    "23": 0.18258
  }
}