{
  "day": "2025-06-13",
  "data": {
    "0": 0.16548,
    "1": 0.15783,
    "2": 0.15355,
    "3": 0.14921,
    "4": 0.1482,
    "5": 0.14756,
    "6": 0.15145,
    "7": 0.14813,
    "8": 0.172,
    "9": 0.11045,
    "10": 0.07091,
    "11": 0.12145,
    "12": 0.12025,
    "13": 0.11769,
    "14": 0.11814,
    "15": 0.05364,
    "16": 0.05412,
    "17": 0.05859,
    "18": 0.07717,
    "19": 0.21933,
    "20": 0.23295,
    "21": 0.24714,
    "22": 0.24775,
    "23": 0.17595
  }
}