{
  "day": "2025-06-14",
  "data": {
    "0": 0.15718,
    "1": 0.15818,
    "2": 0.15969,
    "3": 0.15619,
    "4": 0.15626,
    "5": 0.15626,
    "6": 0.1566,
    "7": 0.15195,
    "8": 0.10146,
    "9": 0.04697,
    "10": 0.04115,
    "11": 0.03936,
    "12": 0.03872,
    "13": 0.03823,
    "14": 0.03802,
    "15": 0.03862,
    "16": 0.04032,
    "17": 0.04153,
    "18": 0.04555,
    "19": 0.07963,
    "20": 0.13299,
    "21": 0.1456,
    "22": 0.14957,
    "23": 0.14513
  }
}