{
  "day": "2025-06-18",
  "data": {
    "0": 0.14995,
    "1": 0.14438,
    "2": 0.14349,
    "3": 0.1408,
    "4": 0.1416,
    "5": 0.14429,
    "6": 0.14496,
    "7": 0.14858,
    "8": 0.16343,
    "9": 0.15688,
    "10": 0.12114,
    "11": 0.16538,
    "12": 0.1502,
    "13": 0.14307,
    "14": 0.14267,
    "15": 0.07662,
    "16": 0.08908,
    "17": 0.12074,
    "18": 0.15643,
    "19": 0.23167,
    "20": 0.25112,
    "21": 0.31441,
    "22": 0.2832,
    "23": 0.18222
  }
}