{
  "day": "2025-06-21",
  "data": {
    "0": 0.1639,
    "1": 0.16312,
    "2": 0.16327,
    "3": 0.15706,
    "4": 0.15671,
    "5": 0.15546,
    "6": 0.15705,
    "7": 0.15013,
    "8": 0.1397,
    "9": 0.07125,
    "10": 0.0283,
    "11": 0.02435,
    "12": 0.02371,
    "13": 0.02326,
    "14": 0.02298,
    "15": 0.02373,
    "16": 0.02412,
    "17": 0.02927,
    "18": 0.10734,
    "19": 0.14409,
    "20": 0.16054,
    "21": 0.16985,
    "22": 0.17394,
    "23": 0.16078
  }
}