{
  "day": "2025-06-24",
  "data": {
    "0": 0.15605,
    "1": 0.15373,
    "2": 0.15109,
    "3": 0.14929,
    "4": 0.14927,
    "5": 0.14917,
    "6": 0.15218,
    "7": 0.15265,
    "8": 0.17745,
    "9": 0.16761,
    "10": 0.14713,
    "11": 0.18921,
    "12": 0.18701,
    "13": 0.14144,
    "14": 0.11717,
    "15": 0.04228,
    "16": 0.04242,
    "17": 0.05717,
    "18": 0.11891,
    "19": 0.2194,
    "20": 0.24012,
    "21": 0.26254,
    "22": 0.27316,
    "23": 0.18291
  }
}