{
  "day": "2025-06-25",
  "data": {
    "0": 0.16236,
    "1": 0.15048,
    "2": 0.14888,
    "3": 0.14544,
    "4": 0.1454,
    "5": 0.14544,
    "6": 0.15018,
    "7": 0.15553,
    "8": 0.16785,
    "9": 0.13678,
    "10": 0.09007,
    "11": 0.1386,
    "12": 0.12407,
    "13": 0.11209,
    "14": 0.11063,
    "15": 0.04438,
    "16": 0.04554,
    "17": 0.04782,
    "18": 0.08482,
    "19": 0.21663,
    "20": 0.23983,
    "21": 0.27295,
    "22": 0.2789,
    "23": 0.18133
  }
}