{
  "day": "2025-06-26",
  "data": {
    "0": 0.14381,
    "1": 0.14074,
    "2": 0.13587,
    "3": 0.13045,
    "4": 0.13024,
    "5": 0.13111,
    "6": 0.13974,
    "7": 0.13883,
    "8": 0.15904,
    "9": 0.13006,
    "10": 0.09282,
    "11": 0.17144,
    "12": 0.17005,
    "13": 0.15014,
    "14": 0.14107,
    "15": 0.07483,
    "16": 0.07606,
    "17": 0.10035,
    "18": 0.12532,
    "19": 0.21174,
    "20": 0.23184,
    "21": 0.27908,
    "22": 0.277,
    "23": 0.1688
  }
}