{
  "day": "2025-06-28",
  "data": {
    "0": 0.1476,
    "1": 0.14938,
    "2": 0.14483,
    "3": 0.14132,
    "4": 0.14023,
    "5": 0.14073,
    "6": 0.14063,
    "7": 0.14827,
    "8": 0.12763,
    "9": 0.04972,
    "10": 0.02886,
    "11": 0.02251,
    "12": 0.02193,
    "13": 0.02153,
    "14": 0.02157,
    "15": 0.02166,
    "16": 0.02342,
    "17": 0.03386,
    "18": 0.07495,
    "19": 0.1367,
    "20": 0.14461,
    "21": 0.16841,
    "22": 0.1698,
    "23": 0.15007
  }
}