{
  "day": "2022-11-01",
  "data": {
    "0": 0.20872,
    "1": 0.1938,
    "2": 0.16898,
    "3": 0.16923,
    "4": 0.1677,
    "5": 0.16307,
    "6": 0.16578,
    "7": 0.16347,
    "8": 0.16267,
    "9": 0.15999,
    "10": 0.14689,
    "11": 0.13577,
    "12": 0.14031,
    "13": 0.13297,
    "14": 0.13358,
    "15": 0.14096,
    "16": 0.15892,
    "17": 0.19475,
    "18": 0.20905,
    "19": 0.20918,
    "20": 0.25116,
    "21": 0.25381,
    "22": 0.2137,
    "23": 0.19894
  }
}