{
  "day": "2022-11-02",
  "data": {
    "0": 0.16728,
    "1": 0.16609,
    "2": 0.16152,
    "3": 0.16169,
    "4": 0.16126,
    "5": 0.16398,
    "6": 0.18271,
    "7": 0.2065,
    "8": 0.23975,
    "9": 0.20827,
    "10": 0.18974,
    "11": 0.22683,
    "12": 0.22514,
    "13": 0.22273,
    "14": 0.22952,
    "15": 0.18224,
    "16": 0.20612,
    "17": 0.25624,
    "18": 0.26975,
    "19": 0.3145,
    "20": 0.32499,
    "21": 0.27735,
    "22": 0.25089,
    "23": 0.18787
  }
}