{
  "day": "2022-11-04",
  "data": {
    "0": 0.20838,
    "1": 0.20712,
    "2": 0.20672,
    "3": 0.19829,
    "4": 0.18171,
    "5": 0.19486,
    "6": 0.21058,
    "7": 0.22096,
    "8": 0.244,
    "9": 0.22576,
    "10": 0.2053,
    "11": 0.23337,
    "12": 0.22662,
    "13": 0.22091,
    "14": 0.22123,
    "15": 0.17341,
    "16": 0.20984,
    "17": 0.23515,
    "18": 0.25981,
    "19": 0.35728,
    "20": 0.33038,
    "21": 0.32079,
    "22": 0.31075,
    "23": 0.24619
  }
}