{
  "day": "2022-11-05",
  "data": {
    "0": 0.19349,
    "1": 0.17914,
    "2": 0.16189,
    "3": 0.15797,
    "4": 0.15789,
    "5": 0.15771,
    "6": 0.15619,
    "7": 0.16136,
    "8": 0.16096,
    "9": 0.14736,
    "10": 0.14233,
    "11": 0.13582,
    "12": 0.1406,
    "13": 0.14349,
    "14": 0.14342,
    "15": 0.14278,
    "16": 0.15303,
    "17": 0.20573,
    "18": 0.21984,
    "19": 0.21106,
    "20": 0.19586,
    "21": 0.19387,
    "22": 0.16993,
    "23": 0.1533
  }
}