{
  "day": "2022-11-07",
  "data": {
    "0": 0.19162,
    "1": 0.14605,
    "2": 0.14646,
    "3": 0.14546,
    "4": 0.14341,
    "5": 0.15062,
    "6": 0.17714,
    "7": 0.20137,
    "8": 0.23309,
    "9": 0.21466,
    "10": 0.1646,
    "11": 0.20884,
    "12": 0.20651,
    "13": 0.20321,
    "14": 0.2061,
    "15": 0.1598,
    "16": 0.17081,
    "17": 0.21736,
    "18": 0.22172,
    "19": 0.27692,
    "20": 0.26531,
    "21": 0.2368,
    "22": 0.21364,
    "23": 0.1675
  }
}