{
  "day": "2022-11-08",
  "data": {
    "0": 0.13731,
    "1": 0.12792,
    "2": 0.12557,
    "3": 0.11816,
    "4": 0.10841,
    "5": 0.13162,
    "6": 0.13868,
    "7": 0.17748,
    "8": 0.20899,
    "9": 0.18699,
    "10": 0.17778,
    "11": 0.20657,
    "12": 0.20449,
    "13": 0.20548,
    "14": 0.21133,
    "15": 0.16938,
    "16": 0.20105,
    "17": 0.21641,
    "18": 0.22664,
    "19": 0.27746,
    "20": 0.26376,
    "21": 0.2398,
    "22": 0.245,
    "23": 0.17951
  }
}