{
  "day": "2022-11-12",
  "data": {
    "0": 0.17174,
    "1": 0.13907,
    "2": 0.13348,
    "3": 0.13502,
    "4": 0.13441,
    "5": 0.13371,
    "6": 0.13146,
    "7": 0.13118,
    "8": 0.13228,
    "9": 0.13042,
    "10": 0.12101,
    "11": 0.11573,
    "12": 0.1135,
    "13": 0.11256,
    "14": 0.11381,
    "15": 0.11468,
    "16": 0.126,
    "17": 0.16752,
    "18": 0.1966,
    "19": 0.21395,
    "20": 0.23644,
    "21": 0.21784,
    "22": 0.20294,
    "23": 0.19544
  }
}