{
  "day": "2022-11-14",
  "data": {
    "0": 0.20949,
    "1": 0.20256,
    "2": 0.18789,
    "3": 0.18466,
    "4": 0.17733,
    "5": 0.20983,
    "6": 0.1979,
    "7": 0.20962,
    "8": 0.25133,
    "9": 0.25166,
    "10": 0.23505,
    "11": 0.27147,
    "12": 0.26017,
    "13": 0.23431,
    "14": 0.23052,
    "15": 0.18286,
    "16": 0.19008,
    "17": 0.22559,
    "18": 0.23239,
    "19": 0.28056,
    "20": 0.28612,
    "21": 0.27479,
    "22": 0.23522,
    "23": 0.17772
  }
}