{
  "day": "2022-11-15",
  "data": {
    "0": 0.16061,
    "1": 0.14154,
    "2": 0.13745,
    "3": 0.13771,
    "4": 0.13516,
    "5": 0.13252,
    "6": 0.13783,
    "7": 0.14598,
    "8": 0.18526,
    "9": 0.18085,
    "10": 0.16427,
    "11": 0.20667,
    "12": 0.20418,
    "13": 0.20244,
    "14": 0.20382,
    "15": 0.15854,
    "16": 0.17244,
    "17": 0.19629,
    "18": 0.21463,
    "19": 0.26825,
    "20": 0.27541,
    "21": 0.27334,
    "22": 0.2509,
    "23": 0.17431
  }
}