{
  "day": "2022-11-17",
  "data": {
    "0": 0.08041,
    "1": 0.05424,
    "2": 0.03597,
    "3": 0.03523,
    "4": 0.03808,
    "5": 0.0595,
    "6": 0.08817,
    "7": 0.12757,
    "8": 0.15378,
    "9": 0.14752,
    "10": 0.13413,
    "11": 0.17892,
    "12": 0.17545,
    "13": 0.17437,
    "14": 0.17523,
    "15": 0.14065,
    "16": 0.15085,
    "17": 0.16334,
    "18": 0.19094,
    "19": 0.23998,
    "20": 0.24765,
    "21": 0.25378,
    "22": 0.24517,
    "23": 0.19331
  }
}