{
  "day": "2022-11-18",
  "data": {
    "0": 0.14921,
    "1": 0.1521,
    "2": 0.15917,
    "3": 0.16157,
    "4": 0.16441,
    "5": 0.16712,
    "6": 0.162,
    "7": 0.18646,
    "8": 0.32866,
    "9": 0.1906,
    "10": 0.18309,
    "11": 0.22884,
    "12": 0.22837,
    "13": 0.21409,
    "14": 0.1918,
    "15": 0.13552,
    "16": 0.13987,
    "17": 0.16489,
    "18": 0.16251,
    "19": 0.21355,
    "20": 0.21593,
    "21": 0.21174,
    "22": 0.2134,
    "23": 0.14275
  }
}