{
  "day": "2022-11-19",
  "data": {
    "0": 0.09146,
    "1": 0.07227,
    "2": 0.07301,
    "3": 0.07414,
    "4": 0.07545,
    "5": 0.07555,
    "6": 0.0778,
    "7": 0.08383,
    "8": 0.08967,
    "9": 0.07764,
    "10": 0.07263,
    "11": 0.04437,
    "12": 0.04125,
    "13": 0.05468,
    "14": 0.06539,
    "15": 0.0699,
    "16": 0.07358,
    "17": 0.12847,
    "18": 0.14449,
    "19": 0.14917,
    "20": 0.1547,
    "21": 0.1536,
    "22": 0.14407,
    "23": 0.14416
  }
}