{
  "day": "2022-11-20",
  "data": {
    "0": 0.1328,
    "1": 0.11611,
    "2": 0.09987,
    "3": 0.0984,
    "4": 0.10115,
    "5": 0.10206,
    "6": 0.13098,
    "7": 0.1395,
    "8": 0.14156,
    "9": 0.13973,
    "10": 0.13971,
    "11": 0.13195,
    "12": 0.12448,
    "13": 0.1274,
    "14": 0.11191,
    "15": 0.09854,
    "16": 0.14053,
    "17": 0.14507,
    "18": 0.15831,
    "19": 0.19149,
    "20": 0.20248,
    "21": 0.17622,
    "22": 0.14646,
    "23": 0.12528
  }
}