{
  "day": "2022-11-24",
  "data": {
    "0": 0.21004,
    "1": 0.1871,
    "2": 0.18254,
    "3": 0.17729,
    "4": 0.17613,
    "5": 0.17125,
    "6": 0.18307,
    "7": 0.20266,
    "8": 0.21631,
    "9": 0.20926,
    "10": 0.19634,
    "11": 0.23429,
    "12": 0.2367,
    "13": 0.24158,
    "14": 0.24441,
    "15": 0.20937,
    "16": 0.23292,
    "17": 0.23818,
    "18": 0.24995,
    "19": 0.33085,
    "20": 0.3391,
    "21": 0.33143,
    "22": 0.29288,
    "23": 0.2367
  }
}