{
  "day": "2024-10-01",
  "data": {
    "0": 0.13852,
    "1": 0.13114,
    "2": 0.13316,
    "3": 0.12942,
    "4": 0.11779,
    "5": 0.1134,
    "6": 0.12103,
    "7": 0.15138,
    "8": 0.20085,
    "9": 0.15994,
    "10": 0.15787,
    "11": 0.18562,
    "12": 0.15894,
    "13": 0.15556,
    "14": 0.15935,
    "15": 0.11263,
    "16": 0.11084,
    "17": 0.13723,
    "18": 0.17333,
    "19": 0.27419,
    "20": 0.29394,
    "21": 0.28502,
    "22": 0.2409,
    "23": 0.17682
  }
}