{
  "day": "2024-10-03",
  "data": {
    "0": 0.1013,
    "1": 0.08196,
    "2": 0.08548,
    "3": 0.06259,
    "4": 0.05275,
    "5": 0.07975,
    "6": 0.10391,
    "7": 0.12093,
    "8": 0.15859,
    "9": 0.14501,
    "10": 0.11727,
    "11": 0.16139,
    "12": 0.15412,
    "13": 0.14407,
    "14": 0.13685,
    "15": 0.07611,
    "16": 0.07418,
    "17": 0.11639,
    "18": 0.14547,
    "19": 0.24095,
    "20": 0.25118,
    "21": 0.25638,
    "22": 0.23169,
    "23": 0.17291
  }
}