{
  "day": "2024-10-04",
  "data": {
    "0": 0.13307,
    "1": 0.13567,
    "2": 0.13384,
    "3": 0.13005,
    "4": 0.1383,
    "5": 0.13456,
    "6": 0.13767,
    "7": 0.16216,
    "8": 0.20769,
    "9": 0.17957,
    "10": 0.15793,
    "11": 0.18091,
    "12": 0.16113,
    "13": 0.15926,
    "14": 0.14992,
    "15": 0.09937,
    "16": 0.11033,
    "17": 0.13578,
    "18": 0.15998,
    "19": 0.25309,
    "20": 0.26196,
    "21": 0.26276,
    "22": 0.23017,
    "23": 0.17814
  }
}