{
  "day": "2024-10-10",
  "data": {
    "0": 0.07551,
    "1": 0.07644,
    "2": 0.0776,
    "3": 0.07755,
    "4": 0.08299,
    "5": 0.0937,
    "6": 0.1078,
    "7": 0.1283,
    "8": 0.17574,
    "9": 0.15813,
    "10": 0.13118,
    "11": 0.14724,
    "12": 0.14566,
    "13": 0.14579,
    "14": 0.14713,
    "15": 0.09841,
    "16": 0.11723,
    "17": 0.13659,
    "18": 0.16314,
    "19": 0.24764,
    "20": 0.30683,
    "21": 0.30046,
    "22": 0.24115,
    "23": 0.17746
  }
}