{
  "day": "2024-10-11",
  "data": {
    "0": 0.14691,
    "1": 0.1358,
    "2": 0.12962,
    "3": 0.12539,
    "4": 0.12101,
    "5": 0.11661,
    "6": 0.13586,
    "7": 0.1792,
    "8": 0.22621,
    "9": 0.16889,
    "10": 0.14886,
    "11": 0.18837,
    "12": 0.17638,
    "13": 0.16313,
    "14": 0.16932,
    "15": 0.12574,
    "16": 0.13029,
    "17": 0.13213,
    "18": 0.14094,
    "19": 0.21175,
    "20": 0.21913,
    "21": 0.19978,
    "22": 0.19331,
    "23": 0.14563
  }
}