{
  "day": "2024-10-12",
  "data": {
    "0": 0.10624,
    "1": 0.09691,
    "2": 0.08873,
    "3": 0.07758,
    "4": 0.07768,
    "5": 0.08191,
    "6": 0.10062,
    "7": 0.10072,
    "8": 0.10197,
    "9": 0.10835,
    "10": 0.11045,
    "11": 0.11625,
    "12": 0.11079,
    "13": 0.10936,
    "14": 0.10598,
    "15": 0.09208,
    "16": 0.09286,
    "17": 0.11291,
    "18": 0.12489,
    "19": 0.13343,
    "20": 0.16422,
    "21": 0.15937,
    "22": 0.14741,
    "23": 0.1341
  }
}