{
  "day": "2024-10-13",
  "data": {
    "0": 0.12184,
    "1": 0.11697,
    "2": 0.11199,
    "3": 0.11379,
    "4": 0.11068,
    "5": 0.11633,
    "6": 0.1141,
    "7": 0.12341,
    "8": 0.1136,
    "9": 0.10621,
    "10": 0.08087,
    "11": 0.05,
    "12": 0.04292,
    "13": 0.03736,
    "14": 0.03763,
    "15": 0.03865,
    "16": 0.0476,
    "17": 0.07906,
    "18": 0.11442,
    "19": 0.146,
    "20": 0.16476,
    "21": 0.17142,
    "22": 0.14944,
    "23": 0.14055
  }
}