{
  "day": "2024-10-14",
  "data": {
    "0": 0.12908,
    "1": 0.12169,
    "2": 0.12323,
    "3": 0.12251,
    "4": 0.12364,
    "5": 0.13158,
    "6": 0.13462,
    "7": 0.15314,
    "8": 0.22065,
    "9": 0.18332,
    "10": 0.16487,
    "11": 0.19608,
    "12": 0.18634,
    "13": 0.17871,
    "14": 0.17617,
    "15": 0.12569,
    "16": 0.12428,
    "17": 0.15798,
    "18": 0.18511,
    "19": 0.2826,
    "20": 0.29471,
    "21": 0.23615,
    "22": 0.20829,
    "23": 0.15404
  }
}