{
  "day": "2024-10-17",
  "data": {
    "0": 0.1337,
    "1": 0.12552,
    "2": 0.12132,
    "3": 0.12064,
    "4": 0.11,
    "5": 0.1021,
    "6": 0.11058,
    "7": 0.13015,
    "8": 0.15828,
    "9": 0.15811,
    "10": 0.12603,
    "11": 0.11992,
    "12": 0.11517,
    "13": 0.11503,
    "14": 0.11391,
    "15": 0.06303,
    "16": 0.06347,
    "17": 0.06733,
    "18": 0.12162,
    "19": 0.2053,
    "20": 0.20145,
    "21": 0.19202,
    "22": 0.19488,
    "23": 0.14389
  }
}