{
  "day": "2024-10-18",
  "data": {
    "0": 0.09948,
    "1": 0.09643,
    "2": 0.08946,
    "3": 0.07857,
    "4": 0.07882,
    "5": 0.09894,
    "6": 0.10735,
    "7": 0.1194,
    "8": 0.17484,
    "9": 0.14694,
    "10": 0.12257,
    "11": 0.14538,
    "12": 0.1152,
    "13": 0.11381,
    "14": 0.11443,
    "15": 0.06467,
    "16": 0.06887,
    "17": 0.12406,
    "18": 0.16069,
    "19": 0.23951,
    "20": 0.22729,
    "21": 0.21642,
    "22": 0.20683,
    "23": 0.14735
  }
}