{
  "day": "2024-10-20",
  "data": {
    "0": 0.11524,
    "1": 0.09833,
    "2": 0.08952,
    "3": 0.09457,
    "4": 0.09919,
    "5": 0.10635,
    "6": 0.11507,
    "7": 0.11197,
    "8": 0.11557,
    "9": 0.11697,
    "10": 0.06276,
    "11": 0.04344,
    "12": 0.03495,
    "13": 0.03483,
    "14": 0.03552,
    "15": 0.0361,
    "16": 0.03977,
    "17": 0.06498,
    "18": 0.13165,
    "19": 0.157,
    "20": 0.17759,
    "21": 0.17947,
    "22": 0.14957,
    "23": 0.14902
  }
}