{
  "day": "2024-10-22",
  "data": {
    "0": 0.12213,
    "1": 0.11281,
    "2": 0.10804,
    "3": 0.11468,
    "4": 0.1053,
    "5": 0.11303,
    "6": 0.11607,
    "7": 0.14134,
    "8": 0.19791,
    "9": 0.17948,
    "10": 0.15879,
    "11": 0.16692,
    "12": 0.16085,
    "13": 0.15771,
    "14": 0.16319,
    "15": 0.11277,
    "16": 0.11261,
    "17": 0.13906,
    "18": 0.15811,
    "19": 0.24758,
    "20": 0.22548,
    "21": 0.21184,
    "22": 0.21105,
    "23": 0.15485
  }
}