{
  "day": "2024-10-23",
  "data": {
    "0": 0.11067,
    "1": 0.11659,
    "2": 0.10926,
    "3": 0.10062,
    "4": 0.10097,
    "5": 0.10014,
    "6": 0.12057,
    "7": 0.13583,
    "8": 0.20199,
    "9": 0.16999,
    "10": 0.14488,
    "11": 0.17243,
    "12": 0.1707,
    "13": 0.16067,
    "14": 0.16212,
    "15": 0.1171,
    "16": 0.12155,
    "17": 0.13204,
    "18": 0.16366,
    "19": 0.28002,
    "20": 0.26267,
    "21": 0.23306,
    "22": 0.21224,
    "23": 0.15624
  }
}