{
  "day": "2024-10-24",
  "data": {
    "0": 0.11779,
    "1": 0.10919,
    "2": 0.10729,
    "3": 0.10722,
    "4": 0.1078,
    "5": 0.11107,
    "6": 0.1133,
    "7": 0.12925,
    "8": 0.19179,
    "9": 0.16543,
    "10": 0.13413,
    "11": 0.17529,
    "12": 0.16286,
    "13": 0.15507,
    "14": 0.14146,
    "15": 0.08479,
    "16": 0.11248,
    "17": 0.1307,
    "18": 0.14727,
    "19": 0.22934,
    "20": 0.21886,
    "21": 0.21164,
    "22": 0.19813,
    "23": 0.13858
  }
}