{
  "day": "2024-10-27",
  "data": {
    "0": 0.13891,
    "1": 0.13507,
    "2": 0.13526,
    "3": 0.13421,
    "4": 0.13563,
    "5": 0.13462,
    "6": 0.12255,
    "7": 0.1313,
    "8": 0.13466,
    "9": 0.13113,
    "10": 0.10668,
    "11": 0.09467,
    "12": 0.07931,
    "13": 0.07532,
    "14": 0.0754,
    "15": 0.09198,
    "16": 0.08437,
    "17": 0.10718,
    "18": 0.12943,
    "19": 0.13999,
    "20": 0.17513,
    "21": 0.1557,
    "22": 0.14739,
    "23": 0.12986,
    "24": 0.14785
  }
}