{
  "day": "2024-10-29",
  "data": {
    "0": 0.11327,
    "1": 0.10818,
    "2": 0.10048,
    "3": 0.09156,
    "4": 0.09026,
    "5": 0.10062,
    "6": 0.11222,
    "7": 0.12607,
    "8": 0.16334,
    "9": 0.13586,
    "10": 0.13652,
    "11": 0.18401,
    "12": 0.18308,
    "13": 0.1828,
    "14": 0.18626,
    "15": 0.13914,
    "16": 0.14311,
    "17": 0.14324,
    "18": 0.15151,
    "19": 0.21027,
    "20": 0.21554,
    "21": 0.20514,
    "22": 0.20214,
    "23": 0.13723
  }
}