{
  "day": "2024-10-30",
  "data": {
    "0": 0.10618,
    "1": 0.09353,
    "2": 0.09232,
    "3": 0.08461,
    "4": 0.07972,
    "5": 0.09288,
    "6": 0.10921,
    "7": 0.11265,
    "8": 0.15675,
    "9": 0.14681,
    "10": 0.12927,
    "11": 0.17935,
    "12": 0.18226,
    "13": 0.18156,
    "14": 0.17923,
    "15": 0.13557,
    "16": 0.15274,
    "17": 0.1699,
    "18": 0.2164,
    "19": 0.26323,
    "20": 0.26262,
    "21": 0.2493,
    "22": 0.21721,
    "23": 0.16041
  }
}