{
  "day": "2024-10-31",
  "data": {
    "0": 0.1178,
    "1": 0.11417,
    "2": 0.11366,
    "3": 0.11077,
    "4": 0.10918,
    "5": 0.11468,
    "6": 0.12683,
    "7": 0.15949,
    "8": 0.1919,
    "9": 0.16299,
    "10": 0.15259,
    "11": 0.19266,
    "12": 0.19528,
    "13": 0.19049,
    "14": 0.19394,
    "15": 0.15844,
    "16": 0.17769,
    "17": 0.20515,
    "18": 0.20092,
    "19": 0.24955,
    "20": 0.26532,
    "21": 0.24999,
    "22": 0.22941,
    "23": 0.16804
  }
}