{
  "day": "2022-12-01",
  "data": {
    "0": 0.29487,
    "1": 0.27962,
    "2": 0.28924,
    "3": 0.29184,
    "4": 0.27474,
    "5": 0.27932,
    "6": 0.28077,
    "7": 0.26849,
    "8": 0.29974,
    "9": 0.29239,
    "10": 0.32353,
    "11": 0.32033,
    "12": 0.31969,
    "13": 0.32602,
    "14": 0.2758,
    "15": 0.27898,
    "16": 0.27753,
    "17": 0.29271,
    "18": 0.3513,
    "19": 0.3549,
    "20": 0.35934,
    "21": 0.34731,
    "22": 0.28953,
    "23": 0.27712
  }
}