{
  "day": "2022-12-02",
  "data": {
    "0": 0.27907,
    "1": 0.28167,
    "2": 0.28255,
    "3": 0.2878,
    "4": 0.28922,
    "5": 0.29389,
    "6": 0.29026,
    "7": 0.29579,
    "8": 0.31302,
    "9": 0.28232,
    "10": 0.2987,
    "11": 0.28903,
    "12": 0.29335,
    "13": 0.31997,
    "14": 0.26763,
    "15": 0.25603,
    "16": 0.29492,
    "17": 0.33965,
    "18": 0.40408,
    "19": 0.40372,
    "20": 0.40432,
    "21": 0.39878,
    "22": 0.34603,
    "23": 0.35095
  }
}