{
  "day": "2022-12-03",
  "data": {
    "0": 0.26611,
    "1": 0.25232,
    "2": 0.24917,
    "3": 0.25645,
    "4": 0.26227,
    "5": 0.26221,
    "6": 0.26157,
    "7": 0.2652,
    "8": 0.27114,
    "9": 0.25485,
    "10": 0.22778,
    "11": 0.20862,
    "12": 0.2048,
    "13": 0.21102,
    "14": 0.21372,
    "15": 0.21945,
    "16": 0.21842,
    "17": 0.24026,
    "18": 0.26055,
    "19": 0.26478,
    "20": 0.26751,
    "21": 0.26557,
    "22": 0.26328,
    "23": 0.27079
  }
}