{
  "day": "2022-12-05",
  "data": {
    "0": 0.3854,
    "1": 0.3356,
    "2": 0.32065,
    "3": 0.32178,
    "4": 0.31536,
    "5": 0.31445,
    "6": 0.3,
    "7": 0.35948,
    "8": 0.38356,
    "9": 0.38048,
    "10": 0.41877,
    "11": 0.41486,
    "12": 0.40638,
    "13": 0.40789,
    "14": 0.36556,
    "15": 0.35863,
    "16": 0.36245,
    "17": 0.37213,
    "18": 0.43695,
    "19": 0.44335,
    "20": 0.45023,
    "21": 0.45064,
    "22": 0.3898,
    "23": 0.38291
  }
}