{
  "day": "2022-12-06",
  "data": {
    "0": 0.36923,
    "1": 0.3851,
    "2": 0.3944,
    "3": 0.40441,
    "4": 0.41055,
    "5": 0.41976,
    "6": 0.40664,
    "7": 0.38255,
    "8": 0.3677,
    "9": 0.35391,
    "10": 0.34913,
    "11": 0.33977,
    "12": 0.34288,
    "13": 0.34807,
    "14": 0.35055,
    "15": 0.35284,
    "16": 0.37394,
    "17": 0.36937,
    "18": 0.37685,
    "19": 0.39105,
    "20": 0.40539,
    "21": 0.39881,
    "22": 0.3835,
    "23": 0.37622
  }
}