{
  "day": "2022-12-10",
  "data": {
    "0": 0.23039,
    "1": 0.23241,
    "2": 0.22019,
    "3": 0.19892,
    "4": 0.19662,
    "5": 0.19707,
    "6": 0.22245,
    "7": 0.23122,
    "8": 0.2261,
    "9": 0.21718,
    "10": 0.20634,
    "11": 0.2025,
    "12": 0.20042,
    "13": 0.20059,
    "14": 0.201,
    "15": 0.20582,
    "16": 0.2139,
    "17": 0.23452,
    "18": 0.27401,
    "19": 0.29745,
    "20": 0.31178,
    "21": 0.31283,
    "22": 0.31163,
    "23": 0.30197
  }
}