{
  "day": "2022-12-12",
  "data": {
    "0": 0.21971,
    "1": 0.18798,
    "2": 0.19366,
    "3": 0.19283,
    "4": 0.1862,
    "5": 0.18428,
    "6": 0.19859,
    "7": 0.20814,
    "8": 0.23995,
    "9": 0.23785,
    "10": 0.27313,
    "11": 0.25237,
    "12": 0.24865,
    "13": 0.22552,
    "14": 0.1768,
    "15": 0.17614,
    "16": 0.18332,
    "17": 0.20192,
    "18": 0.2591,
    "19": 0.27092,
    "20": 0.27797,
    "21": 0.26875,
    "22": 0.20804,
    "23": 0.18042
  }
}