{
  "day": "2022-12-14",
  "data": {
    "0": 0.04471,
    "1": 0.04405,
    "2": 0.04452,
    "3": 0.04543,
    "4": 0.03721,
    "5": 0.03633,
    "6": 0.04626,
    "7": 0.11982,
    "8": 0.15197,
    "9": 0.16374,
    "10": 0.20345,
    "11": 0.20174,
    "12": 0.20321,
    "13": 0.20602,
    "14": 0.16146,
    "15": 0.17725,
    "16": 0.19799,
    "17": 0.22924,
    "18": 0.31468,
    "19": 0.34863,
    "20": 0.35267,
    "21": 0.30892,
    "22": 0.20894,
    "23": 0.16665
  }
}