{
  "day": "2022-12-16",
  "data": {
    "0": 0.22596,
    "1": 0.22066,
    "2": 0.21213,
    "3": 0.20442,
    "4": 0.19963,
    "5": 0.20195,
    "6": 0.20344,
    "7": 0.20205,
    "8": 0.24298,
    "9": 0.23432,
    "10": 0.27658,
    "11": 0.26729,
    "12": 0.26894,
    "13": 0.26987,
    "14": 0.21938,
    "15": 0.22618,
    "16": 0.25095,
    "17": 0.25233,
    "18": 0.31351,
    "19": 0.31664,
    "20": 0.31946,
    "21": 0.31755,
    "22": 0.26012,
    "23": 0.25885
  }
}