{
  "day": "2022-12-17",
  "data": {
    "0": 0.26835,
    "1": 0.27927,
    "2": 0.2849,
    "3": 0.28072,
    "4": 0.28241,
    "5": 0.28505,
    "6": 0.28181,
    "7": 0.24923,
    "8": 0.25343,
    "9": 0.25165,
    "10": 0.2304,
    "11": 0.22588,
    "12": 0.22316,
    "13": 0.21906,
    "14": 0.20781,
    "15": 0.21082,
    "16": 0.22949,
    "17": 0.24474,
    "18": 0.26244,
    "19": 0.26311,
    "20": 0.26308,
    "21": 0.25414,
    "22": 0.23954,
    "23": 0.21826
  }
}