{
  "day": "2022-12-22",
  "data": {
    "0": 0.067,
    "1": 0.07581,
    "2": 0.0745,
    "3": 0.07899,
    "4": 0.08151,
    "5": 0.08448,
    "6": 0.08443,
    "7": 0.08847,
    "8": 0.12783,
    "9": 0.1314,
    "10": 0.16685,
    "11": 0.15806,
    "12": 0.14996,
    "13": 0.14975,
    "14": 0.10157,
    "15": 0.10357,
    "16": 0.12105,
    "17": 0.12134,
    "18": 0.18311,
    "19": 0.18617,
    "20": 0.18685,
    "21": 0.18467,
    "22": 0.12349,
    "23": 0.10192
  }
}