{
  "day": "2022-12-24",
  "data": {
    "0": 0.09583,
    "1": 0.07293,
    "2": 0.07383,
    "3": 0.07655,
    "4": 0.07699,
    "5": 0.07856,
    "6": 0.07776,
    "7": 0.07363,
    "8": 0.09611,
    "9": 0.0899,
    "10": 0.08427,
    "11": 0.06207,
    "12": 0.05917,
    "13": 0.05856,
    "14": 0.05709,
    "15": 0.0585,
    "16": 0.07884,
    "17": 0.09155,
    "18": 0.15279,
    "19": 0.10632,
    "20": 0.09232,
    "21": 0.0784,
    "22": 0.05704,
    "23": 0.05537
  }
}