{
  "day": "2022-12-28",
  "data": {
    "0": 0.0874,
    "1": 0.08209,
    "2": 0.07811,
    "3": 0.07632,
    "4": 0.06944,
    "5": 0.06819,
    "6": 0.07247,
    "7": 0.08939,
    "8": 0.12837,
    "9": 0.12103,
    "10": 0.1536,
    "11": 0.1425,
    "12": 0.13603,
    "13": 0.13302,
    "14": 0.07908,
    "15": 0.0849,
    "16": 0.10181,
    "17": 0.12014,
    "18": 0.18569,
    "19": 0.18863,
    "20": 0.17256,
    "21": 0.15763,
    "22": 0.0968,
    "23": 0.07827
  }
}