{
  "day": "2022-12-29",
  "data": {
    "0": 0.04613,
    "1": 0.04935,
    "2": 0.04975,
    "3": 0.05254,
    "4": 0.052,
    "5": 0.05065,
    "6": 0.04878,
    "7": 0.04648,
    "8": 0.0824,
    "9": 0.08409,
    "10": 0.12367,
    "11": 0.12366,
    "12": 0.1245,
    "13": 0.12382,
    "14": 0.07467,
    "15": 0.07669,
    "16": 0.0786,
    "17": 0.07898,
    "18": 0.13494,
    "19": 0.13308,
    "20": 0.13232,
    "21": 0.12853,
    "22": 0.07855,
    "23": 0.06799
  }
}