{
  "day": "2022-12-31",
  "data": {
    "0": 0.04344,
    "1": 0.04597,
    "2": 0.04946,
    "3": 0.04757,
    "4": 0.04572,
    "5": 0.04543,
    "6": 0.04914,
    "7": 0.05006,
    "8": 0.04992,
    "9": 0.03887,
    "10": 0.02761,
    "11": 0.02587,
    "12": 0.0258,
    "13": 0.02731,
    "14": 0.02798,
    "15": 0.02801,
    "16": 0.03299,
    "17": 0.02993,
    "18": 0.04737,
    "19": 0.04438,
    "20": 0.03402,
    "21": 0.03089,
    "22": 0.03212,
    "23": 0.03268
  }
}