{
  "day": "2024-02-03",
  "data": {
    "0": 0.0999,
    "1": 0.0972,
    "2": 0.09638,
    "3": 0.0974,
    "4": 0.09837,
    "5": 0.09993,
    "6": 0.10018,
    "7": 0.10262,
    "8": 0.10523,
    "9": 0.10004,
    "10": 0.09111,
    "11": 0.08106,
    "12": 0.07596,
    "13": 0.07328,
    "14": 0.07587,
    "15": 0.0845,
    "16": 0.09315,
    "17": 0.10737,
    "18": 0.12279,
    "19": 0.13075,
    "20": 0.14076,
    "21": 0.13859,
    "22": 0.1313,
    "23": 0.11365
  }
}