{
  "day": "2024-02-04",
  "data": {
    "0": 0.11707,
    "1": 0.11707,
    "2": 0.11798,
    "3": 0.11851,
    "4": 0.11737,
    "5": 0.11664,
    "6": 0.11634,
    "7": 0.11514,
    "8": 0.11717,
    "9": 0.1025,
    "10": 0.08127,
    "11": 0.07474,
    "12": 0.0674,
    "13": 0.06782,
    "14": 0.0672,
    "15": 0.06516,
    "16": 0.07996,
    "17": 0.09394,
    "18": 0.11836,
    "19": 0.13092,
    "20": 0.1806,
    "21": 0.16932,
    "22": 0.12548,
    "23": 0.11705
  }
}