{
  "day": "2024-02-06",
  "data": {
    "0": 0.11422,
    "1": 0.11807,
    "2": 0.11876,
    "3": 0.11665,
    "4": 0.11246,
    "5": 0.11566,
    "6": 0.1148,
    "7": 0.11962,
    "8": 0.19086,
    "9": 0.15967,
    "10": 0.19238,
    "11": 0.18597,
    "12": 0.18223,
    "13": 0.16545,
    "14": 0.1097,
    "15": 0.11696,
    "16": 0.12255,
    "17": 0.13356,
    "18": 0.1903,
    "19": 0.20252,
    "20": 0.20221,
    "21": 0.18997,
    "22": 0.13158,
    "23": 0.11661
  }
}