{
  "day": "2024-02-07",
  "data": {
    "0": 0.08394,
    "1": 0.08251,
    "2": 0.08181,
    "3": 0.07717,
    "4": 0.06318,
    "5": 0.08198,
    "6": 0.09123,
    "7": 0.1138,
    "8": 0.144,
    "9": 0.13657,
    "10": 0.18282,
    "11": 0.17573,
    "12": 0.15883,
    "13": 0.15328,
    "14": 0.09695,
    "15": 0.09041,
    "16": 0.10173,
    "17": 0.10524,
    "18": 0.17381,
    "19": 0.19291,
    "20": 0.1974,
    "21": 0.18665,
    "22": 0.1258,
    "23": 0.10987
  }
}