{
  "day": "2024-02-13",
  "data": {
    "0": 0.09436,
    "1": 0.0806,
    "2": 0.0803,
    "3": 0.08046,
    "4": 0.07997,
    "5": 0.08238,
    "6": 0.09129,
    "7": 0.10431,
    "8": 0.15662,
    "9": 0.13127,
    "10": 0.17878,
    "11": 0.17754,
    "12": 0.17468,
    "13": 0.17343,
    "14": 0.1239,
    "15": 0.1252,
    "16": 0.1327,
    "17": 0.13435,
    "18": 0.20575,
    "19": 0.21147,
    "20": 0.20085,
    "21": 0.19081,
    "22": 0.13591,
    "23": 0.13252
  }
}