{
  "day": "2024-02-14",
  "data": {
    "0": 0.10519,
    "1": 0.1046,
    "2": 0.10178,
    "3": 0.10181,
    "4": 0.10116,
    "5": 0.10555,
    "6": 0.10922,
    "7": 0.11873,
    "8": 0.15046,
    "9": 0.13646,
    "10": 0.17428,
    "11": 0.15892,
    "12": 0.15791,
    "13": 0.15245,
    "14": 0.1011,
    "15": 0.10258,
    "16": 0.10635,
    "17": 0.1239,
    "18": 0.17807,
    "19": 0.20303,
    "20": 0.19177,
    "21": 0.18295,
    "22": 0.12511,
    "23": 0.1256
  }
}