{
  "day": "2024-02-15",
  "data": {
    "0": 0.09439,
    "1": 0.08321,
    "2": 0.08075,
    "3": 0.08089,
    "4": 0.08097,
    "5": 0.08073,
    "6": 0.09181,
    "7": 0.10489,
    "8": 0.12913,
    "9": 0.12546,
    "10": 0.16957,
    "11": 0.17148,
    "12": 0.16758,
    "13": 0.16178,
    "14": 0.10918,
    "15": 0.11168,
    "16": 0.10976,
    "17": 0.11418,
    "18": 0.17458,
    "19": 0.17984,
    "20": 0.17795,
    "21": 0.17454,
    "22": 0.12528,
    "23": 0.12198
  }
}