{
  "day": "2024-02-19",
  "data": {
    "0": 0.09315,
    "1": 0.09451,
    "2": 0.09573,
    "3": 0.09683,
    "4": 0.09653,
    "5": 0.09259,
    "6": 0.09288,
    "7": 0.09834,
    "8": 0.12572,
    "9": 0.10876,
    "10": 0.15509,
    "11": 0.14545,
    "12": 0.1449,
    "13": 0.14459,
    "14": 0.09477,
    "15": 0.09253,
    "16": 0.09682,
    "17": 0.10956,
    "18": 0.17018,
    "19": 0.18412,
    "20": 0.19085,
    "21": 0.18254,
    "22": 0.12001,
    "23": 0.12028
  }
}