{
  "day": "2024-02-21",
  "data": {
    "0": 0.09942,
    "1": 0.09728,
    "2": 0.09534,
    "3": 0.09353,
    "4": 0.09422,
    "5": 0.09905,
    "6": 0.09756,
    "7": 0.11294,
    "8": 0.14601,
    "9": 0.11239,
    "10": 0.14772,
    "11": 0.14586,
    "12": 0.14625,
    "13": 0.14201,
    "14": 0.09056,
    "15": 0.0915,
    "16": 0.09582,
    "17": 0.09963,
    "18": 0.16173,
    "19": 0.17972,
    "20": 0.16972,
    "21": 0.16145,
    "22": 0.10706,
    "23": 0.09972
  }
}