{
  "day": "2024-02-23",
  "data": {
    "0": 0.05191,
    "1": 0.04773,
    "2": 0.04776,
    "3": 0.04562,
    "4": 0.04559,
    "5": 0.0457,
    "6": 0.04926,
    "7": 0.0531,
    "8": 0.07783,
    "9": 0.07239,
    "10": 0.11923,
    "11": 0.11983,
    "12": 0.12052,
    "13": 0.11715,
    "14": 0.06556,
    "15": 0.06701,
    "16": 0.06665,
    "17": 0.06933,
    "18": 0.1266,
    "19": 0.13075,
    "20": 0.13331,
    "21": 0.13452,
    "22": 0.07997,
    "23": 0.07779
  }
}