{
  "day": "2024-02-24",
  "data": {
    "0": 0.05162,
    "1": 0.04965,
    "2": 0.04991,
    "3": 0.05018,
    "4": 0.0515,
    "5": 0.05151,
    "6": 0.05232,
    "7": 0.05215,
    "8": 0.04939,
    "9": 0.04548,
    "10": 0.04532,
    "11": 0.04032,
    "12": 0.04048,
    "13": 0.03994,
    "14": 0.04015,
    "15": 0.04129,
    "16": 0.04211,
    "17": 0.04649,
    "18": 0.04959,
    "19": 0.05793,
    "20": 0.07597,
    "21": 0.0683,
    "22": 0.05448,
    "23": 0.04918
  }
}