{
  "day": "2024-02-28",
  "data": {
    "0": 0.04996,
    "1": 0.0513,
    "2": 0.05427,
    "3": 0.05348,
    "4": 0.05361,
    "5": 0.05106,
    "6": 0.05038,
    "7": 0.05173,
    "8": 0.07652,
    "9": 0.07118,
    "10": 0.11813,
    "11": 0.12021,
    "12": 0.12026,
    "13": 0.11986,
    "14": 0.0699,
    "15": 0.07047,
    "16": 0.07117,
    "17": 0.07279,
    "18": 0.1285,
    "19": 0.144,
    "20": 0.19378,
    "21": 0.17419,
    "22": 0.08832,
    "23": 0.07735
  }
}