{
  "day": "2026-01-03",
  "data": {
    "0": 0.11224,
    "1": 0.11139,
    "2": 0.11085,
    "3": 0.11176,
    "4": 0.10932,
    "5": 0.11036,
    "6": 0.10969,
    "7": 0.11342,
    "8": 0.12566,
    "9": 0.1319,
    "10": 0.12298,
    "11": 0.11651,
    "12": 0.11464,
    "13": 0.11363,
    "14": 0.11693,
    "15": 0.12895,
    "16": 0.13451,
    "17": 0.14821,
    "18": 0.14192,
    "19": 0.13978,
    "20": 0.13641,
    "21": 0.12596,
    "22": 0.12225,
    "23": 0.11341
  }
}