{
  "day": "2026-01-08",
  "data": {
    "0": 0.11615,
    "1": 0.11612,
    "2": 0.11575,
    "3": 0.11251,
    "4": 0.10717,
    "5": 0.1104,
    "6": 0.11086,
    "7": 0.13277,
    "8": 0.17822,
    "9": 0.16444,
    "10": 0.13056,
    "11": 0.19333,
    "12": 0.1902,
    "13": 0.18749,
    "14": 0.18412,
    "15": 0.12067,
    "16": 0.13633,
    "17": 0.15235,
    "18": 0.16545,
    "19": 0.23255,
    "20": 0.22638,
    "21": 0.21689,
    "22": 0.21125,
    "23": 0.13096
  }
}