{
  "day": "2026-01-10",
  "data": {
    "0": 0.10865,
    "1": 0.10341,
    "2": 0.09917,
    "3": 0.09383,
    "4": 0.08835,
    "5": 0.08764,
    "6": 0.09637,
    "7": 0.10468,
    "8": 0.11745,
    "9": 0.12568,
    "10": 0.10249,
    "11": 0.08492,
    "12": 0.06345,
    "13": 0.06548,
    "14": 0.07267,
    "15": 0.08671,
    "16": 0.11152,
    "17": 0.13614,
    "18": 0.16757,
    "19": 0.1768,
    "20": 0.1611,
    "21": 0.14514,
    "22": 0.13892,
    "23": 0.13665
  }
}