{
  "day": "2026-01-11",
  "data": {
    "0": 0.13313,
    "1": 0.12229,
    "2": 0.11937,
    "3": 0.12168,
    "4": 0.12111,
    "5": 0.12204,
    "6": 0.12046,
    "7": 0.1221,
    "8": 0.1341,
    "9": 0.11749,
    "10": 0.10243,
    "11": 0.08623,
    "12": 0.08289,
    "13": 0.08536,
    "14": 0.08803,
    "15": 0.09259,
    "16": 0.1119,
    "17": 0.13159,
    "18": 0.14797,
    "19": 0.14593,
    "20": 0.14186,
    "21": 0.13472,
    "22": 0.12664,
    "23": 0.11359
  }
}