{
  "day": "2026-01-12",
  "data": {
    "0": 0.11227,
    "1": 0.11452,
    "2": 0.11077,
    "3": 0.10153,
    "4": 0.09768,
    "5": 0.10426,
    "6": 0.11605,
    "7": 0.1278,
    "8": 0.16795,
    "9": 0.16414,
    "10": 0.143,
    "11": 0.20107,
    "12": 0.19868,
    "13": 0.19924,
    "14": 0.19995,
    "15": 0.1287,
    "16": 0.14029,
    "17": 0.16273,
    "18": 0.17972,
    "19": 0.24815,
    "20": 0.25161,
    "21": 0.24992,
    "22": 0.22503,
    "23": 0.14093
  }
}