{
  "day": "2026-01-14",
  "data": {
    "0": 0.11715,
    "1": 0.10987,
    "2": 0.10257,
    "3": 0.10302,
    "4": 0.10373,
    "5": 0.11058,
    "6": 0.1155,
    "7": 0.1551,
    "8": 0.19078,
    "9": 0.19115,
    "10": 0.17338,
    "11": 0.23455,
    "12": 0.21992,
    "13": 0.21488,
    "14": 0.21932,
    "15": 0.15619,
    "16": 0.17627,
    "17": 0.19286,
    "18": 0.22267,
    "19": 0.27967,
    "20": 0.26622,
    "21": 0.24574,
    "22": 0.22461,
    "23": 0.1321
  }
}