{
  "day": "2026-01-16",
  "data": {
    "0": 0.11495,
    "1": 0.10967,
    "2": 0.10986,
    "3": 0.11085,
    "4": 0.1108,
    "5": 0.11084,
    "6": 0.11745,
    "7": 0.14363,
    "8": 0.1858,
    "9": 0.18021,
    "10": 0.16057,
    "11": 0.22042,
    "12": 0.21815,
    "13": 0.21693,
    "14": 0.22599,
    "15": 0.16922,
    "16": 0.17345,
    "17": 0.19944,
    "18": 0.21304,
    "19": 0.27978,
    "20": 0.2622,
    "21": 0.25494,
    "22": 0.24547,
    "23": 0.16864
  }
}