{
  "day": "2026-01-17",
  "data": {
    "0": 0.15052,
    "1": 0.14251,
    "2": 0.13864,
    "3": 0.13675,
    "4": 0.13587,
    "5": 0.13556,
    "6": 0.13639,
    "7": 0.13963,
    "8": 0.15333,
    "9": 0.14868,
    "10": 0.14201,
    "11": 0.13265,
    "12": 0.13126,
    "13": 0.12627,
    "14": 0.13074,
    "15": 0.13721,
    "16": 0.15087,
    "17": 0.16798,
    "18": 0.17205,
    "19": 0.17506,
    "20": 0.19055,
    "21": 0.18824,
    "22": 0.15778,
    "23": 0.15981
  }
}