{
  "day": "2026-01-18",
  "data": {
    "0": 0.15514,
    "1": 0.14617,
    "2": 0.13769,
    "3": 0.13123,
    "4": 0.13184,
    "5": 0.13185,
    "6": 0.13006,
    "7": 0.13063,
    "8": 0.13651,
    "9": 0.13758,
    "10": 0.12455,
    "11": 0.11869,
    "12": 0.11653,
    "13": 0.11538,
    "14": 0.11789,
    "15": 0.12794,
    "16": 0.13497,
    "17": 0.16453,
    "18": 0.18051,
    "19": 0.19248,
    "20": 0.22204,
    "21": 0.21306,
    "22": 0.18133,
    "23": 0.16116
  }
}