{
  "day": "2026-01-19",
  "data": {
    "0": 0.13677,
    "1": 0.12916,
    "2": 0.12236,
    "3": 0.12062,
    "4": 0.11974,
    "5": 0.12129,
    "6": 0.14339,
    "7": 0.18934,
    "8": 0.23376,
    "9": 0.207,
    "10": 0.17216,
    "11": 0.23024,
    "12": 0.22803,
    "13": 0.22786,
    "14": 0.22099,
    "15": 0.15542,
    "16": 0.1641,
    "17": 0.19008,
    "18": 0.24507,
    "19": 0.3176,
    "20": 0.2799,
    "21": 0.25828,
    "22": 0.23895,
    "23": 0.15219
  }
}