{
  "day": "2026-01-20",
  "data": {
    "0": 0.12635,
    "1": 0.12083,
    "2": 0.11275,
    "3": 0.10857,
    "4": 0.10553,
    "5": 0.10879,
    "6": 0.11772,
    "7": 0.14106,
    "8": 0.18518,
    "9": 0.1772,
    "10": 0.14768,
    "11": 0.21259,
    "12": 0.21094,
    "13": 0.20243,
    "14": 0.20162,
    "15": 0.13454,
    "16": 0.14086,
    "17": 0.16629,
    "18": 0.18638,
    "19": 0.2574,
    "20": 0.25765,
    "21": 0.24964,
    "22": 0.23455,
    "23": 0.15458
  }
}