{
  "day": "2026-01-23",
  "data": {
    "0": 0.07914,
    "1": 0.07084,
    "2": 0.06778,
    "3": 0.06321,
    "4": 0.06362,
    "5": 0.07314,
    "6": 0.08348,
    "7": 0.11078,
    "8": 0.14054,
    "9": 0.11176,
    "10": 0.08266,
    "11": 0.14514,
    "12": 0.14493,
    "13": 0.14479,
    "14": 0.14667,
    "15": 0.0816,
    "16": 0.0943,
    "17": 0.12786,
    "18": 0.17496,
    "19": 0.26741,
    "20": 0.27207,
    "21": 0.26395,
    "22": 0.23758,
    "23": 0.14446
  }
}