{
  "day": "2026-01-24",
  "data": {
    "0": 0.09865,
    "1": 0.08531,
    "2": 0.07921,
    "3": 0.07535,
    "4": 0.07036,
    "5": 0.06498,
    "6": 0.06085,
    "7": 0.07467,
    "8": 0.09224,
    "9": 0.09558,
    "10": 0.08255,
    "11": 0.06581,
    "12": 0.0578,
    "13": 0.05735,
    "14": 0.05767,
    "15": 0.05891,
    "16": 0.06062,
    "17": 0.08193,
    "18": 0.07897,
    "19": 0.08255,
    "20": 0.08865,
    "21": 0.09009,
    "22": 0.07692,
    "23": 0.07374
  }
}