{
  "day": "2026-01-26",
  "data": {
    "0": 0.05484,
    "1": 0.05568,
    "2": 0.05555,
    "3": 0.0588,
    "4": 0.05834,
    "5": 0.05896,
    "6": 0.05618,
    "7": 0.07777,
    "8": 0.14859,
    "9": 0.14285,
    "10": 0.13386,
    "11": 0.19868,
    "12": 0.18112,
    "13": 0.17832,
    "14": 0.1792,
    "15": 0.11666,
    "16": 0.12661,
    "17": 0.12183,
    "18": 0.13415,
    "19": 0.23121,
    "20": 0.24321,
    "21": 0.23113,
    "22": 0.18476,
    "23": 0.1059
  }
}