{
  "day": "2026-01-27",
  "data": {
    "0": 0.07182,
    "1": 0.05885,
    "2": 0.0587,
    "3": 0.05926,
    "4": 0.05926,
    "5": 0.05828,
    "6": 0.05585,
    "7": 0.0717,
    "8": 0.11752,
    "9": 0.11996,
    "10": 0.11062,
    "11": 0.1789,
    "12": 0.17841,
    "13": 0.17444,
    "14": 0.17215,
    "15": 0.09696,
    "16": 0.10929,
    "17": 0.13276,
    "18": 0.13942,
    "19": 0.24142,
    "20": 0.25314,
    "21": 0.22211,
    "22": 0.18763,
    "23": 0.09507
  }
}