{
  "day": "2026-01-28",
  "data": {
    "0": 0.05598,
    "1": 0.05786,
    "2": 0.05706,
    "3": 0.05755,
    "4": 0.05846,
    "5": 0.05811,
    "6": 0.06453,
    "7": 0.09014,
    "8": 0.16869,
    "9": 0.17446,
    "10": 0.13103,
    "11": 0.1736,
    "12": 0.16274,
    "13": 0.15739,
    "14": 0.15247,
    "15": 0.0835,
    "16": 0.08807,
    "17": 0.10508,
    "18": 0.13131,
    "19": 0.23235,
    "20": 0.24445,
    "21": 0.22725,
    "22": 0.18175,
    "23": 0.08973
  }
}