{
  "day": "2026-01-29",
  "data": {
    "0": 0.08235,
    "1": 0.0777,
    "2": 0.07434,
    "3": 0.07473,
    "4": 0.0747,
    "5": 0.07573,
    "6": 0.08502,
    "7": 0.11426,
    "8": 0.12671,
    "9": 0.1244,
    "10": 0.11704,
    "11": 0.18183,
    "12": 0.17805,
    "13": 0.17722,
    "14": 0.17497,
    "15": 0.10408,
    "16": 0.10516,
    "17": 0.11595,
    "18": 0.11676,
    "19": 0.18358,
    "20": 0.18294,
    "21": 0.18375,
    "22": 0.17705,
    "23": 0.09182
  }
}