{
  "day": "2026-01-31",
  "data": {
    "0": 0.06887,
    "1": 0.07102,
    "2": 0.07325,
    "3": 0.07459,
    "4": 0.07532,
    "5": 0.0744,
    "6": 0.07314,
    "7": 0.0759,
    "8": 0.07315,
    "9": 0.07696,
    "10": 0.07633,
    "11": 0.07602,
    "12": 0.07621,
    "13": 0.07649,
    "14": 0.07707,
    "15": 0.07817,
    "16": 0.07739,
    "17": 0.07206,
    "18": 0.08196,
    "19": 0.09978,
    "20": 0.10405,
    "21": 0.10722,
    "22": 0.0943,
    "23": 0.07809
  }
}