{
  "day": "2024-09-01",
  "data": {
    "0": 0.17047,
    "1": 0.16463,
    "2": 0.16126,
    "3": 0.15997,
    "4": 0.15851,
    "5": 0.15645,
    "6": 0.15852,
    "7": 0.16026,
    "8": 0.15302,
    "9": 0.13726,
    "10": 0.11019,
    "11": 0.07684,
    "12": 0.06668,
    "13": 0.06609,
    "14": 0.07009,
    "15": 0.05162,
    "16": 0.05033,
    "17": 0.11067,
    "18": 0.13396,
    "19": 0.15909,
    "20": 0.17142,
    "21": 0.18153,
    "22": 0.17996,
    "23": 0.16863
  }
}