{
  "day": "2024-09-02",
  "data": {
    "0": 0.16233,
    "1": 0.15805,
    "2": 0.15566,
    "3": 0.15068,
    "4": 0.14951,
    "5": 0.15303,
    "6": 0.15692,
    "7": 0.15934,
    "8": 0.18637,
    "9": 0.17508,
    "10": 0.21325,
    "11": 0.18846,
    "12": 0.18726,
    "13": 0.18682,
    "14": 0.13716,
    "15": 0.1393,
    "16": 0.14441,
    "17": 0.15496,
    "18": 0.2256,
    "19": 0.23425,
    "20": 0.24486,
    "21": 0.23765,
    "22": 0.18283,
    "23": 0.17772
  }
}