{
  "day": "2024-09-04",
  "data": {
    "0": 0.14129,
    "1": 0.13534,
    "2": 0.13118,
    "3": 0.13896,
    "4": 0.13878,
    "5": 0.13604,
    "6": 0.14453,
    "7": 0.15426,
    "8": 0.1895,
    "9": 0.17784,
    "10": 0.19829,
    "11": 0.1862,
    "12": 0.18067,
    "13": 0.18133,
    "14": 0.12527,
    "15": 0.11559,
    "16": 0.10632,
    "17": 0.1083,
    "18": 0.18803,
    "19": 0.21472,
    "20": 0.23603,
    "21": 0.23619,
    "22": 0.18041,
    "23": 0.17379
  }
}