{
  "day": "2024-09-05",
  "data": {
    "0": 0.13381,
    "1": 0.13608,
    "2": 0.13038,
    "3": 0.13082,
    "4": 0.12702,
    "5": 0.13167,
    "6": 0.14851,
    "7": 0.15416,
    "8": 0.18206,
    "9": 0.16588,
    "10": 0.19637,
    "11": 0.18617,
    "12": 0.18538,
    "13": 0.18568,
    "14": 0.13533,
    "15": 0.13152,
    "16": 0.13552,
    "17": 0.14017,
    "18": 0.21325,
    "19": 0.22397,
    "20": 0.2357,
    "21": 0.2402,
    "22": 0.18121,
    "23": 0.17569
  }
}