{
  "day": "2024-09-07",
  "data": {
    "0": 0.15591,
    "1": 0.15576,
    "2": 0.14357,
    "3": 0.1426,
    "4": 0.14074,
    "5": 0.139,
    "6": 0.14259,
    "7": 0.14652,
    "8": 0.15358,
    "9": 0.11463,
    "10": 0.08093,
    "11": 0.02306,
    "12": 0.02301,
    "13": 0.0203,
    "14": 0.01954,
    "15": 0.02343,
    "16": 0.03683,
    "17": 0.08171,
    "18": 0.12113,
    "19": 0.15691,
    "20": 0.17774,
    "21": 0.19436,
    "22": 0.16694,
    "23": 0.16648
  }
}