{
  "day": "2024-09-09",
  "data": {
    "0": 0.15307,
    "1": 0.14808,
    "2": 0.14699,
    "3": 0.14707,
    "4": 0.13839,
    "5": 0.14651,
    "6": 0.1543,
    "7": 0.15441,
    "8": 0.18156,
    "9": 0.17603,
    "10": 0.17988,
    "11": 0.15315,
    "12": 0.14755,
    "13": 0.14189,
    "14": 0.0687,
    "15": 0.05329,
    "16": 0.05725,
    "17": 0.09453,
    "18": 0.17997,
    "19": 0.23159,
    "20": 0.23255,
    "21": 0.24473,
    "22": 0.18108,
    "23": 0.17283
  }
}