{
  "day": "2024-09-11",
  "data": {
    "0": 0.11909,
    "1": 0.11873,
    "2": 0.11205,
    "3": 0.12403,
    "4": 0.12796,
    "5": 0.13251,
    "6": 0.13679,
    "7": 0.13913,
    "8": 0.16956,
    "9": 0.15843,
    "10": 0.18147,
    "11": 0.15883,
    "12": 0.15645,
    "13": 0.15305,
    "14": 0.10011,
    "15": 0.0764,
    "16": 0.06657,
    "17": 0.10896,
    "18": 0.19035,
    "19": 0.21565,
    "20": 0.23018,
    "21": 0.22764,
    "22": 0.17165,
    "23": 0.17364
  }
}