{
  "day": "2024-09-13",
  "data": {
    "0": 0.12516,
    "1": 0.12378,
    "2": 0.12443,
    "3": 0.12546,
    "4": 0.11706,
    "5": 0.11145,
    "6": 0.12414,
    "7": 0.13444,
    "8": 0.15695,
    "9": 0.13144,
    "10": 0.11365,
    "11": 0.1096,
    "12": 0.10961,
    "13": 0.10949,
    "14": 0.05981,
    "15": 0.06024,
    "16": 0.06056,
    "17": 0.06063,
    "18": 0.11275,
    "19": 0.18411,
    "20": 0.2126,
    "21": 0.2083,
    "22": 0.15463,
    "23": 0.13674
  }
}