{
  "day": "2024-09-17",
  "data": {
    "0": 0.07374,
    "1": 0.06185,
    "2": 0.05771,
    "3": 0.0595,
    "4": 0.05411,
    "5": 0.05341,
    "6": 0.08423,
    "7": 0.09885,
    "8": 0.13232,
    "9": 0.10797,
    "10": 0.11858,
    "11": 0.11679,
    "12": 0.11659,
    "13": 0.11625,
    "14": 0.06653,
    "15": 0.06689,
    "16": 0.06855,
    "17": 0.07796,
    "18": 0.15912,
    "19": 0.18563,
    "20": 0.2253,
    "21": 0.21754,
    "22": 0.1438,
    "23": 0.13336
  }
}