{
  "day": "2024-09-19",
  "data": {
    "0": 0.12466,
    "1": 0.12235,
    "2": 0.12491,
    "3": 0.12512,
    "4": 0.12739,
    "5": 0.11901,
    "6": 0.13306,
    "7": 0.14477,
    "8": 0.17457,
    "9": 0.16593,
    "10": 0.19795,
    "11": 0.19558,
    "12": 0.19484,
    "13": 0.1926,
    "14": 0.1424,
    "15": 0.13499,
    "16": 0.14325,
    "17": 0.14626,
    "18": 0.20475,
    "19": 0.22378,
    "20": 0.25345,
    "21": 0.26314,
    "22": 0.1728,
    "23": 0.16424
  }
}