{
  "day": "2024-09-22",
  "data": {
    "0": 0.14328,
    "1": 0.13953,
    "2": 0.14126,
    "3": 0.14451,
    "4": 0.1434,
    "5": 0.14677,
    "6": 0.14936,
    "7": 0.15031,
    "8": 0.14593,
    "9": 0.13735,
    "10": 0.08974,
    "11": 0.04297,
    "12": 0.04236,
    "13": 0.02853,
    "14": 0.02844,
    "15": 0.0316,
    "16": 0.03192,
    "17": 0.06562,
    "18": 0.11433,
    "19": 0.23269,
    "20": 0.15017,
    "21": 0.1565,
    "22": 0.1441,
    "23": 0.1422
  }
}