{
  "day": "2024-09-23",
  "data": {
    "0": 0.13951,
    "1": 0.13261,
    "2": 0.1277,
    "3": 0.13285,
    "4": 0.13381,
    "5": 0.13295,
    "6": 0.13123,
    "7": 0.14818,
    "8": 0.18704,
    "9": 0.16224,
    "10": 0.19265,
    "11": 0.16955,
    "12": 0.15195,
    "13": 0.15008,
    "14": 0.08879,
    "15": 0.06678,
    "16": 0.09035,
    "17": 0.1151,
    "18": 0.20625,
    "19": 0.23848,
    "20": 0.26859,
    "21": 0.27102,
    "22": 0.17031,
    "23": 0.16305
  }
}