{
  "day": "2024-09-26",
  "data": {
    "0": 0.06902,
    "1": 0.0567,
    "2": 0.06363,
    "3": 0.0582,
    "4": 0.05648,
    "5": 0.06051,
    "6": 0.08654,
    "7": 0.11222,
    "8": 0.14867,
    "9": 0.13557,
    "10": 0.13023,
    "11": 0.12324,
    "12": 0.12265,
    "13": 0.12249,
    "14": 0.07279,
    "15": 0.07324,
    "16": 0.07335,
    "17": 0.07608,
    "18": 0.14058,
    "19": 0.18856,
    "20": 0.19942,
    "21": 0.204,
    "22": 0.13587,
    "23": 0.13022
  }
}