{
  "day": "2024-09-27",
  "data": {
    "0": 0.05429,
    "1": 0.05349,
    "2": 0.05457,
    "3": 0.05504,
    "4": 0.05527,
    "5": 0.05498,
    "6": 0.05591,
    "7": 0.09716,
    "8": 0.14054,
    "9": 0.08484,
    "10": 0.11882,
    "11": 0.11825,
    "12": 0.11794,
    "13": 0.11766,
    "14": 0.06694,
    "15": 0.06886,
    "16": 0.07075,
    "17": 0.07172,
    "18": 0.16133,
    "19": 0.20292,
    "20": 0.23055,
    "21": 0.24295,
    "22": 0.16985,
    "23": 0.1611
  }
}