{
  "day": "2024-09-28",
  "data": {
    "0": 0.13556,
    "1": 0.12597,
    "2": 0.10594,
    "3": 0.1005,
    "4": 0.09602,
    "5": 0.09482,
    "6": 0.09535,
    "7": 0.10408,
    "8": 0.10467,
    "9": 0.07094,
    "10": 0.03833,
    "11": 0.03438,
    "12": 0.03347,
    "13": 0.03333,
    "14": 0.03347,
    "15": 0.03411,
    "16": 0.03447,
    "17": 0.03591,
    "18": 0.09636,
    "19": 0.17077,
    "20": 0.16368,
    "21": 0.17139,
    "22": 0.15514,
    "23": 0.14238
  }
}