{
  "day": "2024-09-29",
  "data": {
    "0": 0.13952,
    "1": 0.13417,
    "2": 0.1312,
    "3": 0.11514,
    "4": 0.10617,
    "5": 0.10592,
    "6": 0.11129,
    "7": 0.11635,
    "8": 0.11852,
    "9": 0.07048,
    "10": 0.03817,
    "11": 0.0378,
    "12": 0.03792,
    "13": 0.03766,
    "14": 0.03764,
    "15": 0.03792,
    "16": 0.03837,
    "17": 0.03833,
    "18": 0.05003,
    "19": 0.13079,
    "20": 0.14098,
    "21": 0.14914,
    "22": 0.1438,
    "23": 0.13348
  }
}