{
  "day": "2024-09-30",
  "data": {
    "0": 0.11728,
    "1": 0.12004,
    "2": 0.13386,
    "3": 0.12848,
    "4": 0.12552,
    "5": 0.13539,
    "6": 0.14328,
    "7": 0.17903,
    "8": 0.23047,
    "9": 0.16452,
    "10": 0.17447,
    "11": 0.14982,
    "12": 0.12693,
    "13": 0.12214,
    "14": 0.05493,
    "15": 0.04659,
    "16": 0.06471,
    "17": 0.10262,
    "18": 0.20521,
    "19": 0.23226,
    "20": 0.29431,
    "21": 0.29181,
    "22": 0.18495,
    "23": 0.18729
  }
}