{
  "day": "2023-01-03",
  "data": {
    "0": 0.1873,
    "1": 0.17879,
    "2": 0.1796,
    "3": 0.17763,
    "4": 0.17574,
    "5": 0.1772,
    "6": 0.1989,
    "7": 0.21377,
    "8": 0.25217,
    "9": 0.25332,
    "10": 0.27803,
    "11": 0.26695,
    "12": 0.25114,
    "13": 0.2467,
    "14": 0.19627,
    "15": 0.1907,
    "16": 0.21011,
    "17": 0.23768,
    "18": 0.29814,
    "19": 0.28777,
    "20": 0.27671,
    "21": 0.27449,
    "22": 0.209,
    "23": 0.1917
  }
}