{
  "day": "2023-01-05",
  "data": {
    "0": 0.14783,
    "1": 0.13453,
    "2": 0.12531,
    "3": 0.12036,
    "4": 0.11839,
    "5": 0.12399,
    "6": 0.15145,
    "7": 0.15947,
    "8": 0.21461,
    "9": 0.19908,
    "10": 0.22146,
    "11": 0.23171,
    "12": 0.2163,
    "13": 0.21055,
    "14": 0.16103,
    "15": 0.15901,
    "16": 0.16428,
    "17": 0.19582,
    "18": 0.29642,
    "19": 0.31457,
    "20": 0.29802,
    "21": 0.28426,
    "22": 0.21777,
    "23": 0.1993
  }
}