{
  "day": "2023-01-06",
  "data": {
    "0": 0.15969,
    "1": 0.15571,
    "2": 0.15441,
    "3": 0.13937,
    "4": 0.13402,
    "5": 0.14002,
    "6": 0.15405,
    "7": 0.16315,
    "8": 0.1805,
    "9": 0.1749,
    "10": 0.16647,
    "11": 0.1523,
    "12": 0.14454,
    "13": 0.13208,
    "14": 0.1196,
    "15": 0.10874,
    "16": 0.12379,
    "17": 0.16641,
    "18": 0.17349,
    "19": 0.18617,
    "20": 0.18611,
    "21": 0.17845,
    "22": 0.13937,
    "23": 0.12935
  }
}