{
  "day": "2023-01-07",
  "data": {
    "0": 0.09899,
    "1": 0.08697,
    "2": 0.07428,
    "3": 0.07766,
    "4": 0.07314,
    "5": 0.06768,
    "6": 0.06521,
    "7": 0.06198,
    "8": 0.06498,
    "9": 0.06202,
    "10": 0.05066,
    "11": 0.04325,
    "12": 0.03876,
    "13": 0.03587,
    "14": 0.03289,
    "15": 0.03263,
    "16": 0.04094,
    "17": 0.05712,
    "18": 0.07148,
    "19": 0.07407,
    "20": 0.08197,
    "21": 0.07442,
    "22": 0.0594,
    "23": 0.05363
  }
}