{
  "day": "2023-01-08",
  "data": {
    "0": 0.04577,
    "1": 0.04604,
    "2": 0.04694,
    "3": 0.04718,
    "4": 0.04756,
    "5": 0.04777,
    "6": 0.04682,
    "7": 0.0452,
    "8": 0.04646,
    "9": 0.04402,
    "10": 0.03931,
    "11": 0.03789,
    "12": 0.03461,
    "13": 0.03408,
    "14": 0.03332,
    "15": 0.03328,
    "16": 0.03535,
    "17": 0.03617,
    "18": 0.04467,
    "19": 0.04931,
    "20": 0.0675,
    "21": 0.06766,
    "22": 0.04642,
    "23": 0.04095
  }
}