{
  "day": "2023-01-09",
  "data": {
    "0": 0.04107,
    "1": 0.04312,
    "2": 0.04446,
    "3": 0.04764,
    "4": 0.04981,
    "5": 0.04895,
    "6": 0.06922,
    "7": 0.12164,
    "8": 0.18462,
    "9": 0.18949,
    "10": 0.23316,
    "11": 0.22751,
    "12": 0.21658,
    "13": 0.19873,
    "14": 0.14033,
    "15": 0.1294,
    "16": 0.16201,
    "17": 0.19751,
    "18": 0.28204,
    "19": 0.29412,
    "20": 0.28212,
    "21": 0.2554,
    "22": 0.20231,
    "23": 0.17599
  }
}