{
  "day": "2023-01-11",
  "data": {
    "0": 0.07395,
    "1": 0.04275,
    "2": 0.04045,
    "3": 0.04356,
    "4": 0.04396,
    "5": 0.04498,
    "6": 0.11126,
    "7": 0.14518,
    "8": 0.2132,
    "9": 0.21258,
    "10": 0.24872,
    "11": 0.22075,
    "12": 0.20892,
    "13": 0.19432,
    "14": 0.12592,
    "15": 0.1217,
    "16": 0.15533,
    "17": 0.20477,
    "18": 0.25502,
    "19": 0.25011,
    "20": 0.25538,
    "21": 0.25287,
    "22": 0.18486,
    "23": 0.16461
  }
}