{
  "day": "2023-01-12",
  "data": {
    "0": 0.11146,
    "1": 0.09795,
    "2": 0.09932,
    "3": 0.10264,
    "4": 0.10209,
    "5": 0.10102,
    "6": 0.1368,
    "7": 0.16415,
    "8": 0.19163,
    "9": 0.18905,
    "10": 0.21354,
    "11": 0.2082,
    "12": 0.19342,
    "13": 0.18839,
    "14": 0.1292,
    "15": 0.12937,
    "16": 0.15846,
    "17": 0.18929,
    "18": 0.25118,
    "19": 0.26146,
    "20": 0.2624,
    "21": 0.22811,
    "22": 0.17039,
    "23": 0.12416
  }
}