{
  "day": "2023-01-13",
  "data": {
    "0": 0.10067,
    "1": 0.0834,
    "2": 0.07904,
    "3": 0.0824,
    "4": 0.08206,
    "5": 0.0816,
    "6": 0.09923,
    "7": 0.13521,
    "8": 0.17832,
    "9": 0.17495,
    "10": 0.21085,
    "11": 0.20151,
    "12": 0.1912,
    "13": 0.18192,
    "14": 0.1383,
    "15": 0.14067,
    "16": 0.15561,
    "17": 0.18089,
    "18": 0.24416,
    "19": 0.2704,
    "20": 0.27759,
    "21": 0.25766,
    "22": 0.17764,
    "23": 0.17114
  }
}