{
  "day": "2023-01-14",
  "data": {
    "0": 0.12504,
    "1": 0.11877,
    "2": 0.11223,
    "3": 0.09736,
    "4": 0.09204,
    "5": 0.0916,
    "6": 0.09423,
    "7": 0.10471,
    "8": 0.10313,
    "9": 0.10918,
    "10": 0.08727,
    "11": 0.07591,
    "12": 0.07603,
    "13": 0.07628,
    "14": 0.07047,
    "15": 0.06597,
    "16": 0.07752,
    "17": 0.09012,
    "18": 0.1018,
    "19": 0.10676,
    "20": 0.08914,
    "21": 0.0774,
    "22": 0.07805,
    "23": 0.0696
  }
}