{
  "day": "2023-01-18",
  "data": {
    "0": 0.02444,
    "1": 0.02083,
    "2": 0.02352,
    "3": 0.02621,
    "4": 0.02593,
    "5": 0.02582,
    "6": 0.02638,
    "7": 0.03592,
    "8": 0.07742,
    "9": 0.07247,
    "10": 0.10573,
    "11": 0.09534,
    "12": 0.09563,
    "13": 0.09638,
    "14": 0.04995,
    "15": 0.05005,
    "16": 0.05297,
    "17": 0.0626,
    "18": 0.1335,
    "19": 0.21769,
    "20": 0.2387,
    "21": 0.21125,
    "22": 0.07585,
    "23": 0.06436
  }
}