{
  "day": "2023-01-19",
  "data": {
    "0": 0.07183,
    "1": 0.06025,
    "2": 0.05583,
    "3": 0.05823,
    "4": 0.0571,
    "5": 0.05741,
    "6": 0.0592,
    "7": 0.09643,
    "8": 0.15981,
    "9": 0.12653,
    "10": 0.1256,
    "11": 0.11977,
    "12": 0.11869,
    "13": 0.11763,
    "14": 0.06884,
    "15": 0.06892,
    "16": 0.07267,
    "17": 0.07756,
    "18": 0.13858,
    "19": 0.15285,
    "20": 0.15952,
    "21": 0.14284,
    "22": 0.08381,
    "23": 0.07698
  }
}