{
  "day": "2023-01-21",
  "data": {
    "0": 0.11576,
    "1": 0.10103,
    "2": 0.09849,
    "3": 0.09639,
    "4": 0.09828,
    "5": 0.09252,
    "6": 0.09279,
    "7": 0.09702,
    "8": 0.09261,
    "9": 0.09099,
    "10": 0.08655,
    "11": 0.0809,
    "12": 0.07407,
    "13": 0.07273,
    "14": 0.07143,
    "15": 0.0693,
    "16": 0.09274,
    "17": 0.0865,
    "18": 0.11009,
    "19": 0.13281,
    "20": 0.15599,
    "21": 0.13163,
    "22": 0.10386,
    "23": 0.08709
  }
}