{
  "day": "2023-01-22",
  "data": {
    "0": 0.06733,
    "1": 0.05235,
    "2": 0.05755,
    "3": 0.05359,
    "4": 0.0538,
    "5": 0.05367,
    "6": 0.05006,
    "7": 0.05391,
    "8": 0.06899,
    "9": 0.06453,
    "10": 0.04245,
    "11": 0.04404,
    "12": 0.04176,
    "13": 0.04437,
    "14": 0.0443,
    "15": 0.04577,
    "16": 0.05255,
    "17": 0.06193,
    "18": 0.10642,
    "19": 0.12723,
    "20": 0.17544,
    "21": 0.16994,
    "22": 0.11272,
    "23": 0.09222
  }
}