{
  "day": "2023-01-23",
  "data": {
    "0": 0.09369,
    "1": 0.08144,
    "2": 0.07644,
    "3": 0.08234,
    "4": 0.08289,
    "5": 0.08445,
    "6": 0.09371,
    "7": 0.10249,
    "8": 0.1545,
    "9": 0.16219,
    "10": 0.16662,
    "11": 0.16236,
    "12": 0.16066,
    "13": 0.16097,
    "14": 0.10873,
    "15": 0.11038,
    "16": 0.1242,
    "17": 0.12697,
    "18": 0.21832,
    "19": 0.27614,
    "20": 0.27791,
    "21": 0.26887,
    "22": 0.14122,
    "23": 0.12567
  }
}