{
  "day": "2023-01-24",
  "data": {
    "0": 0.10255,
    "1": 0.0911,
    "2": 0.08851,
    "3": 0.08971,
    "4": 0.09264,
    "5": 0.0943,
    "6": 0.09946,
    "7": 0.11735,
    "8": 0.15881,
    "9": 0.15216,
    "10": 0.1703,
    "11": 0.16704,
    "12": 0.16737,
    "13": 0.16744,
    "14": 0.12212,
    "15": 0.12369,
    "16": 0.12381,
    "17": 0.15796,
    "18": 0.25658,
    "19": 0.3572,
    "20": 0.3547,
    "21": 0.28165,
    "22": 0.17515,
    "23": 0.15315
  }
}