{
  "day": "2023-01-27",
  "data": {
    "0": 0.08079,
    "1": 0.07947,
    "2": 0.06661,
    "3": 0.06525,
    "4": 0.06083,
    "5": 0.06738,
    "6": 0.07915,
    "7": 0.08235,
    "8": 0.12795,
    "9": 0.11553,
    "10": 0.14776,
    "11": 0.1274,
    "12": 0.1167,
    "13": 0.11533,
    "14": 0.06302,
    "15": 0.0662,
    "16": 0.0769,
    "17": 0.10286,
    "18": 0.1537,
    "19": 0.18294,
    "20": 0.18775,
    "21": 0.18317,
    "22": 0.13467,
    "23": 0.11001
  }
}