{
  "day": "2023-01-28",
  "data": {
    "0": 0.07325,
    "1": 0.07044,
    "2": 0.07142,
    "3": 0.07366,
    "4": 0.07324,
    "5": 0.07306,
    "6": 0.07257,
    "7": 0.07475,
    "8": 0.07875,
    "9": 0.07074,
    "10": 0.06174,
    "11": 0.05349,
    "12": 0.04661,
    "13": 0.0423,
    "14": 0.03915,
    "15": 0.03714,
    "16": 0.04636,
    "17": 0.06165,
    "18": 0.09414,
    "19": 0.10282,
    "20": 0.10871,
    "21": 0.10896,
    "22": 0.10486,
    "23": 0.09659
  }
}