{
  "day": "2023-01-29",
  "data": {
    "0": 0.09234,
    "1": 0.08198,
    "2": 0.08143,
    "3": 0.08082,
    "4": 0.08151,
    "5": 0.0813,
    "6": 0.08098,
    "7": 0.08112,
    "8": 0.07887,
    "9": 0.07582,
    "10": 0.06991,
    "11": 0.06655,
    "12": 0.06763,
    "13": 0.06893,
    "14": 0.06999,
    "15": 0.07138,
    "16": 0.07758,
    "17": 0.12984,
    "18": 0.16388,
    "19": 0.23329,
    "20": 0.22588,
    "21": 0.21338,
    "22": 0.17507,
    "23": 0.14809
  }
}