{
  "day": "2023-01-30",
  "data": {
    "0": 0.16949,
    "1": 0.17302,
    "2": 0.17399,
    "3": 0.16441,
    "4": 0.1408,
    "5": 0.17343,
    "6": 0.16896,
    "7": 0.19356,
    "8": 0.25429,
    "9": 0.2265,
    "10": 0.23933,
    "11": 0.2377,
    "12": 0.235,
    "13": 0.23259,
    "14": 0.18548,
    "15": 0.18691,
    "16": 0.19033,
    "17": 0.19657,
    "18": 0.2872,
    "19": 0.35459,
    "20": 0.3142,
    "21": 0.29649,
    "22": 0.19962,
    "23": 0.17951
  }
}