{
  "day": "2023-01-31",
  "data": {
    "0": 0.17438,
    "1": 0.15519,
    "2": 0.14543,
    "3": 0.15806,
    "4": 0.15946,
    "5": 0.15826,
    "6": 0.15533,
    "7": 0.18648,
    "8": 0.24333,
    "9": 0.20982,
    "10": 0.22561,
    "11": 0.21352,
    "12": 0.21855,
    "13": 0.21905,
    "14": 0.17225,
    "15": 0.17226,
    "16": 0.17402,
    "17": 0.19438,
    "18": 0.26672,
    "19": 0.31704,
    "20": 0.3046,
    "21": 0.28989,
    "22": 0.21319,
    "23": 0.19696
  }
}