{
  "day": "2024-03-02",
  "data": {
    "0": 0.04563,
    "1": 0.04555,
    "2": 0.04579,
    "3": 0.04473,
    "4": 0.04632,
    "5": 0.0461,
    "6": 0.04473,
    "7": 0.04448,
    "8": 0.04736,
    "9": 0.04414,
    "10": 0.04488,
    "11": 0.04357,
    "12": 0.04334,
    "13": 0.04241,
    "14": 0.04265,
    "15": 0.04292,
    "16": 0.04596,
    "17": 0.04657,
    "18": 0.04397,
    "19": 0.04679,
    "20": 0.07495,
    "21": 0.07511,
    "22": 0.04532,
    "23": 0.043
  }
}