{
  "day": "2024-03-04",
  "data": {
    "0": 0.05357,
    "1": 0.05175,
    "2": 0.05453,
    "3": 0.05546,
    "4": 0.0551,
    "5": 0.05422,
    "6": 0.0516,
    "7": 0.06612,
    "8": 0.09371,
    "9": 0.08143,
    "10": 0.07437,
    "11": 0.12077,
    "12": 0.12109,
    "13": 0.12056,
    "14": 0.11936,
    "15": 0.06899,
    "16": 0.07103,
    "17": 0.07224,
    "18": 0.07082,
    "19": 0.12854,
    "20": 0.14131,
    "21": 0.13331,
    "22": 0.12751,
    "23": 0.07018
  }
}