{
  "day": "2024-03-05",
  "data": {
    "0": 0.04299,
    "1": 0.04278,
    "2": 0.04561,
    "3": 0.04556,
    "4": 0.04681,
    "5": 0.0487,
    "6": 0.06481,
    "7": 0.09118,
    "8": 0.13051,
    "9": 0.07843,
    "10": 0.06866,
    "11": 0.11429,
    "12": 0.11395,
    "13": 0.11355,
    "14": 0.11395,
    "15": 0.06507,
    "16": 0.06761,
    "17": 0.07919,
    "18": 0.11406,
    "19": 0.25188,
    "20": 0.25706,
    "21": 0.22072,
    "22": 0.20647,
    "23": 0.14166
  }
}