{
  "day": "2024-03-07",
  "data": {
    "0": 0.05965,
    "1": 0.05107,
    "2": 0.05141,
    "3": 0.04998,
    "4": 0.05003,
    "5": 0.04953,
    "6": 0.0497,
    "7": 0.05881,
    "8": 0.0862,
    "9": 0.07292,
    "10": 0.07206,
    "11": 0.12101,
    "12": 0.12,
    "13": 0.11847,
    "14": 0.11888,
    "15": 0.06913,
    "16": 0.07105,
    "17": 0.07465,
    "18": 0.07468,
    "19": 0.14535,
    "20": 0.15616,
    "21": 0.15109,
    "22": 0.13531,
    "23": 0.07329
  }
}