{
  "day": "2024-03-11",
  "data": {
    "0": 0.04516,
    "1": 0.04483,
    "2": 0.0451,
    "3": 0.04541,
    "4": 0.04546,
    "5": 0.04455,
    "6": 0.04566,
    "7": 0.04638,
    "8": 0.07215,
    "9": 0.06793,
    "10": 0.06741,
    "11": 0.11708,
    "12": 0.11679,
    "13": 0.11659,
    "14": 0.11734,
    "15": 0.06772,
    "16": 0.06896,
    "17": 0.07017,
    "18": 0.07469,
    "19": 0.1972,
    "20": 0.21765,
    "21": 0.20499,
    "22": 0.20553,
    "23": 0.09476
  }
}