{
  "day": "2024-03-13",
  "data": {
    "0": 0.10098,
    "1": 0.08115,
    "2": 0.07459,
    "3": 0.07286,
    "4": 0.07405,
    "5": 0.07435,
    "6": 0.10527,
    "7": 0.13668,
    "8": 0.16083,
    "9": 0.08586,
    "10": 0.07344,
    "11": 0.11548,
    "12": 0.11506,
    "13": 0.11366,
    "14": 0.11374,
    "15": 0.06472,
    "16": 0.06706,
    "17": 0.08569,
    "18": 0.14563,
    "19": 0.22182,
    "20": 0.26379,
    "21": 0.2101,
    "22": 0.18849,
    "23": 0.12711
  }
}