{
  "day": "2024-03-14",
  "data": {
    "0": 0.08138,
    "1": 0.07705,
    "2": 0.07417,
    "3": 0.07352,
    "4": 0.07409,
    "5": 0.08014,
    "6": 0.08205,
    "7": 0.13829,
    "8": 0.14437,
    "9": 0.10156,
    "10": 0.09776,
    "11": 0.12697,
    "12": 0.125,
    "13": 0.1235,
    "14": 0.11758,
    "15": 0.06767,
    "16": 0.07545,
    "17": 0.08853,
    "18": 0.10103,
    "19": 0.21221,
    "20": 0.20282,
    "21": 0.18529,
    "22": 0.18353,
    "23": 0.10272
  }
}