{
  "day": "2024-03-15",
  "data": {
    "0": 0.07874,
    "1": 0.07216,
    "2": 0.07109,
    "3": 0.06847,
    "4": 0.06585,
    "5": 0.06947,
    "6": 0.07635,
    "7": 0.09388,
    "8": 0.10593,
    "9": 0.08812,
    "10": 0.07893,
    "11": 0.12779,
    "12": 0.1254,
    "13": 0.12402,
    "14": 0.12423,
    "15": 0.07451,
    "16": 0.08023,
    "17": 0.09081,
    "18": 0.10454,
    "19": 0.21053,
    "20": 0.25358,
    "21": 0.23732,
    "22": 0.19827,
    "23": 0.11747
  }
}