{
  "day": "2024-03-16",
  "data": {
    "0": 0.09541,
    "1": 0.09369,
    "2": 0.09067,
    "3": 0.08784,
    "4": 0.08744,
    "5": 0.0938,
    "6": 0.10096,
    "7": 0.08697,
    "8": 0.07121,
    "9": 0.05936,
    "10": 0.05414,
    "11": 0.04779,
    "12": 0.04603,
    "13": 0.04491,
    "14": 0.04278,
    "15": 0.04301,
    "16": 0.04925,
    "17": 0.05986,
    "18": 0.0946,
    "19": 0.13676,
    "20": 0.13878,
    "21": 0.12902,
    "22": 0.10157,
    "23": 0.08232
  }
}