{
  "day": "2024-03-18",
  "data": {
    "0": 0.1143,
    "1": 0.09977,
    "2": 0.09948,
    "3": 0.09963,
    "4": 0.09675,
    "5": 0.09351,
    "6": 0.10642,
    "7": 0.13952,
    "8": 0.1648,
    "9": 0.11546,
    "10": 0.10387,
    "11": 0.14673,
    "12": 0.14553,
    "13": 0.14485,
    "14": 0.14495,
    "15": 0.09651,
    "16": 0.1077,
    "17": 0.11337,
    "18": 0.13656,
    "19": 0.24785,
    "20": 0.23457,
    "21": 0.2132,
    "22": 0.1953,
    "23": 0.13611
  }
}