{
  "day": "2024-03-19",
  "data": {
    "0": 0.11119,
    "1": 0.10904,
    "2": 0.10285,
    "3": 0.10001,
    "4": 0.09641,
    "5": 0.10193,
    "6": 0.12039,
    "7": 0.14598,
    "8": 0.16476,
    "9": 0.12132,
    "10": 0.09683,
    "11": 0.14407,
    "12": 0.14443,
    "13": 0.14489,
    "14": 0.14629,
    "15": 0.09561,
    "16": 0.09892,
    "17": 0.11916,
    "18": 0.13951,
    "19": 0.25044,
    "20": 0.22829,
    "21": 0.20769,
    "22": 0.19813,
    "23": 0.14195
  }
}