{
  "day": "2024-03-20",
  "data": {
    "0": 0.11561,
    "1": 0.11628,
    "2": 0.10869,
    "3": 0.09531,
    "4": 0.08659,
    "5": 0.10319,
    "6": 0.11388,
    "7": 0.13281,
    "8": 0.15362,
    "9": 0.12572,
    "10": 0.09698,
    "11": 0.14751,
    "12": 0.14694,
    "13": 0.13945,
    "14": 0.13979,
    "15": 0.09193,
    "16": 0.09871,
    "17": 0.09666,
    "18": 0.12379,
    "19": 0.21681,
    "20": 0.2217,
    "21": 0.19592,
    "22": 0.1854,
    "23": 0.11413
  }
}