{
  "day": "2024-03-21",
  "data": {
    "0": 0.08028,
    "1": 0.08217,
    "2": 0.08288,
    "3": 0.08366,
    "4": 0.08331,
    "5": 0.08336,
    "6": 0.08084,
    "7": 0.10168,
    "8": 0.11395,
    "9": 0.10334,
    "10": 0.09844,
    "11": 0.13484,
    "12": 0.13496,
    "13": 0.13236,
    "14": 0.13017,
    "15": 0.07875,
    "16": 0.08453,
    "17": 0.09417,
    "18": 0.10034,
    "19": 0.19303,
    "20": 0.20906,
    "21": 0.18779,
    "22": 0.16924,
    "23": 0.1089
  }
}