{
  "day": "2024-03-22",
  "data": {
    "0": 0.0756,
    "1": 0.07151,
    "2": 0.07103,
    "3": 0.07107,
    "4": 0.07363,
    "5": 0.07809,
    "6": 0.08654,
    "7": 0.10071,
    "8": 0.10737,
    "9": 0.09108,
    "10": 0.08547,
    "11": 0.12818,
    "12": 0.12454,
    "13": 0.12242,
    "14": 0.12153,
    "15": 0.07433,
    "16": 0.07518,
    "17": 0.08684,
    "18": 0.10982,
    "19": 0.18262,
    "20": 0.17945,
    "21": 0.15679,
    "22": 0.15304,
    "23": 0.0862
  }
}