{
  "day": "2024-03-23",
  "data": {
    "0": 0.06318,
    "1": 0.06428,
    "2": 0.06209,
    "3": 0.06487,
    "4": 0.06456,
    "5": 0.06448,
    "6": 0.06384,
    "7": 0.06165,
    "8": 0.05323,
    "9": 0.05025,
    "10": 0.04951,
    "11": 0.04598,
    "12": 0.0464,
    "13": 0.04576,
    "14": 0.04604,
    "15": 0.04645,
    "16": 0.05127,
    "17": 0.05205,
    "18": 0.05272,
    "19": 0.05165,
    "20": 0.05833,
    "21": 0.05711,
    "22": 0.05319,
    "23": 0.05455
  }
}