{
  "day": "2024-03-26",
  "data": {
    "0": 0.05203,
    "1": 0.05453,
    "2": 0.05381,
    "3": 0.05204,
    "4": 0.05198,
    "5": 0.05175,
    "6": 0.05318,
    "7": 0.05349,
    "8": 0.07836,
    "9": 0.07715,
    "10": 0.07627,
    "11": 0.12651,
    "12": 0.12682,
    "13": 0.12641,
    "14": 0.12661,
    "15": 0.07693,
    "16": 0.077,
    "17": 0.07438,
    "18": 0.07394,
    "19": 0.12603,
    "20": 0.13524,
    "21": 0.12763,
    "22": 0.12392,
    "23": 0.07315
  }
}