{
  "day": "2024-03-27",
  "data": {
    "0": 0.05147,
    "1": 0.04926,
    "2": 0.05262,
    "3": 0.05294,
    "4": 0.05296,
    "5": 0.05223,
    "6": 0.05181,
    "7": 0.05015,
    "8": 0.07605,
    "9": 0.07543,
    "10": 0.07742,
    "11": 0.12905,
    "12": 0.12935,
    "13": 0.12984,
    "14": 0.13011,
    "15": 0.0804,
    "16": 0.07944,
    "17": 0.07831,
    "18": 0.07553,
    "19": 0.12637,
    "20": 0.12611,
    "21": 0.12638,
    "22": 0.12781,
    "23": 0.07722
  }
}