{
  "day": "2024-03-29",
  "data": {
    "0": 0.05827,
    "1": 0.05815,
    "2": 0.0592,
    "3": 0.05998,
    "4": 0.06041,
    "5": 0.06035,
    "6": 0.06011,
    "7": 0.06029,
    "8": 0.08372,
    "9": 0.0832,
    "10": 0.07889,
    "11": 0.1264,
    "12": 0.12677,
    "13": 0.1262,
    "14": 0.12557,
    "15": 0.07618,
    "16": 0.07944,
    "17": 0.07817,
    "18": 0.08134,
    "19": 0.1314,
    "20": 0.14258,
    "21": 0.14901,
    "22": 0.14148,
    "23": 0.09198
  }
}