{
  "day": "2024-03-30",
  "data": {
    "0": 0.07247,
    "1": 0.0708,
    "2": 0.07118,
    "3": 0.07038,
    "4": 0.07073,
    "5": 0.07049,
    "6": 0.07103,
    "7": 0.06785,
    "8": 0.06149,
    "9": 0.05353,
    "10": 0.05103,
    "11": 0.04921,
    "12": 0.0498,
    "13": 0.04881,
    "14": 0.0484,
    "15": 0.05005,
    "16": 0.05262,
    "17": 0.05373,
    "18": 0.05429,
    "19": 0.05906,
    "20": 0.06478,
    "21": 0.06535,
    "22": 0.05434,
    "23": 0.0518
  }
}