{
  "day": "2023-10-01",
  "data": {
    "0": 0.16873,
    "1": 0.16443,
    "2": 0.15628,
    "3": 0.15358,
    "4": 0.15241,
    "5": 0.15199,
    "6": 0.15722,
    "7": 0.16984,
    "8": 0.16547,
    "9": 0.13941,
    "10": 0.08718,
    "11": 0.06309,
    "12": 0.0629,
    "13": 0.0656,
    "14": 0.06302,
    "15": 0.0305,
    "16": 0.09689,
    "17": 0.13061,
    "18": 0.15954,
    "19": 0.16924,
    "20": 0.17765,
    "21": 0.18246,
    "22": 0.17675,
    "23": 0.16886
  }
}