{
  "day": "2023-10-02",
  "data": {
    "0": 0.16374,
    "1": 0.1562,
    "2": 0.14252,
    "3": 0.14065,
    "4": 0.13948,
    "5": 0.14181,
    "6": 0.16376,
    "7": 0.17707,
    "8": 0.21292,
    "9": 0.18871,
    "10": 0.21295,
    "11": 0.19481,
    "12": 0.19295,
    "13": 0.19083,
    "14": 0.14791,
    "15": 0.15161,
    "16": 0.15895,
    "17": 0.16887,
    "18": 0.23948,
    "19": 0.25649,
    "20": 0.27267,
    "21": 0.25184,
    "22": 0.19896,
    "23": 0.1953
  }
}