{
  "day": "2023-10-03",
  "data": {
    "0": 0.16374,
    "1": 0.16084,
    "2": 0.14984,
    "3": 0.15621,
    "4": 0.16496,
    "5": 0.16881,
    "6": 0.16813,
    "7": 0.17038,
    "8": 0.19998,
    "9": 0.18608,
    "10": 0.21372,
    "11": 0.19512,
    "12": 0.19573,
    "13": 0.19244,
    "14": 0.13268,
    "15": 0.12115,
    "16": 0.0862,
    "17": 0.12908,
    "18": 0.19968,
    "19": 0.23215,
    "20": 0.23854,
    "21": 0.23359,
    "22": 0.1788,
    "23": 0.15725
  }
}