{
  "day": "2023-10-05",
  "data": {
    "0": 0.13783,
    "1": 0.1252,
    "2": 0.13525,
    "3": 0.13994,
    "4": 0.13789,
    "5": 0.14207,
    "6": 0.13799,
    "7": 0.15596,
    "8": 0.18973,
    "9": 0.1701,
    "10": 0.18991,
    "11": 0.18506,
    "12": 0.18312,
    "13": 0.18148,
    "14": 0.13711,
    "15": 0.14158,
    "16": 0.14183,
    "17": 0.14414,
    "18": 0.21938,
    "19": 0.24668,
    "20": 0.25061,
    "21": 0.23854,
    "22": 0.18753,
    "23": 0.17769
  }
}