{
  "day": "2023-10-06",
  "data": {
    "0": 0.15545,
    "1": 0.15375,
    "2": 0.15064,
    "3": 0.14997,
    "4": 0.14322,
    "5": 0.1336,
    "6": 0.14915,
    "7": 0.15678,
    "8": 0.18745,
    "9": 0.17087,
    "10": 0.19869,
    "11": 0.18614,
    "12": 0.18524,
    "13": 0.18401,
    "14": 0.13954,
    "15": 0.13976,
    "16": 0.14478,
    "17": 0.14942,
    "18": 0.21772,
    "19": 0.2255,
    "20": 0.23831,
    "21": 0.22926,
    "22": 0.18128,
    "23": 0.17623
  }
}