{
  "day": "2023-10-11",
  "data": {
    "0": 0.17502,
    "1": 0.17504,
    "2": 0.17525,
    "3": 0.17508,
    "4": 0.17554,
    "5": 0.17416,
    "6": 0.17175,
    "7": 0.17753,
    "8": 0.21264,
    "9": 0.19933,
    "10": 0.21482,
    "11": 0.20361,
    "12": 0.20204,
    "13": 0.20321,
    "14": 0.15715,
    "15": 0.15425,
    "16": 0.1596,
    "17": 0.17016,
    "18": 0.24182,
    "19": 0.2544,
    "20": 0.2726,
    "21": 0.26088,
    "22": 0.21028,
    "23": 0.20704
  }
}