{
  "day": "2023-10-15",
  "data": {
    "0": 0.19256,
    "1": 0.19824,
    "2": 0.19827,
    "3": 0.19612,
    "4": 0.19664,
    "5": 0.201,
    "6": 0.2004,
    "7": 0.19635,
    "8": 0.19967,
    "9": 0.19602,
    "10": 0.15986,
    "11": 0.14295,
    "12": 0.14295,
    "13": 0.14638,
    "14": 0.14641,
    "15": 0.14293,
    "16": 0.14623,
    "17": 0.18691,
    "18": 0.19477,
    "19": 0.20542,
    "20": 0.20891,
    "21": 0.20843,
    "22": 0.19844,
    "23": 0.19311
  }
}