{
  "day": "2023-10-16",
  "data": {
    "0": 0.18697,
    "1": 0.18568,
    "2": 0.17083,
    "3": 0.15829,
    "4": 0.15581,
    "5": 0.15607,
    "6": 0.18449,
    "7": 0.20202,
    "8": 0.24954,
    "9": 0.22229,
    "10": 0.2527,
    "11": 0.24799,
    "12": 0.24334,
    "13": 0.24208,
    "14": 0.19137,
    "15": 0.18288,
    "16": 0.20652,
    "17": 0.21428,
    "18": 0.26731,
    "19": 0.34571,
    "20": 0.27686,
    "21": 0.25874,
    "22": 0.20677,
    "23": 0.19141
  }
}