{
  "day": "2023-10-17",
  "data": {
    "0": 0.17024,
    "1": 0.15756,
    "2": 0.15259,
    "3": 0.14397,
    "4": 0.14121,
    "5": 0.14269,
    "6": 0.15777,
    "7": 0.1789,
    "8": 0.21433,
    "9": 0.2024,
    "10": 0.23949,
    "11": 0.22193,
    "12": 0.20337,
    "13": 0.20137,
    "14": 0.15381,
    "15": 0.15437,
    "16": 0.15497,
    "17": 0.15704,
    "18": 0.21718,
    "19": 0.22803,
    "20": 0.24213,
    "21": 0.2148,
    "22": 0.16048,
    "23": 0.15151
  }
}