{
  "day": "2023-10-18",
  "data": {
    "0": 0.0991,
    "1": 0.07349,
    "2": 0.0629,
    "3": 0.04611,
    "4": 0.04059,
    "5": 0.0456,
    "6": 0.08574,
    "7": 0.11069,
    "8": 0.16383,
    "9": 0.15682,
    "10": 0.19312,
    "11": 0.17433,
    "12": 0.16391,
    "13": 0.16174,
    "14": 0.10582,
    "15": 0.1014,
    "16": 0.10344,
    "17": 0.12041,
    "18": 0.19155,
    "19": 0.21352,
    "20": 0.21233,
    "21": 0.19511,
    "22": 0.13214,
    "23": 0.11819
  }
}