{
  "day": "2023-10-21",
  "data": {
    "0": 0.09411,
    "1": 0.07764,
    "2": 0.08152,
    "3": 0.06683,
    "4": 0.0578,
    "5": 0.05787,
    "6": 0.07097,
    "7": 0.09351,
    "8": 0.09341,
    "9": 0.09166,
    "10": 0.0757,
    "11": 0.06035,
    "12": 0.04831,
    "13": 0.03412,
    "14": 0.03852,
    "15": 0.04379,
    "16": 0.0459,
    "17": 0.08617,
    "18": 0.12929,
    "19": 0.18555,
    "20": 0.25562,
    "21": 0.23039,
    "22": 0.18924,
    "23": 0.1785
  }
}