{
  "day": "2023-10-22",
  "data": {
    "0": 0.17691,
    "1": 0.16242,
    "2": 0.16301,
    "3": 0.16132,
    "4": 0.16093,
    "5": 0.15676,
    "6": 0.15181,
    "7": 0.14089,
    "8": 0.1338,
    "9": 0.12567,
    "10": 0.10899,
    "11": 0.09259,
    "12": 0.08535,
    "13": 0.08356,
    "14": 0.07715,
    "15": 0.08592,
    "16": 0.10527,
    "17": 0.11516,
    "18": 0.12529,
    "19": 0.14444,
    "20": 0.15376,
    "21": 0.14826,
    "22": 0.13173,
    "23": 0.11428
  }
}