{
  "day": "2023-10-23",
  "data": {
    "0": 0.15497,
    "1": 0.15283,
    "2": 0.15445,
    "3": 0.15314,
    "4": 0.15109,
    "5": 0.15089,
    "6": 0.14804,
    "7": 0.17791,
    "8": 0.22863,
    "9": 0.2148,
    "10": 0.23448,
    "11": 0.21325,
    "12": 0.2073,
    "13": 0.2074,
    "14": 0.1685,
    "15": 0.17408,
    "16": 0.18022,
    "17": 0.19635,
    "18": 0.24578,
    "19": 0.27057,
    "20": 0.33759,
    "21": 0.27919,
    "22": 0.19295,
    "23": 0.19332
  }
}