{
  "day": "2023-10-24",
  "data": {
    "0": 0.16844,
    "1": 0.16754,
    "2": 0.16431,
    "3": 0.15674,
    "4": 0.15192,
    "5": 0.14587,
    "6": 0.15334,
    "7": 0.16073,
    "8": 0.20108,
    "9": 0.1881,
    "10": 0.21762,
    "11": 0.18403,
    "12": 0.17656,
    "13": 0.16692,
    "14": 0.12296,
    "15": 0.12484,
    "16": 0.13959,
    "17": 0.16049,
    "18": 0.22105,
    "19": 0.23337,
    "20": 0.24064,
    "21": 0.23022,
    "22": 0.184,
    "23": 0.16583
  }
}