{
  "day": "2023-10-30",
  "data": {
    "0": 0.04635,
    "1": 0.04816,
    "2": 0.04781,
    "3": 0.0456,
    "4": 0.04435,
    "5": 0.04601,
    "6": 0.06891,
    "7": 0.11823,
    "8": 0.15486,
    "9": 0.09872,
    "10": 0.13599,
    "11": 0.1191,
    "12": 0.1058,
    "13": 0.10336,
    "14": 0.0579,
    "15": 0.05939,
    "16": 0.06112,
    "17": 0.0959,
    "18": 0.16875,
    "19": 0.19612,
    "20": 0.20703,
    "21": 0.20542,
    "22": 0.12925,
    "23": 0.09654
  }
}