{
  "day": "2024-10-02",
  "data": {
    "0": 0.13264,
    "1": 0.13719,
    "2": 0.1377,
    "3": 0.12879,
    "4": 0.12803,
    "5": 0.12174,
    "6": 0.13726,
    "7": 0.15591,
    "8": 0.20686,
    "9": 0.17749,
    "10": 0.20124,
    "11": 0.19788,
    "12": 0.1942,
    "13": 0.18457,
    "14": 0.1214,
    "15": 0.12248,
    "16": 0.13049,
    "17": 0.14254,
    "18": 0.21459,
    "19": 0.22806,
    "20": 0.22824,
    "21": 0.2097,
    "22": 0.15434,
    "23": 0.14778
  }
}