{
  "day": "2024-10-05",
  "data": {
    "0": 0.13828,
    "1": 0.13261,
    "2": 0.13329,
    "3": 0.13407,
    "4": 0.13133,
    "5": 0.12845,
    "6": 0.13466,
    "7": 0.14762,
    "8": 0.15668,
    "9": 0.13543,
    "10": 0.09636,
    "11": 0.07685,
    "12": 0.03205,
    "13": 0.02977,
    "14": 0.02993,
    "15": 0.03051,
    "16": 0.03092,
    "17": 0.03279,
    "18": 0.08708,
    "19": 0.13277,
    "20": 0.14081,
    "21": 0.12862,
    "22": 0.12622,
    "23": 0.11562
  }
}