{
  "day": "2024-10-06",
  "data": {
    "0": 0.10714,
    "1": 0.08938,
    "2": 0.08507,
    "3": 0.07077,
    "4": 0.06588,
    "5": 0.06554,
    "6": 0.0704,
    "7": 0.07054,
    "8": 0.06988,
    "9": 0.07473,
    "10": 0.05245,
    "11": 0.04333,
    "12": 0.04228,
    "13": 0.04219,
    "14": 0.04216,
    "15": 0.04305,
    "16": 0.04353,
    "17": 0.04678,
    "18": 0.07199,
    "19": 0.1163,
    "20": 0.13257,
    "21": 0.14162,
    "22": 0.11889,
    "23": 0.11159
  }
}