{
  "day": "2024-10-07",
  "data": {
    "0": 0.11655,
    "1": 0.09656,
    "2": 0.09182,
    "3": 0.08403,
    "4": 0.07892,
    "5": 0.07872,
    "6": 0.09968,
    "7": 0.13069,
    "8": 0.18366,
    "9": 0.16608,
    "10": 0.18438,
    "11": 0.17472,
    "12": 0.16038,
    "13": 0.14321,
    "14": 0.09125,
    "15": 0.09051,
    "16": 0.09523,
    "17": 0.12055,
    "18": 0.19019,
    "19": 0.19552,
    "20": 0.20565,
    "21": 0.18681,
    "22": 0.13895,
    "23": 0.13456
  }
}