{
  "day": "2024-10-08",
  "data": {
    "0": 0.08154,
    "1": 0.07324,
    "2": 0.06909,
    "3": 0.05559,
    "4": 0.05331,
    "5": 0.07093,
    "6": 0.0895,
    "7": 0.10257,
    "8": 0.16022,
    "9": 0.12253,
    "10": 0.15126,
    "11": 0.12035,
    "12": 0.11999,
    "13": 0.11723,
    "14": 0.06712,
    "15": 0.06779,
    "16": 0.0688,
    "17": 0.0825,
    "18": 0.18508,
    "19": 0.21713,
    "20": 0.22262,
    "21": 0.21601,
    "22": 0.12626,
    "23": 0.11281
  }
}