{
  "day": "2024-10-09",
  "data": {
    "0": 0.07411,
    "1": 0.06446,
    "2": 0.0647,
    "3": 0.06439,
    "4": 0.06453,
    "5": 0.06624,
    "6": 0.07045,
    "7": 0.09198,
    "8": 0.14378,
    "9": 0.13281,
    "10": 0.1663,
    "11": 0.16025,
    "12": 0.15219,
    "13": 0.14481,
    "14": 0.07923,
    "15": 0.07678,
    "16": 0.07727,
    "17": 0.08736,
    "18": 0.15977,
    "19": 0.16994,
    "20": 0.18886,
    "21": 0.17483,
    "22": 0.12494,
    "23": 0.12131
  }
}