{
  "day": "2024-10-15",
  "data": {
    "0": 0.11587,
    "1": 0.11441,
    "2": 0.11878,
    "3": 0.11289,
    "4": 0.10655,
    "5": 0.10845,
    "6": 0.1072,
    "7": 0.12502,
    "8": 0.1882,
    "9": 0.17775,
    "10": 0.20245,
    "11": 0.19365,
    "12": 0.18639,
    "13": 0.18695,
    "14": 0.12947,
    "15": 0.13256,
    "16": 0.14511,
    "17": 0.14527,
    "18": 0.20738,
    "19": 0.21883,
    "20": 0.23923,
    "21": 0.2168,
    "22": 0.15475,
    "23": 0.14514
  }
}