{
  "day": "2024-10-16",
  "data": {
    "0": 0.09977,
    "1": 0.09401,
    "2": 0.0922,
    "3": 0.08641,
    "4": 0.08612,
    "5": 0.08521,
    "6": 0.09909,
    "7": 0.0921,
    "8": 0.13019,
    "9": 0.12347,
    "10": 0.14521,
    "11": 0.12608,
    "12": 0.11354,
    "13": 0.11247,
    "14": 0.06567,
    "15": 0.07814,
    "16": 0.09843,
    "17": 0.12413,
    "18": 0.19851,
    "19": 0.20801,
    "20": 0.23629,
    "21": 0.2287,
    "22": 0.15808,
    "23": 0.15214
  }
}