{
  "day": "2024-10-19",
  "data": {
    "0": 0.11897,
    "1": 0.1179,
    "2": 0.10856,
    "3": 0.09721,
    "4": 0.09746,
    "5": 0.09768,
    "6": 0.11043,
    "7": 0.11438,
    "8": 0.1222,
    "9": 0.12215,
    "10": 0.10426,
    "11": 0.08065,
    "12": 0.06742,
    "13": 0.05229,
    "14": 0.04851,
    "15": 0.0406,
    "16": 0.04561,
    "17": 0.07779,
    "18": 0.10408,
    "19": 0.11914,
    "20": 0.12944,
    "21": 0.14187,
    "22": 0.12812,
    "23": 0.12095
  }
}