{
  "day": "2024-10-21",
  "data": {
    "0": 0.13385,
    "1": 0.12739,
    "2": 0.11448,
    "3": 0.10946,
    "4": 0.10922,
    "5": 0.11391,
    "6": 0.12863,
    "7": 0.14074,
    "8": 0.19075,
    "9": 0.16802,
    "10": 0.19784,
    "11": 0.19068,
    "12": 0.17832,
    "13": 0.17327,
    "14": 0.12303,
    "15": 0.12468,
    "16": 0.13086,
    "17": 0.15564,
    "18": 0.2181,
    "19": 0.28101,
    "20": 0.30439,
    "21": 0.23764,
    "22": 0.16358,
    "23": 0.15657
  }
}