{
  "day": "2024-10-25",
  "data": {
    "0": 0.10187,
    "1": 0.10043,
    "2": 0.08948,
    "3": 0.08997,
    "4": 0.09558,
    "5": 0.08698,
    "6": 0.09921,
    "7": 0.111,
    "8": 0.16097,
    "9": 0.14739,
    "10": 0.18445,
    "11": 0.17512,
    "12": 0.16828,
    "13": 0.1668,
    "14": 0.11402,
    "15": 0.10565,
    "16": 0.10395,
    "17": 0.12157,
    "18": 0.18629,
    "19": 0.22269,
    "20": 0.22527,
    "21": 0.21121,
    "22": 0.15236,
    "23": 0.14603
  }
}