{
  "day": "2024-10-26",
  "data": {
    "0": 0.11909,
    "1": 0.10971,
    "2": 0.10451,
    "3": 0.09635,
    "4": 0.09642,
    "5": 0.09501,
    "6": 0.1033,
    "7": 0.10801,
    "8": 0.10469,
    "9": 0.11825,
    "10": 0.09874,
    "11": 0.08635,
    "12": 0.063,
    "13": 0.06247,
    "14": 0.05278,
    "15": 0.04255,
    "16": 0.04332,
    "17": 0.08795,
    "18": 0.10828,
    "19": 0.14378,
    "20": 0.13164,
    "21": 0.11432,
    "22": 0.11769,
    "23": 0.12457
  }
}