{
  "day": "2024-10-28",
  "data": {
    "0": 0.10965,
    "1": 0.10087,
    "2": 0.1011,
    "3": 0.09678,
    "4": 0.09739,
    "5": 0.10134,
    "6": 0.11571,
    "7": 0.12842,
    "8": 0.1696,
    "9": 0.13082,
    "10": 0.1717,
    "11": 0.16178,
    "12": 0.15883,
    "13": 0.16043,
    "14": 0.11264,
    "15": 0.11557,
    "16": 0.15518,
    "17": 0.18714,
    "18": 0.27562,
    "19": 0.25474,
    "20": 0.23204,
    "21": 0.22654,
    "22": 0.16602,
    "23": 0.14977
  }
}