{
  "day": "2026-05-01",
  "data": {
    "0": 0.15199,
    "1": 0.149,
    "2": 0.15554,
    "3": 0.15637,
    "4": 0.15663,
    "5": 0.15906,
    "6": 0.16179,
    "7": 0.16308,
    "8": 0.12712,
    "9": 0.06133,
    "10": 0.03144,
    "11": 0.03043,
    "12": 0.02984,
    "13": 0.02913,
    "14": 0.02925,
    "15": 0.03097,
    "16": 0.03187,
    "17": 0.03304,
    "18": 0.04431,
    "19": 0.09137,
    "20": 0.13824,
    "21": 0.15065,
    "22": 0.15051,
    "23": 0.14621
  }
}