{
  "day": "2026-05-02",
  "data": {
    "0": 0.14094,
    "1": 0.13946,
    "2": 0.12712,
    "3": 0.11387,
    "4": 0.1147,
    "5": 0.11541,
    "6": 0.11355,
    "7": 0.11102,
    "8": 0.11491,
    "9": 0.09275,
    "10": 0.06056,
    "11": 0.03934,
    "12": 0.03423,
    "13": 0.03311,
    "14": 0.03322,
    "15": 0.03301,
    "16": 0.03348,
    "17": 0.03664,
    "18": 0.04911,
    "19": 0.095,
    "20": 0.11652,
    "21": 0.13808,
    "22": 0.13871,
    "23": 0.13092
  }
}