{
  "day": "2026-05-04",
  "data": {
    "0": 0.1496,
    "1": 0.14163,
    "2": 0.13558,
    "3": 0.13292,
    "4": 0.13303,
    "5": 0.13884,
    "6": 0.14785,
    "7": 0.17568,
    "8": 0.18849,
    "9": 0.14453,
    "10": 0.16146,
    "11": 0.12063,
    "12": 0.11464,
    "13": 0.1138,
    "14": 0.04375,
    "15": 0.04405,
    "16": 0.04407,
    "17": 0.04574,
    "18": 0.11913,
    "19": 0.17358,
    "20": 0.25027,
    "21": 0.28216,
    "22": 0.21947,
    "23": 0.1943
  }
}