{
  "day": "2026-05-07",
  "data": {
    "0": 0.14195,
    "1": 0.13411,
    "2": 0.1271,
    "3": 0.12244,
    "4": 0.12193,
    "5": 0.12949,
    "6": 0.14547,
    "7": 0.16214,
    "8": 0.17138,
    "9": 0.13302,
    "10": 0.1554,
    "11": 0.12347,
    "12": 0.1187,
    "13": 0.11838,
    "14": 0.04908,
    "15": 0.05057,
    "16": 0.05482,
    "17": 0.07781,
    "18": 0.17626,
    "19": 0.21333,
    "20": 0.25187,
    "21": 0.27008,
    "22": 0.20637,
    "23": 0.18294
  }
}