{
  "day": "2026-05-12",
  "data": {
    "0": 0.13663,
    "1": 0.13527,
    "2": 0.1308,
    "3": 0.13002,
    "4": 0.13069,
    "5": 0.13294,
    "6": 0.15434,
    "7": 0.1723,
    "8": 0.18878,
    "9": 0.15429,
    "10": 0.15816,
    "11": 0.13077,
    "12": 0.12705,
    "13": 0.11257,
    "14": 0.04195,
    "15": 0.04091,
    "16": 0.04123,
    "17": 0.04339,
    "18": 0.12265,
    "19": 0.16818,
    "20": 0.2472,
    "21": 0.2641,
    "22": 0.19782,
    "23": 0.17036
  }
}