{
  "day": "2026-05-15",
  "data": {
    "0": 0.13075,
    "1": 0.12066,
    "2": 0.11678,
    "3": 0.10318,
    "4": 0.09458,
    "5": 0.10071,
    "6": 0.11752,
    "7": 0.126,
    "8": 0.13089,
    "9": 0.08905,
    "10": 0.14516,
    "11": 0.14473,
    "12": 0.14478,
    "13": 0.14468,
    "14": 0.07704,
    "15": 0.07834,
    "16": 0.07924,
    "17": 0.07843,
    "18": 0.14765,
    "19": 0.15773,
    "20": 0.21106,
    "21": 0.24129,
    "22": 0.1834,
    "23": 0.17666
  }
}