{
  "day": "2026-05-17",
  "data": {
    "0": 0.15398,
    "1": 0.15037,
    "2": 0.14214,
    "3": 0.13271,
    "4": 0.13774,
    "5": 0.13846,
    "6": 0.13577,
    "7": 0.1315,
    "8": 0.08893,
    "9": 0.05396,
    "10": 0.03773,
    "11": 0.03552,
    "12": 0.03567,
    "13": 0.03494,
    "14": 0.03514,
    "15": 0.03623,
    "16": 0.03711,
    "17": 0.03724,
    "18": 0.03823,
    "19": 0.07063,
    "20": 0.13454,
    "21": 0.1725,
    "22": 0.17869,
    "23": 0.16381
  }
}