{
  "day": "2026-05-18",
  "data": {
    "0": 0.13689,
    "1": 0.13319,
    "2": 0.13196,
    "3": 0.12982,
    "4": 0.13105,
    "5": 0.13656,
    "6": 0.14389,
    "7": 0.15476,
    "8": 0.16962,
    "9": 0.12818,
    "10": 0.15094,
    "11": 0.13422,
    "12": 0.13203,
    "13": 0.1299,
    "14": 0.06046,
    "15": 0.06012,
    "16": 0.05904,
    "17": 0.05857,
    "18": 0.14245,
    "19": 0.19685,
    "20": 0.2417,
    "21": 0.26714,
    "22": 0.19829,
    "23": 0.17629
  }
}