{
  "day": "2026-05-19",
  "data": {
    "0": 0.14171,
    "1": 0.1203,
    "2": 0.11394,
    "3": 0.10934,
    "4": 0.09726,
    "5": 0.10766,
    "6": 0.11676,
    "7": 0.13857,
    "8": 0.14686,
    "9": 0.09464,
    "10": 0.14696,
    "11": 0.1441,
    "12": 0.14397,
    "13": 0.13843,
    "14": 0.06852,
    "15": 0.06518,
    "16": 0.06535,
    "17": 0.06439,
    "18": 0.14269,
    "19": 0.18625,
    "20": 0.22844,
    "21": 0.27935,
    "22": 0.21024,
    "23": 0.1872
  }
}