{
  "day": "2026-05-20",
  "data": {
    "0": 0.13504,
    "1": 0.12752,
    "2": 0.12414,
    "3": 0.12042,
    "4": 0.11903,
    "5": 0.12045,
    "6": 0.15777,
    "7": 0.16586,
    "8": 0.15256,
    "9": 0.08408,
    "10": 0.12081,
    "11": 0.1207,
    "12": 0.12897,
    "13": 0.13215,
    "14": 0.06389,
    "15": 0.062,
    "16": 0.06251,
    "17": 0.06162,
    "18": 0.13252,
    "19": 0.17841,
    "20": 0.25796,
    "21": 0.29173,
    "22": 0.22864,
    "23": 0.21512
  }
}