{
  "day": "2026-05-22",
  "data": {
    "0": 0.15163,
    "1": 0.14015,
    "2": 0.12407,
    "3": 0.12221,
    "4": 0.12193,
    "5": 0.12902,
    "6": 0.15079,
    "7": 0.15978,
    "8": 0.1486,
    "9": 0.08566,
    "10": 0.13123,
    "11": 0.13061,
    "12": 0.13123,
    "13": 0.13159,
    "14": 0.06409,
    "15": 0.06505,
    "16": 0.06536,
    "17": 0.0631,
    "18": 0.14442,
    "19": 0.1839,
    "20": 0.2368,
    "21": 0.26733,
    "22": 0.20676,
    "23": 0.19962
  }
}