{
  "day": "2026-05-24",
  "data": {
    "0": 0.12969,
    "1": 0.10997,
    "2": 0.10346,
    "3": 0.1052,
    "4": 0.10551,
    "5": 0.10698,
    "6": 0.10847,
    "7": 0.12569,
    "8": 0.07973,
    "9": 0.04994,
    "10": 0.04773,
    "11": 0.0462,
    "12": 0.04595,
    "13": 0.04531,
    "14": 0.04997,
    "15": 0.05402,
    "16": 0.05845,
    "17": 0.06049,
    "18": 0.06444,
    "19": 0.0744,
    "20": 0.11,
    "21": 0.14638,
    "22": 0.15104,
    "23": 0.13026
  }
}