{
  "day": "2026-05-27",
  "data": {
    "0": 0.1682,
    "1": 0.15261,
    "2": 0.13952,
    "3": 0.13521,
    "4": 0.13424,
    "5": 0.13832,
    "6": 0.16122,
    "7": 0.16662,
    "8": 0.16615,
    "9": 0.08817,
    "10": 0.11962,
    "11": 0.11402,
    "12": 0.11463,
    "13": 0.11405,
    "14": 0.04577,
    "15": 0.04843,
    "16": 0.04973,
    "17": 0.05285,
    "18": 0.1465,
    "19": 0.19303,
    "20": 0.26044,
    "21": 0.28789,
    "22": 0.21265,
    "23": 0.19306
  }
}