{
  "day": "2026-05-28",
  "data": {
    "0": 0.13352,
    "1": 0.13096,
    "2": 0.12716,
    "3": 0.12742,
    "4": 0.12914,
    "5": 0.14333,
    "6": 0.17394,
    "7": 0.17104,
    "8": 0.16584,
    "9": 0.09972,
    "10": 0.12959,
    "11": 0.11143,
    "12": 0.10969,
    "13": 0.1094,
    "14": 0.04073,
    "15": 0.04467,
    "16": 0.0509,
    "17": 0.06387,
    "18": 0.16736,
    "19": 0.21654,
    "20": 0.27741,
    "21": 0.31148,
    "22": 0.23184,
    "23": 0.21143
  }
}