{
  "day": "2023-12-03",
  "data": {
    "0": 0.14169,
    "1": 0.13812,
    "2": 0.13534,
    "3": 0.13765,
    "4": 0.13699,
    "5": 0.13237,
    "6": 0.12882,
    "7": 0.12751,
    "8": 0.12709,
    "9": 0.12905,
    "10": 0.0982,
    "11": 0.09504,
    "12": 0.09476,
    "13": 0.09428,
    "14": 0.09459,
    "15": 0.09682,
    "16": 0.11244,
    "17": 0.13435,
    "18": 0.12571,
    "19": 0.13352,
    "20": 0.13455,
    "21": 0.12623,
    "22": 0.1174,
    "23": 0.1158
  }
}