{
  "day": "2023-12-05",
  "data": {
    "0": 0.13745,
    "1": 0.13519,
    "2": 0.13437,
    "3": 0.13299,
    "4": 0.13455,
    "5": 0.14321,
    "6": 0.15706,
    "7": 0.15537,
    "8": 0.18932,
    "9": 0.18601,
    "10": 0.18261,
    "11": 0.22223,
    "12": 0.22299,
    "13": 0.22249,
    "14": 0.22251,
    "15": 0.1782,
    "16": 0.19464,
    "17": 0.21856,
    "18": 0.21674,
    "19": 0.25625,
    "20": 0.24098,
    "21": 0.22802,
    "22": 0.22275,
    "23": 0.16786
  }
}