{
  "day": "2023-12-06",
  "data": {
    "0": 0.1339,
    "1": 0.13436,
    "2": 0.13821,
    "3": 0.13808,
    "4": 0.13814,
    "5": 0.14216,
    "6": 0.13842,
    "7": 0.14895,
    "8": 0.15111,
    "9": 0.15158,
    "10": 0.14572,
    "11": 0.14092,
    "12": 0.14127,
    "13": 0.14285,
    "14": 0.14326,
    "15": 0.14637,
    "16": 0.1517,
    "17": 0.15448,
    "18": 0.16217,
    "19": 0.16867,
    "20": 0.17359,
    "21": 0.15668,
    "22": 0.14741,
    "23": 0.13828
  }
}