{
  "day": "2023-12-11",
  "data": {
    "0": 0.07425,
    "1": 0.05485,
    "2": 0.05362,
    "3": 0.05169,
    "4": 0.05528,
    "5": 0.08166,
    "6": 0.11089,
    "7": 0.12678,
    "8": 0.16611,
    "9": 0.15166,
    "10": 0.14233,
    "11": 0.17998,
    "12": 0.17642,
    "13": 0.17531,
    "14": 0.18047,
    "15": 0.14344,
    "16": 0.14853,
    "17": 0.18335,
    "18": 0.19035,
    "19": 0.23603,
    "20": 0.22625,
    "21": 0.21062,
    "22": 0.2073,
    "23": 0.14927
  }
}