{
  "day": "2023-12-14",
  "data": {
    "0": 0.08754,
    "1": 0.08395,
    "2": 0.08316,
    "3": 0.0845,
    "4": 0.08442,
    "5": 0.08491,
    "6": 0.09065,
    "7": 0.10692,
    "8": 0.14317,
    "9": 0.12072,
    "10": 0.10435,
    "11": 0.14685,
    "12": 0.14426,
    "13": 0.14579,
    "14": 0.14708,
    "15": 0.10494,
    "16": 0.11788,
    "17": 0.14918,
    "18": 0.16209,
    "19": 0.21247,
    "20": 0.21189,
    "21": 0.20489,
    "22": 0.20066,
    "23": 0.14744
  }
}