{
  "day": "2023-12-15",
  "data": {
    "0": 0.1231,
    "1": 0.1226,
    "2": 0.11931,
    "3": 0.11712,
    "4": 0.11556,
    "5": 0.11965,
    "6": 0.12043,
    "7": 0.12579,
    "8": 0.14989,
    "9": 0.13225,
    "10": 0.11194,
    "11": 0.15223,
    "12": 0.15266,
    "13": 0.14848,
    "14": 0.14822,
    "15": 0.1049,
    "16": 0.11405,
    "17": 0.13822,
    "18": 0.14855,
    "19": 0.19541,
    "20": 0.19471,
    "21": 0.19186,
    "22": 0.1869,
    "23": 0.13473
  }
}