{
  "day": "2023-12-18",
  "data": {
    "0": 0.12292,
    "1": 0.12365,
    "2": 0.12054,
    "3": 0.12062,
    "4": 0.11965,
    "5": 0.12019,
    "6": 0.12507,
    "7": 0.14266,
    "8": 0.17136,
    "9": 0.16331,
    "10": 0.14372,
    "11": 0.1809,
    "12": 0.17387,
    "13": 0.17374,
    "14": 0.18218,
    "15": 0.13989,
    "16": 0.15446,
    "17": 0.16969,
    "18": 0.18193,
    "19": 0.26614,
    "20": 0.29447,
    "21": 0.24068,
    "22": 0.21888,
    "23": 0.16741
  }
}