{
  "day": "2023-12-19",
  "data": {
    "0": 0.13219,
    "1": 0.12987,
    "2": 0.11751,
    "3": 0.11376,
    "4": 0.10949,
    "5": 0.11306,
    "6": 0.12964,
    "7": 0.13759,
    "8": 0.17276,
    "9": 0.15832,
    "10": 0.14193,
    "11": 0.18112,
    "12": 0.17812,
    "13": 0.17628,
    "14": 0.18309,
    "15": 0.14408,
    "16": 0.14969,
    "17": 0.15511,
    "18": 0.15563,
    "19": 0.20088,
    "20": 0.20051,
    "21": 0.19551,
    "22": 0.19265,
    "23": 0.11746
  }
}