{
  "day": "2023-12-21",
  "data": {
    "0": 0.07627,
    "1": 0.07384,
    "2": 0.07269,
    "3": 0.07431,
    "4": 0.07145,
    "5": 0.074,
    "6": 0.07475,
    "7": 0.08469,
    "8": 0.12556,
    "9": 0.11908,
    "10": 0.10441,
    "11": 0.14189,
    "12": 0.13835,
    "13": 0.13557,
    "14": 0.13616,
    "15": 0.09207,
    "16": 0.09848,
    "17": 0.12398,
    "18": 0.12789,
    "19": 0.17692,
    "20": 0.17806,
    "21": 0.17426,
    "22": 0.17203,
    "23": 0.12312
  }
}