{
  "day": "2023-12-22",
  "data": {
    "0": 0.0736,
    "1": 0.07307,
    "2": 0.07178,
    "3": 0.06814,
    "4": 0.05805,
    "5": 0.06953,
    "6": 0.07466,
    "7": 0.09052,
    "8": 0.12889,
    "9": 0.11387,
    "10": 0.09564,
    "11": 0.13859,
    "12": 0.13656,
    "13": 0.13514,
    "14": 0.13527,
    "15": 0.0935,
    "16": 0.09765,
    "17": 0.1206,
    "18": 0.12807,
    "19": 0.17659,
    "20": 0.17859,
    "21": 0.17618,
    "22": 0.17449,
    "23": 0.11859
  }
}