{
  "day": "2023-12-23",
  "data": {
    "0": 0.07612,
    "1": 0.07234,
    "2": 0.07272,
    "3": 0.07238,
    "4": 0.07226,
    "5": 0.07215,
    "6": 0.0725,
    "7": 0.07246,
    "8": 0.07291,
    "9": 0.07053,
    "10": 0.0666,
    "11": 0.06085,
    "12": 0.05952,
    "13": 0.05,
    "14": 0.05334,
    "15": 0.05282,
    "16": 0.06851,
    "17": 0.09568,
    "18": 0.10363,
    "19": 0.1083,
    "20": 0.10764,
    "21": 0.10908,
    "22": 0.10405,
    "23": 0.09395
  }
}