{
  "day": "2023-12-26",
  "data": {
    "0": 0.14275,
    "1": 0.14424,
    "2": 0.14563,
    "3": 0.13461,
    "4": 0.13241,
    "5": 0.13597,
    "6": 0.14409,
    "7": 0.13831,
    "8": 0.1609,
    "9": 0.15657,
    "10": 0.15303,
    "11": 0.19482,
    "12": 0.18665,
    "13": 0.1801,
    "14": 0.17731,
    "15": 0.13268,
    "16": 0.153,
    "17": 0.16085,
    "18": 0.17383,
    "19": 0.21955,
    "20": 0.2566,
    "21": 0.21752,
    "22": 0.20874,
    "23": 0.15713
  }
}