{
  "day": "2023-12-28",
  "data": {
    "0": 0.13873,
    "1": 0.13132,
    "2": 0.12156,
    "3": 0.11949,
    "4": 0.11865,
    "5": 0.11901,
    "6": 0.13243,
    "7": 0.13835,
    "8": 0.17129,
    "9": 0.17008,
    "10": 0.15589,
    "11": 0.19201,
    "12": 0.18252,
    "13": 0.19183,
    "14": 0.19486,
    "15": 0.15047,
    "16": 0.16366,
    "17": 0.17418,
    "18": 0.18108,
    "19": 0.23269,
    "20": 0.24152,
    "21": 0.23355,
    "22": 0.2229,
    "23": 0.16251
  }
}