{
  "day": "2023-12-29",
  "data": {
    "0": 0.14582,
    "1": 0.13903,
    "2": 0.13914,
    "3": 0.13884,
    "4": 0.13105,
    "5": 0.13009,
    "6": 0.13439,
    "7": 0.1445,
    "8": 0.17307,
    "9": 0.16946,
    "10": 0.16483,
    "11": 0.2007,
    "12": 0.2042,
    "13": 0.20065,
    "14": 0.19744,
    "15": 0.1541,
    "16": 0.16471,
    "17": 0.17392,
    "18": 0.1874,
    "19": 0.2363,
    "20": 0.23989,
    "21": 0.23605,
    "22": 0.21995,
    "23": 0.16518
  }
}