{
  "day": "2023-12-30",
  "data": {
    "0": 0.12925,
    "1": 0.12863,
    "2": 0.12746,
    "3": 0.11706,
    "4": 0.10878,
    "5": 0.10505,
    "6": 0.12624,
    "7": 0.1245,
    "8": 0.12968,
    "9": 0.12695,
    "10": 0.11267,
    "11": 0.09119,
    "12": 0.08405,
    "13": 0.07714,
    "14": 0.07169,
    "15": 0.07806,
    "16": 0.08941,
    "17": 0.1117,
    "18": 0.12076,
    "19": 0.11839,
    "20": 0.11711,
    "21": 0.11058,
    "22": 0.08868,
    "23": 0.07385
  }
}