{
  "day": "2022-08-01",
  "data": {
    "0": 0.31287,
    "1": 0.31809,
    "2": 0.32354,
    "3": 0.32724,
    "4": 0.33048,
    "5": 0.33258,
    "6": 0.33342,
    "7": 0.32638,
    "8": 0.33974,
    "9": 0.30951,
    "10": 0.26905,
    "11": 0.31749,
    "12": 0.31881,
    "13": 0.33101,
    "14": 0.33526,
    "15": 0.28569,
    "16": 0.28444,
    "17": 0.29333,
    "18": 0.29594,
    "19": 0.3591,
    "20": 0.37292,
    "21": 0.378,
    "22": 0.38392,
    "23": 0.33644
  }
}