{
  "day": "2022-08-07",
  "data": {
    "0": 0.35302,
    "1": 0.35996,
    "2": 0.35462,
    "3": 0.36111,
    "4": 0.38578,
    "5": 0.40773,
    "6": 0.41375,
    "7": 0.38953,
    "8": 0.3512,
    "9": 0.2699,
    "10": 0.22233,
    "11": 0.20243,
    "12": 0.21828,
    "13": 0.19706,
    "14": 0.18644,
    "15": 0.20839,
    "16": 0.2374,
    "17": 0.24183,
    "18": 0.24636,
    "19": 0.26611,
    "20": 0.32743,
    "21": 0.32841,
    "22": 0.33181,
    "23": 0.3401
  }
}