{
  "day": "2022-08-08",
  "data": {
    "0": 0.37432,
    "1": 0.38741,
    "2": 0.3817,
    "3": 0.37959,
    "4": 0.38781,
    "5": 0.39708,
    "6": 0.3991,
    "7": 0.37948,
    "8": 0.39581,
    "9": 0.35584,
    "10": 0.31875,
    "11": 0.35638,
    "12": 0.36193,
    "13": 0.36012,
    "14": 0.3455,
    "15": 0.29176,
    "16": 0.2889,
    "17": 0.29254,
    "18": 0.30324,
    "19": 0.37987,
    "20": 0.40129,
    "21": 0.40739,
    "22": 0.41346,
    "23": 0.36571
  }
}