{
  "day": "2022-08-09",
  "data": {
    "0": 0.37613,
    "1": 0.38509,
    "2": 0.37288,
    "3": 0.37261,
    "4": 0.37748,
    "5": 0.37961,
    "6": 0.38338,
    "7": 0.38085,
    "8": 0.38681,
    "9": 0.3499,
    "10": 0.32602,
    "11": 0.35555,
    "12": 0.35927,
    "13": 0.365,
    "14": 0.34285,
    "15": 0.29377,
    "16": 0.29007,
    "17": 0.29995,
    "18": 0.32365,
    "19": 0.38571,
    "20": 0.41183,
    "21": 0.41915,
    "22": 0.42882,
    "23": 0.39686
  }
}