{
  "day": "2022-08-11",
  "data": {
    "0": 0.38566,
    "1": 0.39497,
    "2": 0.3967,
    "3": 0.39283,
    "4": 0.39941,
    "5": 0.40313,
    "6": 0.39378,
    "7": 0.39007,
    "8": 0.39493,
    "9": 0.3611,
    "10": 0.33341,
    "11": 0.36119,
    "12": 0.35784,
    "13": 0.35902,
    "14": 0.3373,
    "15": 0.28382,
    "16": 0.28579,
    "17": 0.30336,
    "18": 0.32043,
    "19": 0.38693,
    "20": 0.41018,
    "21": 0.4217,
    "22": 0.4289,
    "23": 0.39073
  }
}