{
  "day": "2022-08-12",
  "data": {
    "0": 0.40806,
    "1": 0.413,
    "2": 0.42302,
    "3": 0.43262,
    "4": 0.44023,
    "5": 0.445,
    "6": 0.42819,
    "7": 0.42083,
    "8": 0.42527,
    "9": 0.38795,
    "10": 0.36209,
    "11": 0.38846,
    "12": 0.38531,
    "13": 0.38915,
    "14": 0.37343,
    "15": 0.30678,
    "16": 0.30643,
    "17": 0.31331,
    "18": 0.33367,
    "19": 0.41068,
    "20": 0.43508,
    "21": 0.45315,
    "22": 0.45877,
    "23": 0.42169
  }
}