{
  "day": "2022-08-13",
  "data": {
    "0": 0.4301,
    "1": 0.44344,
    "2": 0.46364,
    "3": 0.4735,
    "4": 0.48478,
    "5": 0.48948,
    "6": 0.48857,
    "7": 0.48341,
    "8": 0.44721,
    "9": 0.40942,
    "10": 0.37722,
    "11": 0.30979,
    "12": 0.30604,
    "13": 0.28208,
    "14": 0.2604,
    "15": 0.25978,
    "16": 0.26108,
    "17": 0.26105,
    "18": 0.26441,
    "19": 0.31855,
    "20": 0.34133,
    "21": 0.34672,
    "22": 0.35353,
    "23": 0.37197
  }
}