{
  "day": "2022-08-14",
  "data": {
    "0": 0.40956,
    "1": 0.42606,
    "2": 0.44261,
    "3": 0.46141,
    "4": 0.47479,
    "5": 0.48167,
    "6": 0.48081,
    "7": 0.47021,
    "8": 0.41985,
    "9": 0.31864,
    "10": 0.27228,
    "11": 0.25191,
    "12": 0.24215,
    "13": 0.23852,
    "14": 0.23408,
    "15": 0.22839,
    "16": 0.20598,
    "17": 0.20361,
    "18": 0.21581,
    "19": 0.24128,
    "20": 0.34279,
    "21": 0.35102,
    "22": 0.35389,
    "23": 0.35748
  }
}