{
  "day": "2022-08-15",
  "data": {
    "0": 0.37376,
    "1": 0.38333,
    "2": 0.38051,
    "3": 0.36166,
    "4": 0.35425,
    "5": 0.35546,
    "6": 0.39948,
    "7": 0.395,
    "8": 0.36829,
    "9": 0.30652,
    "10": 0.24887,
    "11": 0.22774,
    "12": 0.22898,
    "13": 0.23223,
    "14": 0.23407,
    "15": 0.23933,
    "16": 0.23339,
    "17": 0.22969,
    "18": 0.23431,
    "19": 0.31625,
    "20": 0.33824,
    "21": 0.3519,
    "22": 0.35506,
    "23": 0.35752
  }
}