{
  "day": "2022-08-16",
  "data": {
    "0": 0.38171,
    "1": 0.39121,
    "2": 0.38963,
    "3": 0.39897,
    "4": 0.37303,
    "5": 0.35924,
    "6": 0.37206,
    "7": 0.36987,
    "8": 0.37668,
    "9": 0.32334,
    "10": 0.26362,
    "11": 0.32233,
    "12": 0.30297,
    "13": 0.29461,
    "14": 0.28124,
    "15": 0.22532,
    "16": 0.22542,
    "17": 0.22675,
    "18": 0.23067,
    "19": 0.3016,
    "20": 0.38051,
    "21": 0.40031,
    "22": 0.41074,
    "23": 0.36906
  }
}