{
  "day": "2022-08-23",
  "data": {
    "0": 0.47128,
    "1": 0.46671,
    "2": 0.45071,
    "3": 0.4663,
    "4": 0.47647,
    "5": 0.48607,
    "6": 0.50433,
    "7": 0.49067,
    "8": 0.49884,
    "9": 0.42396,
    "10": 0.4083,
    "11": 0.45259,
    "12": 0.46045,
    "13": 0.47886,
    "14": 0.48306,
    "15": 0.43093,
    "16": 0.4233,
    "17": 0.43102,
    "18": 0.46057,
    "19": 0.55252,
    "20": 0.59733,
    "21": 0.61031,
    "22": 0.61542,
    "23": 0.57543
  }
}