{
  "day": "2022-08-25",
  "data": {
    "0": 0.59966,
    "1": 0.56787,
    "2": 0.59434,
    "3": 0.59986,
    "4": 0.60308,
    "5": 0.59422,
    "6": 0.57011,
    "7": 0.57301,
    "8": 0.56084,
    "9": 0.5071,
    "10": 0.41933,
    "11": 0.44859,
    "12": 0.43753,
    "13": 0.4411,
    "14": 0.42984,
    "15": 0.3798,
    "16": 0.37296,
    "17": 0.37499,
    "18": 0.38612,
    "19": 0.45642,
    "20": 0.53299,
    "21": 0.53414,
    "22": 0.54126,
    "23": 0.48015
  }
}