{
  "day": "2022-08-26",
  "data": {
    "0": 0.47204,
    "1": 0.41963,
    "2": 0.41305,
    "3": 0.41383,
    "4": 0.41378,
    "5": 0.41711,
    "6": 0.40781,
    "7": 0.44635,
    "8": 0.42428,
    "9": 0.35893,
    "10": 0.32597,
    "11": 0.37306,
    "12": 0.39025,
    "13": 0.45733,
    "14": 0.459,
    "15": 0.41665,
    "16": 0.42619,
    "17": 0.42673,
    "18": 0.43413,
    "19": 0.50251,
    "20": 0.52674,
    "21": 0.54829,
    "22": 0.54981,
    "23": 0.50472
  }
}