{
  "day": "2022-08-27",
  "data": {
    "0": 0.49282,
    "1": 0.49735,
    "2": 0.49444,
    "3": 0.50886,
    "4": 0.53102,
    "5": 0.55312,
    "6": 0.56816,
    "7": 0.55706,
    "8": 0.50794,
    "9": 0.44572,
    "10": 0.40518,
    "11": 0.38913,
    "12": 0.38183,
    "13": 0.38123,
    "14": 0.38512,
    "15": 0.39142,
    "16": 0.40021,
    "17": 0.40764,
    "18": 0.41483,
    "19": 0.49104,
    "20": 0.54413,
    "21": 0.5558,
    "22": 0.56393,
    "23": 0.58164
  }
}