{
  "day": "2022-08-30",
  "data": {
    "0": 0.64384,
    "1": 0.66987,
    "2": 0.68788,
    "3": 0.69973,
    "4": 0.7126,
    "5": 0.69744,
    "6": 0.66576,
    "7": 0.63757,
    "8": 0.63765,
    "9": 0.57786,
    "10": 0.52338,
    "11": 0.54083,
    "12": 0.51842,
    "13": 0.5095,
    "14": 0.49909,
    "15": 0.43322,
    "16": 0.43718,
    "17": 0.45593,
    "18": 0.47957,
    "19": 0.59086,
    "20": 0.62787,
    "21": 0.62352,
    "22": 0.64257,
    "23": 0.62333
  }
}