{
  "day": "2022-03-01",
  "data": {
    "0": 0.34115,
    "1": 0.33283,
    "2": 0.31374,
    "3": 0.29406,
    "4": 0.29017,
    "5": 0.29885,
    "6": 0.33848,
    "7": 0.36983,
    "8": 0.39919,
    "9": 0.38621,
    "10": 0.41951,
    "11": 0.37743,
    "12": 0.3722,
    "13": 0.36681,
    "14": 0.29967,
    "15": 0.29992,
    "16": 0.30513,
    "17": 0.34868,
    "18": 0.44715,
    "19": 0.48459,
    "20": 0.48514,
    "21": 0.46054,
    "22": 0.36081,
    "23": 0.35589
  }
}