{
  "day": "2022-03-02",
  "data": {
    "0": 0.31892,
    "1": 0.31892,
    "2": 0.31972,
    "3": 0.30583,
    "4": 0.30631,
    "5": 0.3212,
    "6": 0.33565,
    "7": 0.3646,
    "8": 0.40707,
    "9": 0.38459,
    "10": 0.42217,
    "11": 0.40771,
    "12": 0.39656,
    "13": 0.37227,
    "14": 0.28439,
    "15": 0.28127,
    "16": 0.28667,
    "17": 0.30961,
    "18": 0.41784,
    "19": 0.44734,
    "20": 0.46154,
    "21": 0.44256,
    "22": 0.35744,
    "23": 0.34318
  }
}