{
  "day": "2022-03-03",
  "data": {
    "0": 0.41785,
    "1": 0.41335,
    "2": 0.41308,
    "3": 0.40439,
    "4": 0.40478,
    "5": 0.42728,
    "6": 0.46265,
    "7": 0.48709,
    "8": 0.51932,
    "9": 0.46874,
    "10": 0.53068,
    "11": 0.52918,
    "12": 0.52498,
    "13": 0.51835,
    "14": 0.4221,
    "15": 0.41859,
    "16": 0.4408,
    "17": 0.45278,
    "18": 0.53202,
    "19": 0.54017,
    "20": 0.54137,
    "21": 0.53051,
    "22": 0.43834,
    "23": 0.36108
  }
}