{
  "day": "2022-03-10",
  "data": {
    "0": 0.48567,
    "1": 0.42392,
    "2": 0.43654,
    "3": 0.43662,
    "4": 0.43661,
    "5": 0.44396,
    "6": 0.52545,
    "7": 0.53999,
    "8": 0.58228,
    "9": 0.53946,
    "10": 0.58224,
    "11": 0.53054,
    "12": 0.53365,
    "13": 0.51498,
    "14": 0.42101,
    "15": 0.42176,
    "16": 0.42459,
    "17": 0.50384,
    "18": 0.61245,
    "19": 0.64277,
    "20": 0.62787,
    "21": 0.60422,
    "22": 0.43805,
    "23": 0.43496
  }
}