{
  "day": "2022-03-11",
  "data": {
    "0": 0.35444,
    "1": 0.33451,
    "2": 0.32178,
    "3": 0.28152,
    "4": 0.22348,
    "5": 0.24418,
    "6": 0.35435,
    "7": 0.3845,
    "8": 0.4148,
    "9": 0.40594,
    "10": 0.46267,
    "11": 0.43259,
    "12": 0.43773,
    "13": 0.42975,
    "14": 0.36583,
    "15": 0.36548,
    "16": 0.36998,
    "17": 0.40107,
    "18": 0.48529,
    "19": 0.53012,
    "20": 0.58585,
    "21": 0.59309,
    "22": 0.45333,
    "23": 0.43723
  }
}