{
  "day": "2022-03-14",
  "data": {
    "0": 0.36988,
    "1": 0.36039,
    "2": 0.30703,
    "3": 0.29977,
    "4": 0.29416,
    "5": 0.30493,
    "6": 0.35441,
    "7": 0.36013,
    "8": 0.3926,
    "9": 0.38478,
    "10": 0.4473,
    "11": 0.43822,
    "12": 0.41194,
    "13": 0.36892,
    "14": 0.2942,
    "15": 0.29533,
    "16": 0.29676,
    "17": 0.29822,
    "18": 0.37451,
    "19": 0.42844,
    "20": 0.44597,
    "21": 0.44448,
    "22": 0.33072,
    "23": 0.30346
  }
}