{
  "day": "2022-03-16",
  "data": {
    "0": 0.3209,
    "1": 0.32157,
    "2": 0.32158,
    "3": 0.30767,
    "4": 0.30562,
    "5": 0.32029,
    "6": 0.35973,
    "7": 0.37225,
    "8": 0.4097,
    "9": 0.38738,
    "10": 0.43187,
    "11": 0.41803,
    "12": 0.42415,
    "13": 0.42384,
    "14": 0.36158,
    "15": 0.36167,
    "16": 0.3535,
    "17": 0.36438,
    "18": 0.41007,
    "19": 0.4215,
    "20": 0.43906,
    "21": 0.42168,
    "22": 0.33584,
    "23": 0.27414
  }
}