{
  "day": "2022-03-17",
  "data": {
    "0": 0.26474,
    "1": 0.25703,
    "2": 0.24857,
    "3": 0.24558,
    "4": 0.24503,
    "5": 0.24942,
    "6": 0.2536,
    "7": 0.30085,
    "8": 0.32282,
    "9": 0.30736,
    "10": 0.34801,
    "11": 0.33714,
    "12": 0.34638,
    "13": 0.34557,
    "14": 0.27274,
    "15": 0.28484,
    "16": 0.28643,
    "17": 0.31353,
    "18": 0.39699,
    "19": 0.4342,
    "20": 0.46403,
    "21": 0.41967,
    "22": 0.33348,
    "23": 0.3302
  }
}