{
  "day": "2022-03-18",
  "data": {
    "0": 0.26455,
    "1": 0.26349,
    "2": 0.2634,
    "3": 0.26426,
    "4": 0.2643,
    "5": 0.26623,
    "6": 0.26938,
    "7": 0.30895,
    "8": 0.33868,
    "9": 0.33126,
    "10": 0.39252,
    "11": 0.3757,
    "12": 0.37496,
    "13": 0.36104,
    "14": 0.29308,
    "15": 0.31028,
    "16": 0.32853,
    "17": 0.3379,
    "18": 0.44293,
    "19": 0.45627,
    "20": 0.45878,
    "21": 0.45062,
    "22": 0.34932,
    "23": 0.30969
  }
}