{
  "day": "2022-03-19",
  "data": {
    "0": 0.33064,
    "1": 0.32301,
    "2": 0.2972,
    "3": 0.26894,
    "4": 0.26625,
    "5": 0.26677,
    "6": 0.28739,
    "7": 0.27279,
    "8": 0.30008,
    "9": 0.29636,
    "10": 0.28243,
    "11": 0.24402,
    "12": 0.24285,
    "13": 0.23812,
    "14": 0.23873,
    "15": 0.23974,
    "16": 0.24343,
    "17": 0.25268,
    "18": 0.29511,
    "19": 0.35901,
    "20": 0.34979,
    "21": 0.32569,
    "22": 0.31434,
    "23": 0.31252
  }
}