{
  "day": "2022-03-20",
  "data": {
    "0": 0.28004,
    "1": 0.28685,
    "2": 0.28078,
    "3": 0.27111,
    "4": 0.27131,
    "5": 0.27193,
    "6": 0.27893,
    "7": 0.28897,
    "8": 0.26456,
    "9": 0.2591,
    "10": 0.25501,
    "11": 0.25409,
    "12": 0.24609,
    "13": 0.24726,
    "14": 0.24475,
    "15": 0.24419,
    "16": 0.24507,
    "17": 0.24881,
    "18": 0.26121,
    "19": 0.30499,
    "20": 0.31541,
    "21": 0.31344,
    "22": 0.30829,
    "23": 0.25959
  }
}