{
  "day": "2022-03-22",
  "data": {
    "0": 0.28625,
    "1": 0.27976,
    "2": 0.27167,
    "3": 0.26251,
    "4": 0.26765,
    "5": 0.28142,
    "6": 0.27761,
    "7": 0.30919,
    "8": 0.3402,
    "9": 0.32902,
    "10": 0.36356,
    "11": 0.35688,
    "12": 0.35934,
    "13": 0.33894,
    "14": 0.2675,
    "15": 0.27452,
    "16": 0.31169,
    "17": 0.33193,
    "18": 0.40295,
    "19": 0.41534,
    "20": 0.44038,
    "21": 0.41455,
    "22": 0.32992,
    "23": 0.29678
  }
}