{
  "day": "2022-03-23",
  "data": {
    "0": 0.28141,
    "1": 0.2489,
    "2": 0.24442,
    "3": 0.24085,
    "4": 0.23923,
    "5": 0.24018,
    "6": 0.23896,
    "7": 0.28914,
    "8": 0.32922,
    "9": 0.32108,
    "10": 0.36532,
    "11": 0.35446,
    "12": 0.3491,
    "13": 0.33983,
    "14": 0.27125,
    "15": 0.27967,
    "16": 0.29639,
    "17": 0.30058,
    "18": 0.38354,
    "19": 0.39897,
    "20": 0.4051,
    "21": 0.40123,
    "22": 0.31522,
    "23": 0.29684
  }
}