{
  "day": "2022-03-27",
  "data": {
    "0": 0.32519,
    "1": 0.30972,
    "3": 0.2992,
    "4": 0.28409,
    "5": 0.28504,
    "6": 0.2841,
    "7": 0.28608,
    "8": 0.28682,
    "9": 0.27793,
    "10": 0.26177,
    "11": 0.24935,
    "12": 0.24199,
    "13": 0.22329,
    "14": 0.23267,
    "15": 0.22363,
    "16": 0.22486,
    "17": 0.2564,
    "18": 0.28313,
    "19": 0.32912,
    "20": 0.35556,
    "21": 0.34398,
    "22": 0.33106,
    "23": 0.30674
  }
}