{
  "day": "2022-03-30",
  "data": {
    "0": 0.33468,
    "1": 0.31902,
    "2": 0.30903,
    "3": 0.29593,
    "4": 0.29989,
    "5": 0.3092,
    "6": 0.32472,
    "7": 0.32824,
    "8": 0.37147,
    "9": 0.3673,
    "10": 0.42221,
    "11": 0.41606,
    "12": 0.41239,
    "13": 0.41127,
    "14": 0.33943,
    "15": 0.33612,
    "16": 0.32761,
    "17": 0.31185,
    "18": 0.39006,
    "19": 0.4168,
    "20": 0.43635,
    "21": 0.44541,
    "22": 0.35615,
    "23": 0.35182
  }
}