{
  "day": "2025-06-01",
  "data": {
    "0": 0.1245,
    "1": 0.10321,
    "2": 0.10467,
    "3": 0.10564,
    "4": 0.10736,
    "5": 0.10929,
    "6": 0.10919,
    "7": 0.15683,
    "8": 0.0816,
    "9": 0.06307,
    "10": 0.05976,
    "11": 0.06315,
    "12": 0.05998,
    "13": 0.05828,
    "14": 0.05802,
    "15": 0.0606,
    "16": 0.06134,
    "17": 0.06561,
    "18": 0.06642,
    "19": 0.0919,
    "20": 0.10368,
    "21": 0.09788,
    "22": 0.11247,
    "23": 0.09868
  }
}