{
  "day": "2025-06-05",
  "data": {
    "0": 0.1567,
    "1": 0.14236,
    "2": 0.14177,
    "3": 0.1367,
    "4": 0.1367,
    "5": 0.13735,
    "6": 0.14607,
    "7": 0.15348,
    "8": 0.14887,
    "9": 0.07949,
    "10": 0.12429,
    "11": 0.12408,
    "12": 0.12415,
    "13": 0.12137,
    "14": 0.05647,
    "15": 0.05705,
    "16": 0.0572,
    "17": 0.056,
    "18": 0.12772,
    "19": 0.16437,
    "20": 0.2333,
    "21": 0.27417,
    "22": 0.21086,
    "23": 0.18669
  }
}