{
  "day": "2025-06-06",
  "data": {
    "0": 0.16833,
    "1": 0.16708,
    "2": 0.15835,
    "3": 0.14967,
    "4": 0.14908,
    "5": 0.14999,
    "6": 0.1606,
    "7": 0.16246,
    "8": 0.18116,
    "9": 0.1154,
    "10": 0.12596,
    "11": 0.11944,
    "12": 0.118,
    "13": 0.11484,
    "14": 0.04976,
    "15": 0.05033,
    "16": 0.05076,
    "17": 0.05164,
    "18": 0.13458,
    "19": 0.16934,
    "20": 0.23148,
    "21": 0.26169,
    "22": 0.20223,
    "23": 0.18339
  }
}