{
  "day": "2025-06-11",
  "data": {
    "0": 0.14522,
    "1": 0.14321,
    "2": 0.14143,
    "3": 0.1383,
    "4": 0.13661,
    "5": 0.13788,
    "6": 0.14107,
    "7": 0.1423,
    "8": 0.16507,
    "9": 0.15786,
    "10": 0.2026,
    "11": 0.16857,
    "12": 0.1307,
    "13": 0.11763,
    "14": 0.05094,
    "15": 0.04878,
    "16": 0.0503,
    "17": 0.05114,
    "18": 0.13404,
    "19": 0.19804,
    "20": 0.22905,
    "21": 0.2399,
    "22": 0.17444,
    "23": 0.16976
  }
}