{
  "day": "2025-06-15",
  "data": {
    "0": 0.15171,
    "1": 0.12832,
    "2": 0.10841,
    "3": 0.10585,
    "4": 0.09551,
    "5": 0.09127,
    "6": 0.08847,
    "7": 0.09286,
    "8": 0.07052,
    "9": 0.06064,
    "10": 0.05456,
    "11": 0.05879,
    "12": 0.05802,
    "13": 0.05504,
    "14": 0.05499,
    "15": 0.05657,
    "16": 0.05843,
    "17": 0.05891,
    "18": 0.05409,
    "19": 0.05683,
    "20": 0.09149,
    "21": 0.13632,
    "22": 0.13712,
    "23": 0.11236
  }
}