{
  "day": "2025-06-16",
  "data": {
    "0": 0.07813,
    "1": 0.0653,
    "2": 0.06232,
    "3": 0.05954,
    "4": 0.062,
    "5": 0.07201,
    "6": 0.10834,
    "7": 0.1185,
    "8": 0.12714,
    "9": 0.08706,
    "10": 0.13338,
    "11": 0.1296,
    "12": 0.12885,
    "13": 0.12646,
    "14": 0.06222,
    "15": 0.06452,
    "16": 0.0805,
    "17": 0.11251,
    "18": 0.24214,
    "19": 0.25146,
    "20": 0.2613,
    "21": 0.35565,
    "22": 0.24239,
    "23": 0.1962
  }
}