{
  "day": "2025-06-17",
  "data": {
    "0": 0.1553,
    "1": 0.15215,
    "2": 0.14725,
    "3": 0.14409,
    "4": 0.14416,
    "5": 0.14023,
    "6": 0.1449,
    "7": 0.14954,
    "8": 0.17526,
    "9": 0.15996,
    "10": 0.18422,
    "11": 0.13437,
    "12": 0.13137,
    "13": 0.12712,
    "14": 0.05719,
    "15": 0.05056,
    "16": 0.06522,
    "17": 0.11745,
    "18": 0.2094,
    "19": 0.22972,
    "20": 0.24209,
    "21": 0.27333,
    "22": 0.20611,
    "23": 0.17894
  }
}