{
  "day": "2025-06-19",
  "data": {
    "0": 0.15721,
    "1": 0.14966,
    "2": 0.14681,
    "3": 0.14348,
    "4": 0.14319,
    "5": 0.1437,
    "6": 0.15197,
    "7": 0.15518,
    "8": 0.16687,
    "9": 0.16417,
    "10": 0.21915,
    "11": 0.1848,
    "12": 0.17949,
    "13": 0.17078,
    "14": 0.10358,
    "15": 0.10106,
    "16": 0.11286,
    "17": 0.13382,
    "18": 0.22539,
    "19": 0.23055,
    "20": 0.24099,
    "21": 0.27981,
    "22": 0.2119,
    "23": 0.17621
  }
}