{
  "day": "2025-06-20",
  "data": {
    "0": 0.14797,
    "1": 0.14544,
    "2": 0.14368,
    "3": 0.14104,
    "4": 0.14066,
    "5": 0.13931,
    "6": 0.14515,
    "7": 0.14399,
    "8": 0.16177,
    "9": 0.15496,
    "10": 0.19223,
    "11": 0.18894,
    "12": 0.18115,
    "13": 0.17375,
    "14": 0.10703,
    "15": 0.10672,
    "16": 0.11941,
    "17": 0.12777,
    "18": 0.21967,
    "19": 0.23612,
    "20": 0.24984,
    "21": 0.27498,
    "22": 0.20553,
    "23": 0.17516
  }
}