{
  "day": "2025-06-22",
  "data": {
    "0": 0.16351,
    "1": 0.16238,
    "2": 0.16446,
    "3": 0.16723,
    "4": 0.16644,
    "5": 0.16721,
    "6": 0.16662,
    "7": 0.16617,
    "8": 0.10715,
    "9": 0.0315,
    "10": 0.02814,
    "11": 0.03096,
    "12": 0.02999,
    "13": 0.02939,
    "14": 0.02937,
    "15": 0.02938,
    "16": 0.03014,
    "17": 0.03068,
    "18": 0.03423,
    "19": 0.10983,
    "20": 0.15318,
    "21": 0.16875,
    "22": 0.17036,
    "23": 0.16836
  }
}