{
  "day": "2025-06-23",
  "data": {
    "0": 0.14918,
    "1": 0.14578,
    "2": 0.14094,
    "3": 0.1387,
    "4": 0.13822,
    "5": 0.13735,
    "6": 0.14521,
    "7": 0.14786,
    "8": 0.16066,
    "9": 0.14427,
    "10": 0.19919,
    "11": 0.18096,
    "12": 0.176,
    "13": 0.17266,
    "14": 0.09297,
    "15": 0.1075,
    "16": 0.10872,
    "17": 0.12949,
    "18": 0.21866,
    "19": 0.23391,
    "20": 0.24648,
    "21": 0.31333,
    "22": 0.22607,
    "23": 0.18161
  }
}