{
  "day": "2025-06-27",
  "data": {
    "0": 0.14015,
    "1": 0.13659,
    "2": 0.13652,
    "3": 0.13363,
    "4": 0.13311,
    "5": 0.13379,
    "6": 0.13748,
    "7": 0.13796,
    "8": 0.15883,
    "9": 0.14141,
    "10": 0.19052,
    "11": 0.17793,
    "12": 0.16412,
    "13": 0.1426,
    "14": 0.07733,
    "15": 0.07554,
    "16": 0.07829,
    "17": 0.11498,
    "18": 0.20191,
    "19": 0.22424,
    "20": 0.23153,
    "21": 0.25891,
    "22": 0.19071,
    "23": 0.16514
  }
}