{
  "day": "2025-06-29",
  "data": {
    "0": 0.14436,
    "1": 0.1418,
    "2": 0.14197,
    "3": 0.1416,
    "4": 0.14304,
    "5": 0.14456,
    "6": 0.14695,
    "7": 0.14661,
    "8": 0.12048,
    "9": 0.04954,
    "10": 0.02887,
    "11": 0.02932,
    "12": 0.02863,
    "13": 0.03062,
    "14": 0.03081,
    "15": 0.03118,
    "16": 0.03223,
    "17": 0.0493,
    "18": 0.0974,
    "19": 0.13603,
    "20": 0.14413,
    "21": 0.16518,
    "22": 0.19515,
    "23": 0.17032
  }
}