{
  "day": "2025-06-30",
  "data": {
    "0": 0.14443,
    "1": 0.13408,
    "2": 0.13171,
    "3": 0.13032,
    "4": 0.13365,
    "5": 0.13296,
    "6": 0.13473,
    "7": 0.14011,
    "8": 0.15832,
    "9": 0.15218,
    "10": 0.19182,
    "11": 0.18341,
    "12": 0.18236,
    "13": 0.18016,
    "14": 0.11501,
    "15": 0.12526,
    "16": 0.13614,
    "17": 0.14309,
    "18": 0.21804,
    "19": 0.22,
    "20": 0.24775,
    "21": 0.2943,
    "22": 0.20734,
    "23": 0.17375
  }
}