{
  "day": "2026-02-06",
  "data": {
    "0": 0.06457,
    "1": 0.06659,
    "2": 0.06792,
    "3": 0.06859,
    "4": 0.06865,
    "5": 0.06784,
    "6": 0.06461,
    "7": 0.07499,
    "8": 0.12339,
    "9": 0.10548,
    "10": 0.16256,
    "11": 0.16278,
    "12": 0.16313,
    "13": 0.16441,
    "14": 0.09548,
    "15": 0.09732,
    "16": 0.09848,
    "17": 0.10021,
    "18": 0.1953,
    "19": 0.21444,
    "20": 0.21029,
    "21": 0.19677,
    "22": 0.10051,
    "23": 0.09689
  }
}