{
  "day": "2026-02-07",
  "data": {
    "0": 0.06315,
    "1": 0.06497,
    "2": 0.06649,
    "3": 0.06712,
    "4": 0.06751,
    "5": 0.06757,
    "6": 0.0664,
    "7": 0.06453,
    "8": 0.06662,
    "9": 0.0669,
    "10": 0.06464,
    "11": 0.06505,
    "12": 0.06605,
    "13": 0.06681,
    "14": 0.06726,
    "15": 0.06993,
    "16": 0.07212,
    "17": 0.07391,
    "18": 0.09418,
    "19": 0.10606,
    "20": 0.10507,
    "21": 0.10085,
    "22": 0.08499,
    "23": 0.06948
  }
}