{
  "day": "2026-02-08",
  "data": {
    "0": 0.06598,
    "1": 0.06822,
    "2": 0.07042,
    "3": 0.07158,
    "4": 0.07287,
    "5": 0.07239,
    "6": 0.07099,
    "7": 0.07582,
    "8": 0.08396,
    "9": 0.07233,
    "10": 0.06931,
    "11": 0.07033,
    "12": 0.07398,
    "13": 0.07395,
    "14": 0.07473,
    "15": 0.07624,
    "16": 0.07639,
    "17": 0.07572,
    "18": 0.06935,
    "19": 0.10247,
    "20": 0.11525,
    "21": 0.11281,
    "22": 0.08854,
    "23": 0.06744
  }
}