{
  "day": "2026-02-09",
  "data": {
    "0": 0.06658,
    "1": 0.06844,
    "2": 0.07029,
    "3": 0.07116,
    "4": 0.07104,
    "5": 0.0692,
    "6": 0.06998,
    "7": 0.11014,
    "8": 0.18656,
    "9": 0.13691,
    "10": 0.1727,
    "11": 0.16268,
    "12": 0.16016,
    "13": 0.15933,
    "14": 0.09029,
    "15": 0.0912,
    "16": 0.0938,
    "17": 0.09723,
    "18": 0.19061,
    "19": 0.26004,
    "20": 0.25761,
    "21": 0.22831,
    "22": 0.10504,
    "23": 0.08749
  }
}