{
  "day": "2026-02-10",
  "data": {
    "0": 0.07271,
    "1": 0.07515,
    "2": 0.07669,
    "3": 0.07751,
    "4": 0.07754,
    "5": 0.07609,
    "6": 0.07212,
    "7": 0.07186,
    "8": 0.10496,
    "9": 0.10137,
    "10": 0.17175,
    "11": 0.16938,
    "12": 0.16917,
    "13": 0.17017,
    "14": 0.10106,
    "15": 0.1019,
    "16": 0.10252,
    "17": 0.10357,
    "18": 0.17256,
    "19": 0.19097,
    "20": 0.19437,
    "21": 0.18007,
    "22": 0.09449,
    "23": 0.09562
  }
}