{
  "day": "2026-02-12",
  "data": {
    "0": 0.07572,
    "1": 0.07842,
    "2": 0.07998,
    "3": 0.08059,
    "4": 0.07969,
    "5": 0.07897,
    "6": 0.07121,
    "7": 0.07333,
    "8": 0.104,
    "9": 0.10314,
    "10": 0.17448,
    "11": 0.17521,
    "12": 0.17582,
    "13": 0.17574,
    "14": 0.10658,
    "15": 0.10405,
    "16": 0.10503,
    "17": 0.10254,
    "18": 0.17907,
    "19": 0.19682,
    "20": 0.19951,
    "21": 0.19354,
    "22": 0.1161,
    "23": 0.1037
  }
}