{
  "day": "2026-02-14",
  "data": {
    "0": 0.07427,
    "1": 0.07707,
    "2": 0.0794,
    "3": 0.08045,
    "4": 0.08103,
    "5": 0.08083,
    "6": 0.07883,
    "7": 0.07382,
    "8": 0.08114,
    "9": 0.08041,
    "10": 0.07917,
    "11": 0.08111,
    "12": 0.0819,
    "13": 0.08153,
    "14": 0.08212,
    "15": 0.08222,
    "16": 0.08502,
    "17": 0.08318,
    "18": 0.07299,
    "19": 0.09121,
    "20": 0.09631,
    "21": 0.09394,
    "22": 0.08404,
    "23": 0.07674
  }
}