{
  "day": "2026-02-15",
  "data": {
    "0": 0.08636,
    "1": 0.08698,
    "2": 0.08838,
    "3": 0.08999,
    "4": 0.09086,
    "5": 0.09074,
    "6": 0.08789,
    "7": 0.08051,
    "8": 0.09036,
    "9": 0.08655,
    "10": 0.08877,
    "11": 0.08993,
    "12": 0.09217,
    "13": 0.09185,
    "14": 0.09198,
    "15": 0.09441,
    "16": 0.09483,
    "17": 0.09078,
    "18": 0.08022,
    "19": 0.08362,
    "20": 0.07661,
    "21": 0.08084,
    "22": 0.07231,
    "23": 0.06931
  }
}