{
  "day": "2026-02-16",
  "data": {
    "0": 0.08581,
    "1": 0.08892,
    "2": 0.09114,
    "3": 0.09197,
    "4": 0.09198,
    "5": 0.08867,
    "6": 0.07742,
    "7": 0.07861,
    "8": 0.11298,
    "9": 0.10695,
    "10": 0.17406,
    "11": 0.17737,
    "12": 0.17775,
    "13": 0.1777,
    "14": 0.10869,
    "15": 0.10883,
    "16": 0.11032,
    "17": 0.10761,
    "18": 0.18337,
    "19": 0.19647,
    "20": 0.1925,
    "21": 0.1816,
    "22": 0.1064,
    "23": 0.10137
  }
}