{
  "day": "2026-02-17",
  "data": {
    "0": 0.07271,
    "1": 0.07425,
    "2": 0.07433,
    "3": 0.07425,
    "4": 0.07439,
    "5": 0.07445,
    "6": 0.07382,
    "7": 0.09258,
    "8": 0.12377,
    "9": 0.1076,
    "10": 0.16234,
    "11": 0.16146,
    "12": 0.16342,
    "13": 0.16341,
    "14": 0.09438,
    "15": 0.09494,
    "16": 0.09328,
    "17": 0.10254,
    "18": 0.23729,
    "19": 0.30531,
    "20": 0.28991,
    "21": 0.2746,
    "22": 0.18513,
    "23": 0.13037
  }
}