{
  "day": "2026-02-18",
  "data": {
    "0": 0.10212,
    "1": 0.0972,
    "2": 0.09477,
    "3": 0.0942,
    "4": 0.09225,
    "5": 0.09215,
    "6": 0.0924,
    "7": 0.12886,
    "8": 0.17012,
    "9": 0.11667,
    "10": 0.16674,
    "11": 0.16406,
    "12": 0.16314,
    "13": 0.16448,
    "14": 0.09537,
    "15": 0.09613,
    "16": 0.09614,
    "17": 0.09676,
    "18": 0.17437,
    "19": 0.18341,
    "20": 0.18364,
    "21": 0.17713,
    "22": 0.09439,
    "23": 0.092
  }
}