{
  "day": "2026-02-23",
  "data": {
    "0": 0.0952,
    "1": 0.0923,
    "2": 0.09275,
    "3": 0.0875,
    "4": 0.0845,
    "5": 0.0901,
    "6": 0.09246,
    "7": 0.15402,
    "8": 0.17501,
    "9": 0.09683,
    "10": 0.14526,
    "11": 0.14483,
    "12": 0.14444,
    "13": 0.14404,
    "14": 0.07522,
    "15": 0.07591,
    "16": 0.07745,
    "17": 0.10067,
    "18": 0.24468,
    "19": 0.30111,
    "20": 0.35753,
    "21": 0.28928,
    "22": 0.15557,
    "23": 0.12415
  }
}