{
  "day": "2026-02-25",
  "data": {
    "0": 0.08706,
    "1": 0.08445,
    "2": 0.08283,
    "3": 0.07964,
    "4": 0.07985,
    "5": 0.08145,
    "6": 0.09836,
    "7": 0.16584,
    "8": 0.18591,
    "9": 0.10447,
    "10": 0.15028,
    "11": 0.15082,
    "12": 0.1512,
    "13": 0.15067,
    "14": 0.08212,
    "15": 0.08186,
    "16": 0.08553,
    "17": 0.10924,
    "18": 0.25062,
    "19": 0.29751,
    "20": 0.2961,
    "21": 0.29029,
    "22": 0.16544,
    "23": 0.13624
  }
}