{
  "day": "2026-02-28",
  "data": {
    "0": 0.0889,
    "1": 0.08132,
    "2": 0.088,
    "3": 0.08436,
    "4": 0.08403,
    "5": 0.08444,
    "6": 0.08369,
    "7": 0.07813,
    "8": 0.07669,
    "9": 0.07683,
    "10": 0.07379,
    "11": 0.07464,
    "12": 0.07652,
    "13": 0.07664,
    "14": 0.07691,
    "15": 0.07757,
    "16": 0.07979,
    "17": 0.08264,
    "18": 0.10855,
    "19": 0.16794,
    "20": 0.15654,
    "21": 0.1494,
    "22": 0.13676,
    "23": 0.12488
  }
}