{
  "day": "2023-11-03",
  "data": {
    "0": 0.03417,
    "1": 0.03351,
    "2": 0.03354,
    "3": 0.03569,
    "4": 0.03576,
    "5": 0.03505,
    "6": 0.03673,
    "7": 0.0287,
    "8": 0.05027,
    "9": 0.05132,
    "10": 0.0515,
    "11": 0.09626,
    "12": 0.09537,
    "13": 0.09655,
    "14": 0.09659,
    "15": 0.05251,
    "16": 0.05291,
    "17": 0.06043,
    "18": 0.05859,
    "19": 0.10455,
    "20": 0.10767,
    "21": 0.1053,
    "22": 0.10629,
    "23": 0.05628
  }
}