{
  "day": "2023-11-05",
  "data": {
    "0": 0.03175,
    "1": 0.03192,
    "2": 0.03275,
    "3": 0.03384,
    "4": 0.03465,
    "5": 0.03408,
    "6": 0.03394,
    "7": 0.03246,
    "8": 0.03316,
    "9": 0.02605,
    "10": 0.02466,
    "11": 0.02205,
    "12": 0.02194,
    "13": 0.02152,
    "14": 0.02166,
    "15": 0.02418,
    "16": 0.02598,
    "17": 0.02782,
    "18": 0.03385,
    "19": 0.05021,
    "20": 0.05339,
    "21": 0.05046,
    "22": 0.04684,
    "23": 0.0404
  }
}