{
  "day": "2023-11-06",
  "data": {
    "0": 0.04856,
    "1": 0.04392,
    "2": 0.03863,
    "3": 0.03566,
    "4": 0.03849,
    "5": 0.05024,
    "6": 0.08166,
    "7": 0.12562,
    "8": 0.15454,
    "9": 0.08897,
    "10": 0.08406,
    "11": 0.11776,
    "12": 0.11733,
    "13": 0.11725,
    "14": 0.12044,
    "15": 0.08269,
    "16": 0.11879,
    "17": 0.16592,
    "18": 0.22043,
    "19": 0.25444,
    "20": 0.22245,
    "21": 0.21693,
    "22": 0.2112,
    "23": 0.15191
  }
}