{
  "day": "2023-11-07",
  "data": {
    "0": 0.1228,
    "1": 0.11786,
    "2": 0.11337,
    "3": 0.10994,
    "4": 0.11297,
    "5": 0.12655,
    "6": 0.14421,
    "7": 0.17545,
    "8": 0.20284,
    "9": 0.14318,
    "10": 0.13428,
    "11": 0.18132,
    "12": 0.18511,
    "13": 0.18864,
    "14": 0.1908,
    "15": 0.14675,
    "16": 0.15612,
    "17": 0.20671,
    "18": 0.22012,
    "19": 0.25005,
    "20": 0.25115,
    "21": 0.22977,
    "22": 0.20124,
    "23": 0.14836
  }
}