{
  "day": "2023-11-08",
  "data": {
    "0": 0.13545,
    "1": 0.12207,
    "2": 0.12134,
    "3": 0.11973,
    "4": 0.10872,
    "5": 0.11737,
    "6": 0.12416,
    "7": 0.14509,
    "8": 0.1756,
    "9": 0.15527,
    "10": 0.14611,
    "11": 0.18383,
    "12": 0.18063,
    "13": 0.18036,
    "14": 0.18331,
    "15": 0.14369,
    "16": 0.1606,
    "17": 0.18542,
    "18": 0.19154,
    "19": 0.23195,
    "20": 0.22583,
    "21": 0.20877,
    "22": 0.20316,
    "23": 0.14291
  }
}