{
  "day": "2023-11-09",
  "data": {
    "0": 0.11627,
    "1": 0.09894,
    "2": 0.09832,
    "3": 0.09833,
    "4": 0.09662,
    "5": 0.09897,
    "6": 0.10945,
    "7": 0.11948,
    "8": 0.15597,
    "9": 0.13764,
    "10": 0.12733,
    "11": 0.15925,
    "12": 0.15744,
    "13": 0.15337,
    "14": 0.14598,
    "15": 0.08283,
    "16": 0.11042,
    "17": 0.13662,
    "18": 0.15977,
    "19": 0.21973,
    "20": 0.21056,
    "21": 0.19854,
    "22": 0.19111,
    "23": 0.13161
  }
}