{
  "day": "2023-11-11",
  "data": {
    "0": 0.04885,
    "1": 0.03863,
    "2": 0.03627,
    "3": 0.03318,
    "4": 0.03396,
    "5": 0.03613,
    "6": 0.03764,
    "7": 0.03883,
    "8": 0.03701,
    "9": 0.03396,
    "10": 0.03296,
    "11": 0.02682,
    "12": 0.02678,
    "13": 0.02653,
    "14": 0.02671,
    "15": 0.02649,
    "16": 0.03131,
    "17": 0.03449,
    "18": 0.03258,
    "19": 0.0427,
    "20": 0.04386,
    "21": 0.04257,
    "22": 0.03319,
    "23": 0.0294
  }
}