{
  "day": "2023-11-12",
  "data": {
    "0": 0.03606,
    "1": 0.03772,
    "2": 0.03809,
    "3": 0.03755,
    "4": 0.03834,
    "5": 0.03977,
    "6": 0.03924,
    "7": 0.03926,
    "8": 0.04425,
    "9": 0.04083,
    "10": 0.03291,
    "11": 0.03495,
    "12": 0.03267,
    "13": 0.03295,
    "14": 0.03436,
    "15": 0.03769,
    "16": 0.04701,
    "17": 0.07154,
    "18": 0.08197,
    "19": 0.10828,
    "20": 0.1119,
    "21": 0.10999,
    "22": 0.08126,
    "23": 0.07036
  }
}