{
  "day": "2023-11-17",
  "data": {
    "0": 0.15009,
    "1": 0.14545,
    "2": 0.14333,
    "3": 0.14,
    "4": 0.14333,
    "5": 0.15033,
    "6": 0.16289,
    "7": 0.16995,
    "8": 0.20721,
    "9": 0.19094,
    "10": 0.18524,
    "11": 0.22443,
    "12": 0.22576,
    "13": 0.21918,
    "14": 0.20908,
    "15": 0.1791,
    "16": 0.18887,
    "17": 0.19174,
    "18": 0.21638,
    "19": 0.25345,
    "20": 0.23903,
    "21": 0.23117,
    "22": 0.23121,
    "23": 0.17854
  }
}