{
  "day": "2023-11-23",
  "data": {
    "0": 0.06698,
    "1": 0.06526,
    "2": 0.06292,
    "3": 0.06269,
    "4": 0.06036,
    "5": 0.06661,
    "6": 0.06849,
    "7": 0.11085,
    "8": 0.15011,
    "9": 0.09984,
    "10": 0.07598,
    "11": 0.12223,
    "12": 0.12277,
    "13": 0.12571,
    "14": 0.12884,
    "15": 0.08577,
    "16": 0.1163,
    "17": 0.13369,
    "18": 0.16947,
    "19": 0.235,
    "20": 0.21068,
    "21": 0.19176,
    "22": 0.17878,
    "23": 0.09444
  }
}