{
  "day": "2023-11-25",
  "data": {
    "0": 0.12412,
    "1": 0.12195,
    "2": 0.12276,
    "3": 0.1243,
    "4": 0.12315,
    "5": 0.12754,
    "6": 0.13221,
    "7": 0.1374,
    "8": 0.14244,
    "9": 0.11622,
    "10": 0.09483,
    "11": 0.09412,
    "12": 0.09542,
    "13": 0.10017,
    "14": 0.09783,
    "15": 0.10499,
    "16": 0.12116,
    "17": 0.15189,
    "18": 0.17212,
    "19": 0.1706,
    "20": 0.17046,
    "21": 0.16066,
    "22": 0.16154,
    "23": 0.16086
  }
}