{
  "day": "2023-11-26",
  "data": {
    "0": 0.16253,
    "1": 0.15832,
    "2": 0.15755,
    "3": 0.15575,
    "4": 0.15219,
    "5": 0.15435,
    "6": 0.15655,
    "7": 0.16637,
    "8": 0.16577,
    "9": 0.16467,
    "10": 0.1568,
    "11": 0.15483,
    "12": 0.154,
    "13": 0.14954,
    "14": 0.15504,
    "15": 0.16029,
    "16": 0.1717,
    "17": 0.19132,
    "18": 0.20504,
    "19": 0.19217,
    "20": 0.18271,
    "21": 0.16942,
    "22": 0.15975,
    "23": 0.14252
  }
}