{
  "day": "2023-11-27",
  "data": {
    "0": 0.14799,
    "1": 0.14563,
    "2": 0.1398,
    "3": 0.14015,
    "4": 0.1386,
    "5": 0.14362,
    "6": 0.1696,
    "7": 0.17138,
    "8": 0.21137,
    "9": 0.19775,
    "10": 0.16921,
    "11": 0.20848,
    "12": 0.21662,
    "13": 0.20766,
    "14": 0.19381,
    "15": 0.15745,
    "16": 0.16731,
    "17": 0.18791,
    "18": 0.19337,
    "19": 0.23772,
    "20": 0.22959,
    "21": 0.21917,
    "22": 0.20945,
    "23": 0.14864
  }
}