{
  "day": "2023-11-28",
  "data": {
    "0": 0.11719,
    "1": 0.11049,
    "2": 0.10854,
    "3": 0.10659,
    "4": 0.111,
    "5": 0.12363,
    "6": 0.13796,
    "7": 0.15848,
    "8": 0.19527,
    "9": 0.19348,
    "10": 0.18176,
    "11": 0.22622,
    "12": 0.22134,
    "13": 0.20996,
    "14": 0.20722,
    "15": 0.17389,
    "16": 0.18693,
    "17": 0.19864,
    "18": 0.21389,
    "19": 0.27952,
    "20": 0.25332,
    "21": 0.23923,
    "22": 0.23022,
    "23": 0.17374
  }
}