{
  "day": "2023-11-30",
  "data": {
    "0": 0.10969,
    "1": 0.10251,
    "2": 0.09812,
    "3": 0.09897,
    "4": 0.09859,
    "5": 0.09897,
    "6": 0.10978,
    "7": 0.13812,
    "8": 0.16068,
    "9": 0.16062,
    "10": 0.16224,
    "11": 0.20562,
    "12": 0.20845,
    "13": 0.20939,
    "14": 0.2114,
    "15": 0.16539,
    "16": 0.17745,
    "17": 0.17781,
    "18": 0.18777,
    "19": 0.25842,
    "20": 0.26466,
    "21": 0.24303,
    "22": 0.21026,
    "23": 0.17563
  }
}