{
  "day": "2024-06-01",
  "data": {
    "0": 0.05287,
    "1": 0.05178,
    "2": 0.05246,
    "3": 0.04994,
    "4": 0.049,
    "5": 0.05187,
    "6": 0.05167,
    "7": 0.05846,
    "8": 0.05816,
    "9": 0.0553,
    "10": 0.05283,
    "11": 0.05236,
    "12": 0.05225,
    "13": 0.05214,
    "14": 0.05232,
    "15": 0.05341,
    "16": 0.0544,
    "17": 0.05488,
    "18": 0.05919,
    "19": 0.0573,
    "20": 0.05655,
    "21": 0.05672,
    "22": 0.0583,
    "23": 0.05498
  }
}