{
  "day": "2024-06-03",
  "data": {
    "0": 0.05558,
    "1": 0.05996,
    "2": 0.06118,
    "3": 0.06184,
    "4": 0.06385,
    "5": 0.05899,
    "6": 0.08119,
    "7": 0.08305,
    "8": 0.11181,
    "9": 0.10479,
    "10": 0.08395,
    "11": 0.12395,
    "12": 0.1227,
    "13": 0.12627,
    "14": 0.11969,
    "15": 0.06618,
    "16": 0.06908,
    "17": 0.07861,
    "18": 0.10333,
    "19": 0.16988,
    "20": 0.19979,
    "21": 0.22361,
    "22": 0.20197,
    "23": 0.13283
  }
}