{
  "day": "2024-06-04",
  "data": {
    "0": 0.12915,
    "1": 0.12295,
    "2": 0.12773,
    "3": 0.11706,
    "4": 0.12708,
    "5": 0.127,
    "6": 0.18675,
    "7": 0.21759,
    "8": 0.1701,
    "9": 0.13688,
    "10": 0.11965,
    "11": 0.13407,
    "12": 0.13144,
    "13": 0.13132,
    "14": 0.13162,
    "15": 0.07368,
    "16": 0.07653,
    "17": 0.08143,
    "18": 0.11213,
    "19": 0.17119,
    "20": 0.2229,
    "21": 0.2845,
    "22": 0.26911,
    "23": 0.20472
  }
}