{
  "day": "2024-06-05",
  "data": {
    "0": 0.14716,
    "1": 0.14302,
    "2": 0.14085,
    "3": 0.14036,
    "4": 0.13422,
    "5": 0.1361,
    "6": 0.13952,
    "7": 0.19809,
    "8": 0.21862,
    "9": 0.17483,
    "10": 0.13493,
    "11": 0.15139,
    "12": 0.14564,
    "13": 0.1425,
    "14": 0.1287,
    "15": 0.07851,
    "16": 0.07887,
    "17": 0.10455,
    "18": 0.15814,
    "19": 0.27356,
    "20": 0.28759,
    "21": 0.28286,
    "22": 0.22884,
    "23": 0.16637
  }
}