{
  "day": "2024-06-07",
  "data": {
    "0": 0.1305,
    "1": 0.13062,
    "2": 0.1282,
    "3": 0.13039,
    "4": 0.13016,
    "5": 0.13013,
    "6": 0.1303,
    "7": 0.13176,
    "8": 0.1597,
    "9": 0.15672,
    "10": 0.13149,
    "11": 0.15251,
    "12": 0.15036,
    "13": 0.14358,
    "14": 0.13734,
    "15": 0.08666,
    "16": 0.08672,
    "17": 0.08911,
    "18": 0.10978,
    "19": 0.1913,
    "20": 0.20132,
    "21": 0.20764,
    "22": 0.20871,
    "23": 0.15803
  }
}