{
  "day": "2024-06-09",
  "data": {
    "0": 0.08835,
    "1": 0.07552,
    "2": 0.0673,
    "3": 0.06227,
    "4": 0.06279,
    "5": 0.07695,
    "6": 0.06443,
    "7": 0.07548,
    "8": 0.06912,
    "9": 0.05006,
    "10": 0.04247,
    "11": 0.04694,
    "12": 0.04679,
    "13": 0.04629,
    "14": 0.04633,
    "15": 0.04807,
    "16": 0.04877,
    "17": 0.04853,
    "18": 0.05724,
    "19": 0.09302,
    "20": 0.10192,
    "21": 0.11476,
    "22": 0.12266,
    "23": 0.11032
  }
}