{
  "day": "2024-06-10",
  "data": {
    "0": 0.11379,
    "1": 0.07943,
    "2": 0.08299,
    "3": 0.08121,
    "4": 0.08139,
    "5": 0.08054,
    "6": 0.08322,
    "7": 0.10047,
    "8": 0.10723,
    "9": 0.10668,
    "10": 0.0967,
    "11": 0.14815,
    "12": 0.14748,
    "13": 0.14654,
    "14": 0.14713,
    "15": 0.09804,
    "16": 0.09822,
    "17": 0.0974,
    "18": 0.10143,
    "19": 0.15441,
    "20": 0.18803,
    "21": 0.20672,
    "22": 0.19017,
    "23": 0.13929
  }
}