{
  "day": "2024-06-13",
  "data": {
    "0": 0.13836,
    "1": 0.13383,
    "2": 0.13144,
    "3": 0.13615,
    "4": 0.1426,
    "5": 0.14563,
    "6": 0.1608,
    "7": 0.17375,
    "8": 0.1686,
    "9": 0.13537,
    "10": 0.08845,
    "11": 0.13997,
    "12": 0.13852,
    "13": 0.11266,
    "14": 0.10309,
    "15": 0.05437,
    "16": 0.05454,
    "17": 0.05853,
    "18": 0.07796,
    "19": 0.1474,
    "20": 0.20737,
    "21": 0.22414,
    "22": 0.2237,
    "23": 0.15835
  }
}