{
  "day": "2024-06-14",
  "data": {
    "0": 0.12452,
    "1": 0.12234,
    "2": 0.12252,
    "3": 0.12153,
    "4": 0.12197,
    "5": 0.12432,
    "6": 0.12537,
    "7": 0.14426,
    "8": 0.14977,
    "9": 0.11,
    "10": 0.09679,
    "11": 0.12252,
    "12": 0.11224,
    "13": 0.10896,
    "14": 0.1087,
    "15": 0.05907,
    "16": 0.0607,
    "17": 0.06028,
    "18": 0.06133,
    "19": 0.12031,
    "20": 0.14832,
    "21": 0.1918,
    "22": 0.19373,
    "23": 0.11404
  }
}