{
  "day": "2024-06-15",
  "data": {
    "0": 0.08977,
    "1": 0.08767,
    "2": 0.08826,
    "3": 0.08558,
    "4": 0.08588,
    "5": 0.08607,
    "6": 0.08543,
    "7": 0.0949,
    "8": 0.07424,
    "9": 0.04597,
    "10": 0.04088,
    "11": 0.04038,
    "12": 0.04063,
    "13": 0.04214,
    "14": 0.04227,
    "15": 0.04296,
    "16": 0.0435,
    "17": 0.04395,
    "18": 0.0455,
    "19": 0.0575,
    "20": 0.08552,
    "21": 0.08407,
    "22": 0.09206,
    "23": 0.0845
  }
}