{
  "day": "2024-06-17",
  "data": {
    "0": 0.09043,
    "1": 0.08548,
    "2": 0.08722,
    "3": 0.08723,
    "4": 0.0834,
    "5": 0.08547,
    "6": 0.08487,
    "7": 0.09387,
    "8": 0.11546,
    "9": 0.10101,
    "10": 0.08729,
    "11": 0.11698,
    "12": 0.11485,
    "13": 0.11341,
    "14": 0.11312,
    "15": 0.06309,
    "16": 0.06322,
    "17": 0.06403,
    "18": 0.0712,
    "19": 0.14171,
    "20": 0.16462,
    "21": 0.19132,
    "22": 0.21239,
    "23": 0.12976
  }
}