{
  "day": "2024-06-18",
  "data": {
    "0": 0.08953,
    "1": 0.07424,
    "2": 0.0906,
    "3": 0.09019,
    "4": 0.09188,
    "5": 0.10506,
    "6": 0.1381,
    "7": 0.14896,
    "8": 0.17276,
    "9": 0.11961,
    "10": 0.09445,
    "11": 0.14102,
    "12": 0.13432,
    "13": 0.12575,
    "14": 0.11518,
    "15": 0.06439,
    "16": 0.06379,
    "17": 0.07526,
    "18": 0.09231,
    "19": 0.16034,
    "20": 0.19519,
    "21": 0.24102,
    "22": 0.24966,
    "23": 0.17587
  }
}