{
  "day": "2024-06-23",
  "data": {
    "0": 0.13069,
    "1": 0.10945,
    "2": 0.0985,
    "3": 0.08686,
    "4": 0.09112,
    "5": 0.09071,
    "6": 0.08886,
    "7": 0.09488,
    "8": 0.07377,
    "9": 0.0558,
    "10": 0.0422,
    "11": 0.04138,
    "12": 0.04864,
    "13": 0.04299,
    "14": 0.04232,
    "15": 0.04369,
    "16": 0.05096,
    "17": 0.04268,
    "18": 0.0489,
    "19": 0.0556,
    "20": 0.08098,
    "21": 0.12227,
    "22": 0.1427,
    "23": 0.12682
  }
}