{
  "day": "2024-06-24",
  "data": {
    "0": 0.09625,
    "1": 0.08664,
    "2": 0.08358,
    "3": 0.07827,
    "4": 0.07766,
    "5": 0.09295,
    "6": 0.09882,
    "7": 0.11366,
    "8": 0.10502,
    "9": 0.09831,
    "10": 0.09771,
    "11": 0.11602,
    "12": 0.11431,
    "13": 0.11608,
    "14": 0.11351,
    "15": 0.06013,
    "16": 0.06057,
    "17": 0.06633,
    "18": 0.10076,
    "19": 0.14995,
    "20": 0.20061,
    "21": 0.23549,
    "22": 0.23262,
    "23": 0.15708
  }
}