{
  "day": "2024-06-25",
  "data": {
    "0": 0.11319,
    "1": 0.13046,
    "2": 0.1276,
    "3": 0.11609,
    "4": 0.12424,
    "5": 0.10556,
    "6": 0.11464,
    "7": 0.13521,
    "8": 0.13425,
    "9": 0.12478,
    "10": 0.08715,
    "11": 0.13705,
    "12": 0.13628,
    "13": 0.13613,
    "14": 0.13589,
    "15": 0.08563,
    "16": 0.08625,
    "17": 0.08664,
    "18": 0.10422,
    "19": 0.19302,
    "20": 0.2173,
    "21": 0.2261,
    "22": 0.22663,
    "23": 0.16301
  }
}