{
  "day": "2024-06-29",
  "data": {
    "0": 0.13414,
    "1": 0.11557,
    "2": 0.08879,
    "3": 0.08852,
    "4": 0.08877,
    "5": 0.08726,
    "6": 0.08859,
    "7": 0.09677,
    "8": 0.08903,
    "9": 0.09003,
    "10": 0.08318,
    "11": 0.07064,
    "12": 0.06968,
    "13": 0.06876,
    "14": 0.04104,
    "15": 0.03233,
    "16": 0.04514,
    "17": 0.06767,
    "18": 0.07331,
    "19": 0.08976,
    "20": 0.11769,
    "21": 0.14436,
    "22": 0.14899,
    "23": 0.14261
  }
}