{
  "day": "2024-06-30",
  "data": {
    "0": 0.14655,
    "1": 0.14434,
    "2": 0.14845,
    "3": 0.14892,
    "4": 0.14826,
    "5": 0.14578,
    "6": 0.14369,
    "7": 0.12341,
    "8": 0.09115,
    "9": 0.08823,
    "10": 0.06989,
    "11": 0.05553,
    "12": 0.04106,
    "13": 0.03509,
    "14": 0.03045,
    "15": 0.03098,
    "16": 0.03282,
    "17": 0.0366,
    "18": 0.07223,
    "19": 0.08729,
    "20": 0.09983,
    "21": 0.14084,
    "22": 0.14118,
    "23": 0.1415
  }
}