{
  "day": "2026-06-05",
  "data": {
    "0": 0.12582,
    "1": 0.12686,
    "2": 0.12403,
    "3": 0.1224,
    "4": 0.12454,
    "5": 0.13113,
    "6": 0.14966,
    "7": 0.15567,
    "8": 0.12042,
    "9": 0.07367,
    "10": 0.0591,
    "11": 0.12591,
    "12": 0.12989,
    "13": 0.12827,
    "14": 0.12827,
    "15": 0.05831,
    "16": 0.05775,
    "17": 0.0666,
    "18": 0.08077,
    "19": 0.2028,
    "20": 0.24715,
    "21": 0.26814,
    "22": 0.27975,
    "23": 0.20446
  }
}