{
  "day": "2026-06-06",
  "data": {
    "0": 0.15943,
    "1": 0.14333,
    "2": 0.1397,
    "3": 0.13979,
    "4": 0.14059,
    "5": 0.14124,
    "6": 0.14603,
    "7": 0.14689,
    "8": 0.12387,
    "9": 0.05072,
    "10": 0.025,
    "11": 0.02399,
    "12": 0.0264,
    "13": 0.02608,
    "14": 0.02605,
    "15": 0.0269,
    "16": 0.02717,
    "17": 0.02574,
    "18": 0.02451,
    "19": 0.04365,
    "20": 0.12017,
    "21": 0.15068,
    "22": 0.14372,
    "23": 0.13998
  }
}