{
  "day": "2026-06-08",
  "data": {
    "0": 0.14601,
    "1": 0.13669,
    "2": 0.13321,
    "3": 0.1337,
    "4": 0.13366,
    "5": 0.13596,
    "6": 0.14713,
    "7": 0.14769,
    "8": 0.14466,
    "9": 0.10997,
    "10": 0.08628,
    "11": 0.14794,
    "12": 0.14531,
    "13": 0.13459,
    "14": 0.12771,
    "15": 0.05657,
    "16": 0.05609,
    "17": 0.05699,
    "18": 0.06464,
    "19": 0.16074,
    "20": 0.19834,
    "21": 0.24591,
    "22": 0.23693,
    "23": 0.15249
  }
}