{
  "day": "2026-06-09",
  "data": {
    "0": 0.13139,
    "1": 0.12463,
    "2": 0.12511,
    "3": 0.12457,
    "4": 0.12474,
    "5": 0.12508,
    "6": 0.13792,
    "7": 0.14029,
    "8": 0.10476,
    "9": 0.05917,
    "10": 0.05536,
    "11": 0.12845,
    "12": 0.12872,
    "13": 0.12883,
    "14": 0.129,
    "15": 0.06229,
    "16": 0.06179,
    "17": 0.06047,
    "18": 0.06553,
    "19": 0.16239,
    "20": 0.21842,
    "21": 0.26533,
    "22": 0.25775,
    "23": 0.16942
  }
}