{
  "day": "2026-06-10",
  "data": {
    "0": 0.12871,
    "1": 0.12467,
    "2": 0.1144,
    "3": 0.11011,
    "4": 0.10781,
    "5": 0.11345,
    "6": 0.12925,
    "7": 0.13057,
    "8": 0.11733,
    "9": 0.07244,
    "10": 0.06743,
    "11": 0.14411,
    "12": 0.14404,
    "13": 0.14235,
    "14": 0.14245,
    "15": 0.07246,
    "16": 0.07267,
    "17": 0.07166,
    "18": 0.07064,
    "19": 0.15601,
    "20": 0.19704,
    "21": 0.23963,
    "22": 0.23143,
    "23": 0.14952
  }
}