{
  "day": "2026-06-13",
  "data": {
    "0": 0.14534,
    "1": 0.13358,
    "2": 0.11022,
    "3": 0.09354,
    "4": 0.09388,
    "5": 0.1072,
    "6": 0.13238,
    "7": 0.11744,
    "8": 0.04709,
    "9": 0.03018,
    "10": 0.02876,
    "11": 0.03006,
    "12": 0.03147,
    "13": 0.03111,
    "14": 0.03115,
    "15": 0.03199,
    "16": 0.03231,
    "17": 0.03721,
    "18": 0.04216,
    "19": 0.07395,
    "20": 0.1253,
    "21": 0.17567,
    "22": 0.18246,
    "23": 0.17014
  }
}