{
  "day": "2026-06-14",
  "data": {
    "0": 0.15582,
    "1": 0.14802,
    "2": 0.14394,
    "3": 0.14016,
    "4": 0.14006,
    "5": 0.14053,
    "6": 0.14759,
    "7": 0.14397,
    "8": 0.06025,
    "9": 0.02136,
    "10": 0.01938,
    "11": 0.01791,
    "12": 0.0175,
    "13": 0.01707,
    "14": 0.01724,
    "15": 0.0174,
    "16": 0.0183,
    "17": 0.02078,
    "18": 0.02769,
    "19": 0.09648,
    "20": 0.15275,
    "21": 0.18376,
    "22": 0.19244,
    "23": 0.18841
  }
}