{
  "day": "2026-06-17",
  "data": {
    "0": 0.14666,
    "1": 0.14224,
    "2": 0.13567,
    "3": 0.13371,
    "4": 0.13174,
    "5": 0.1337,
    "6": 0.13874,
    "7": 0.14056,
    "8": 0.14157,
    "9": 0.11673,
    "10": 0.09846,
    "11": 0.15343,
    "12": 0.14282,
    "13": 0.10736,
    "14": 0.13179,
    "15": 0.07416,
    "16": 0.08449,
    "17": 0.10281,
    "18": 0.1155,
    "19": 0.21037,
    "20": 0.24864,
    "21": 0.26626,
    "22": 0.26788,
    "23": 0.18296
  }
}