{
  "day": "2026-06-18",
  "data": {
    "0": 0.14421,
    "1": 0.1386,
    "2": 0.1329,
    "3": 0.1318,
    "4": 0.13574,
    "5": 0.13925,
    "6": 0.15192,
    "7": 0.15654,
    "8": 0.1647,
    "9": 0.13528,
    "10": 0.09469,
    "11": 0.12695,
    "12": 0.12937,
    "13": 0.11749,
    "14": 0.12105,
    "15": 0.0572,
    "16": 0.08133,
    "17": 0.10894,
    "18": 0.12569,
    "19": 0.23856,
    "20": 0.25574,
    "21": 0.26514,
    "22": 0.27335,
    "23": 0.19023
  }
}