{
  "day": "2026-06-20",
  "data": {
    "0": 0.15649,
    "1": 0.15187,
    "2": 0.14753,
    "3": 0.14491,
    "4": 0.142,
    "5": 0.13823,
    "6": 0.14055,
    "7": 0.14597,
    "8": 0.10422,
    "9": 0.04592,
    "10": 0.01845,
    "11": 0.01672,
    "12": 0.01669,
    "13": 0.01623,
    "14": 0.01623,
    "15": 0.01643,
    "16": 0.0166,
    "17": 0.01674,
    "18": 0.02107,
    "19": 0.10695,
    "20": 0.14406,
    "21": 0.16041,
    "22": 0.17024,
    "23": 0.16334
  }
}