{
  "day": "2026-06-21",
  "data": {
    "0": 0.1595,
    "1": 0.1501,
    "2": 0.14298,
    "3": 0.13854,
    "4": 0.12806,
    "5": 0.12745,
    "6": 0.12627,
    "7": 0.10684,
    "8": 0.04834,
    "9": 0.02702,
    "10": 0.02926,
    "11": 0.02864,
    "12": 0.02717,
    "13": 0.0264,
    "14": 0.02592,
    "15": 0.02851,
    "16": 0.02783,
    "17": 0.02805,
    "18": 0.0267,
    "19": 0.08834,
    "20": 0.15062,
    "21": 0.18535,
    "22": 0.19327,
    "23": 0.18196
  }
}