{
  "day": "2026-06-26",
  "data": {
    "0": 0.14466,
    "1": 0.14228,
    "2": 0.13544,
    "3": 0.13274,
    "4": 0.13167,
    "5": 0.13848,
    "6": 0.15666,
    "7": 0.16469,
    "8": 0.16575,
    "9": 0.14007,
    "10": 0.11869,
    "11": 0.16893,
    "12": 0.14227,
    "13": 0.12881,
    "14": 0.11841,
    "15": 0.04389,
    "16": 0.04787,
    "17": 0.06995,
    "18": 0.09548,
    "19": 0.20232,
    "20": 0.24746,
    "21": 0.2796,
    "22": 0.28488,
    "23": 0.20651
  }
}