{
  "day": "2026-06-27",
  "data": {
    "0": 0.16781,
    "1": 0.16453,
    "2": 0.15011,
    "3": 0.14691,
    "4": 0.14962,
    "5": 0.15,
    "6": 0.14934,
    "7": 0.15005,
    "8": 0.12596,
    "9": 0.0676,
    "10": 0.02731,
    "11": 0.01938,
    "12": 0.01907,
    "13": 0.01852,
    "14": 0.01851,
    "15": 0.01884,
    "16": 0.01916,
    "17": 0.01756,
    "18": 0.01844,
    "19": 0.06599,
    "20": 0.14423,
    "21": 0.17196,
    "22": 0.19246,
    "23": 0.1758
  }
}