{
  "day": "2026-06-28",
  "data": {
    "0": 0.16374,
    "1": 0.15813,
    "2": 0.15395,
    "3": 0.14907,
    "4": 0.14871,
    "5": 0.1494,
    "6": 0.15112,
    "7": 0.15829,
    "8": 0.11672,
    "9": 0.05319,
    "10": 0.02796,
    "11": 0.02234,
    "12": 0.02191,
    "13": 0.01994,
    "14": 0.02128,
    "15": 0.02442,
    "16": 0.02493,
    "17": 0.0256,
    "18": 0.03642,
    "19": 0.0818,
    "20": 0.15031,
    "21": 0.17275,
    "22": 0.18057,
    "23": 0.17211
  }
}