{
  "day": "2024-02-01",
  "data": {
    "0": 0.11188,
    "1": 0.10407,
    "2": 0.09947,
    "3": 0.09945,
    "4": 0.09795,
    "5": 0.10463,
    "6": 0.11493,
    "7": 0.13006,
    "8": 0.16208,
    "9": 0.15296,
    "10": 0.12305,
    "11": 0.16627,
    "12": 0.16434,
    "13": 0.16398,
    "14": 0.16449,
    "15": 0.11526,
    "16": 0.12226,
    "17": 0.13867,
    "18": 0.16739,
    "19": 0.2162,
    "20": 0.21012,
    "21": 0.19822,
    "22": 0.19882,
    "23": 0.13436
  }
}