{
  "day": "2024-02-02",
  "data": {
    "0": 0.10492,
    "1": 0.10312,
    "2": 0.10354,
    "3": 0.10025,
    "4": 0.0976,
    "5": 0.09981,
    "6": 0.1033,
    "7": 0.12105,
    "8": 0.15795,
    "9": 0.14894,
    "10": 0.12417,
    "11": 0.16557,
    "12": 0.16533,
    "13": 0.16705,
    "14": 0.16464,
    "15": 0.11829,
    "16": 0.11766,
    "17": 0.13485,
    "18": 0.14419,
    "19": 0.20048,
    "20": 0.2006,
    "21": 0.19283,
    "22": 0.18494,
    "23": 0.11819
  }
}