{
  "day": "2024-02-05",
  "data": {
    "0": 0.11609,
    "1": 0.11887,
    "2": 0.11832,
    "3": 0.1184,
    "4": 0.11826,
    "5": 0.11888,
    "6": 0.11618,
    "7": 0.12015,
    "8": 0.15993,
    "9": 0.14565,
    "10": 0.13272,
    "11": 0.17742,
    "12": 0.16768,
    "13": 0.15554,
    "14": 0.15721,
    "15": 0.11854,
    "16": 0.12684,
    "17": 0.1331,
    "18": 0.14729,
    "19": 0.24714,
    "20": 0.31144,
    "21": 0.22486,
    "22": 0.18911,
    "23": 0.13281
  }
}