{
  "day": "2024-02-08",
  "data": {
    "0": 0.09294,
    "1": 0.08528,
    "2": 0.08057,
    "3": 0.07897,
    "4": 0.07813,
    "5": 0.07851,
    "6": 0.08772,
    "7": 0.09316,
    "8": 0.12627,
    "9": 0.1067,
    "10": 0.0998,
    "11": 0.14775,
    "12": 0.15104,
    "13": 0.14383,
    "14": 0.14922,
    "15": 0.09909,
    "16": 0.10641,
    "17": 0.10819,
    "18": 0.10909,
    "19": 0.15455,
    "20": 0.15502,
    "21": 0.15244,
    "22": 0.15592,
    "23": 0.09229
  }
}