{
  "day": "2024-02-09",
  "data": {
    "0": 0.06153,
    "1": 0.04902,
    "2": 0.04328,
    "3": 0.04079,
    "4": 0.04131,
    "5": 0.05121,
    "6": 0.07168,
    "7": 0.09124,
    "8": 0.12635,
    "9": 0.13367,
    "10": 0.13444,
    "11": 0.17505,
    "12": 0.16657,
    "13": 0.16212,
    "14": 0.16419,
    "15": 0.11294,
    "16": 0.11108,
    "17": 0.10722,
    "18": 0.10887,
    "19": 0.17763,
    "20": 0.18538,
    "21": 0.17231,
    "22": 0.15987,
    "23": 0.10004
  }
}