{
  "day": "2024-02-10",
  "data": {
    "0": 0.07511,
    "1": 0.06134,
    "2": 0.05227,
    "3": 0.05037,
    "4": 0.05025,
    "5": 0.05024,
    "6": 0.04963,
    "7": 0.04867,
    "8": 0.0493,
    "9": 0.04621,
    "10": 0.04049,
    "11": 0.03888,
    "12": 0.04028,
    "13": 0.03956,
    "14": 0.04017,
    "15": 0.04098,
    "16": 0.0409,
    "17": 0.04156,
    "18": 0.04178,
    "19": 0.06695,
    "20": 0.0806,
    "21": 0.08407,
    "22": 0.0778,
    "23": 0.06748
  }
}