{
  "day": "2024-02-11",
  "data": {
    "0": 0.07898,
    "1": 0.06524,
    "2": 0.06484,
    "3": 0.06386,
    "4": 0.07019,
    "5": 0.06976,
    "6": 0.08446,
    "7": 0.08623,
    "8": 0.08736,
    "9": 0.08461,
    "10": 0.08294,
    "11": 0.07821,
    "12": 0.07779,
    "13": 0.07732,
    "14": 0.07791,
    "15": 0.07915,
    "16": 0.08763,
    "17": 0.10433,
    "18": 0.12743,
    "19": 0.1279,
    "20": 0.11931,
    "21": 0.11239,
    "22": 0.09872,
    "23": 0.07961
  }
}