{
  "day": "2024-02-12",
  "data": {
    "0": 0.08307,
    "1": 0.08116,
    "2": 0.07835,
    "3": 0.07842,
    "4": 0.07826,
    "5": 0.07908,
    "6": 0.07777,
    "7": 0.07677,
    "8": 0.11439,
    "9": 0.10954,
    "10": 0.10243,
    "11": 0.1476,
    "12": 0.14673,
    "13": 0.1487,
    "14": 0.14916,
    "15": 0.09908,
    "16": 0.09307,
    "17": 0.10251,
    "18": 0.12279,
    "19": 0.20746,
    "20": 0.19618,
    "21": 0.18759,
    "22": 0.18226,
    "23": 0.12721
  }
}