{
  "day": "2024-02-16",
  "data": {
    "0": 0.09502,
    "1": 0.09593,
    "2": 0.09584,
    "3": 0.09155,
    "4": 0.08625,
    "5": 0.0896,
    "6": 0.09551,
    "7": 0.10048,
    "8": 0.13158,
    "9": 0.12317,
    "10": 0.1115,
    "11": 0.16055,
    "12": 0.15471,
    "13": 0.15656,
    "14": 0.15435,
    "15": 0.10493,
    "16": 0.11043,
    "17": 0.11555,
    "18": 0.12687,
    "19": 0.19413,
    "20": 0.1887,
    "21": 0.18482,
    "22": 0.18161,
    "23": 0.12724
  }
}