{
  "day": "2024-02-17",
  "data": {
    "0": 0.09151,
    "1": 0.09402,
    "2": 0.09571,
    "3": 0.09494,
    "4": 0.09517,
    "5": 0.09438,
    "6": 0.09343,
    "7": 0.09265,
    "8": 0.08963,
    "9": 0.08415,
    "10": 0.07765,
    "11": 0.07165,
    "12": 0.0693,
    "13": 0.06982,
    "14": 0.06897,
    "15": 0.06762,
    "16": 0.07298,
    "17": 0.08434,
    "18": 0.10751,
    "19": 0.12783,
    "20": 0.11863,
    "21": 0.11465,
    "22": 0.1134,
    "23": 0.11604
  }
}