{
  "day": "2024-02-18",
  "data": {
    "0": 0.1098,
    "1": 0.10517,
    "2": 0.10284,
    "3": 0.10364,
    "4": 0.10277,
    "5": 0.10354,
    "6": 0.09981,
    "7": 0.10169,
    "8": 0.09903,
    "9": 0.09049,
    "10": 0.08037,
    "11": 0.07432,
    "12": 0.07344,
    "13": 0.07191,
    "14": 0.07193,
    "15": 0.069,
    "16": 0.07357,
    "17": 0.08355,
    "18": 0.09296,
    "19": 0.10647,
    "20": 0.10695,
    "21": 0.10196,
    "22": 0.09956,
    "23": 0.0968
  }
}