{
  "day": "2024-02-20",
  "data": {
    "0": 0.08657,
    "1": 0.0865,
    "2": 0.08451,
    "3": 0.08369,
    "4": 0.0848,
    "5": 0.08613,
    "6": 0.09218,
    "7": 0.1025,
    "8": 0.1202,
    "9": 0.11095,
    "10": 0.09292,
    "11": 0.13672,
    "12": 0.13712,
    "13": 0.13689,
    "14": 0.13713,
    "15": 0.09132,
    "16": 0.09261,
    "17": 0.10687,
    "18": 0.13824,
    "19": 0.19296,
    "20": 0.31842,
    "21": 0.24551,
    "22": 0.1796,
    "23": 0.11916
  }
}