{
  "day": "2024-02-22",
  "data": {
    "0": 0.07099,
    "1": 0.06413,
    "2": 0.06537,
    "3": 0.06554,
    "4": 0.06211,
    "5": 0.06159,
    "6": 0.06395,
    "7": 0.05764,
    "8": 0.08379,
    "9": 0.08077,
    "10": 0.07761,
    "11": 0.12687,
    "12": 0.12104,
    "13": 0.11985,
    "14": 0.12007,
    "15": 0.07094,
    "16": 0.0735,
    "17": 0.07739,
    "18": 0.0766,
    "19": 0.12452,
    "20": 0.12668,
    "21": 0.12811,
    "22": 0.12563,
    "23": 0.07262
  }
}