{
  "day": "2024-02-25",
  "data": {
    "0": 0.05334,
    "1": 0.05195,
    "2": 0.05305,
    "3": 0.05388,
    "4": 0.05426,
    "5": 0.05392,
    "6": 0.05359,
    "7": 0.05257,
    "8": 0.05213,
    "9": 0.05511,
    "10": 0.05135,
    "11": 0.05053,
    "12": 0.04761,
    "13": 0.04704,
    "14": 0.04709,
    "15": 0.04847,
    "16": 0.04797,
    "17": 0.05023,
    "18": 0.0427,
    "19": 0.0438,
    "20": 0.04607,
    "21": 0.04747,
    "22": 0.04543,
    "23": 0.04425
  }
}