{
  "day": "2024-02-26",
  "data": {
    "0": 0.05065,
    "1": 0.05082,
    "2": 0.04778,
    "3": 0.04813,
    "4": 0.05122,
    "5": 0.05325,
    "6": 0.05063,
    "7": 0.05745,
    "8": 0.08165,
    "9": 0.07598,
    "10": 0.07732,
    "11": 0.12736,
    "12": 0.12434,
    "13": 0.12426,
    "14": 0.12337,
    "15": 0.07401,
    "16": 0.07434,
    "17": 0.07575,
    "18": 0.07293,
    "19": 0.13004,
    "20": 0.13021,
    "21": 0.12852,
    "22": 0.12342,
    "23": 0.07233
  }
}