{
  "day": "2024-02-27",
  "data": {
    "0": 0.04808,
    "1": 0.04846,
    "2": 0.04802,
    "3": 0.04698,
    "4": 0.04694,
    "5": 0.04539,
    "6": 0.0481,
    "7": 0.04473,
    "8": 0.0714,
    "9": 0.07144,
    "10": 0.07014,
    "11": 0.11908,
    "12": 0.11906,
    "13": 0.11898,
    "14": 0.11929,
    "15": 0.06985,
    "16": 0.07101,
    "17": 0.07189,
    "18": 0.0685,
    "19": 0.1251,
    "20": 0.14237,
    "21": 0.12921,
    "22": 0.12077,
    "23": 0.07152
  }
}