{
  "day": "2024-02-29",
  "data": {
    "0": 0.06216,
    "1": 0.05749,
    "2": 0.05752,
    "3": 0.05632,
    "4": 0.05634,
    "5": 0.05591,
    "6": 0.05166,
    "7": 0.05494,
    "8": 0.0805,
    "9": 0.07544,
    "10": 0.0709,
    "11": 0.11711,
    "12": 0.1169,
    "13": 0.11645,
    "14": 0.11614,
    "15": 0.06602,
    "16": 0.06778,
    "17": 0.06746,
    "18": 0.07022,
    "19": 0.12017,
    "20": 0.12277,
    "21": 0.121,
    "22": 0.12029,
    "23": 0.06922
  }
}