{
  "day": "2024-12-01",
  "data": {
    "0": 0.16929,
    "1": 0.15711,
    "2": 0.1558,
    "3": 0.15717,
    "4": 0.15741,
    "5": 0.15716,
    "6": 0.16022,
    "7": 0.16698,
    "8": 0.18252,
    "9": 0.17626,
    "10": 0.15474,
    "11": 0.13855,
    "12": 0.13797,
    "13": 0.14406,
    "14": 0.16451,
    "15": 0.18029,
    "16": 0.18885,
    "17": 0.20186,
    "18": 0.19416,
    "19": 0.20923,
    "20": 0.22397,
    "21": 0.18715,
    "22": 0.18467,
    "23": 0.17399
  }
}