{
  "day": "2024-12-02",
  "data": {
    "0": 0.17845,
    "1": 0.17718,
    "2": 0.17501,
    "3": 0.17202,
    "4": 0.17195,
    "5": 0.17451,
    "6": 0.18054,
    "7": 0.18773,
    "8": 0.21752,
    "9": 0.21315,
    "10": 0.20314,
    "11": 0.24093,
    "12": 0.23238,
    "13": 0.22993,
    "14": 0.22612,
    "15": 0.18881,
    "16": 0.20547,
    "17": 0.21569,
    "18": 0.21783,
    "19": 0.26837,
    "20": 0.26847,
    "21": 0.26663,
    "22": 0.26384,
    "23": 0.20786
  }
}