{
  "day": "2024-12-03",
  "data": {
    "0": 0.17804,
    "1": 0.17491,
    "2": 0.17109,
    "3": 0.16389,
    "4": 0.162,
    "5": 0.16279,
    "6": 0.17588,
    "7": 0.18905,
    "8": 0.22314,
    "9": 0.21629,
    "10": 0.20184,
    "11": 0.24661,
    "12": 0.24419,
    "13": 0.2349,
    "14": 0.22534,
    "15": 0.18179,
    "16": 0.19741,
    "17": 0.21071,
    "18": 0.21953,
    "19": 0.27304,
    "20": 0.27129,
    "21": 0.26218,
    "22": 0.25443,
    "23": 0.19082
  }
}