{
  "day": "2024-12-04",
  "data": {
    "0": 0.16499,
    "1": 0.15666,
    "2": 0.15594,
    "3": 0.15101,
    "4": 0.14918,
    "5": 0.15173,
    "6": 0.17641,
    "7": 0.19089,
    "8": 0.22237,
    "9": 0.21443,
    "10": 0.19662,
    "11": 0.2138,
    "12": 0.21302,
    "13": 0.21353,
    "14": 0.2146,
    "15": 0.1839,
    "16": 0.21243,
    "17": 0.21762,
    "18": 0.24317,
    "19": 0.28974,
    "20": 0.26796,
    "21": 0.26829,
    "22": 0.26359,
    "23": 0.20401
  }
}