{
  "day": "2024-12-05",
  "data": {
    "0": 0.17942,
    "1": 0.17551,
    "2": 0.17537,
    "3": 0.17414,
    "4": 0.17272,
    "5": 0.17159,
    "6": 0.18574,
    "7": 0.19799,
    "8": 0.22406,
    "9": 0.21082,
    "10": 0.18519,
    "11": 0.21672,
    "12": 0.21247,
    "13": 0.21056,
    "14": 0.21173,
    "15": 0.16927,
    "16": 0.19437,
    "17": 0.2131,
    "18": 0.2189,
    "19": 0.27038,
    "20": 0.27188,
    "21": 0.26889,
    "22": 0.26475,
    "23": 0.20989
  }
}