{
  "day": "2024-12-07",
  "data": {
    "0": 0.13889,
    "1": 0.14112,
    "2": 0.13627,
    "3": 0.11683,
    "4": 0.11085,
    "5": 0.09822,
    "6": 0.09649,
    "7": 0.10462,
    "8": 0.12895,
    "9": 0.11325,
    "10": 0.07661,
    "11": 0.04715,
    "12": 0.0484,
    "13": 0.04886,
    "14": 0.0472,
    "15": 0.04921,
    "16": 0.06235,
    "17": 0.10335,
    "18": 0.11485,
    "19": 0.11905,
    "20": 0.12858,
    "21": 0.09911,
    "22": 0.09279,
    "23": 0.08388
  }
}