{
  "day": "2024-12-08",
  "data": {
    "0": 0.08363,
    "1": 0.08032,
    "2": 0.07596,
    "3": 0.07222,
    "4": 0.07282,
    "5": 0.07259,
    "6": 0.07067,
    "7": 0.07193,
    "8": 0.0905,
    "9": 0.07501,
    "10": 0.05357,
    "11": 0.0482,
    "12": 0.04887,
    "13": 0.04773,
    "14": 0.0469,
    "15": 0.0493,
    "16": 0.06976,
    "17": 0.11604,
    "18": 0.13942,
    "19": 0.13683,
    "20": 0.13371,
    "21": 0.13203,
    "22": 0.12976,
    "23": 0.11009
  }
}