{
  "day": "2024-12-10",
  "data": {
    "0": 0.16134,
    "1": 0.14856,
    "2": 0.14503,
    "3": 0.14659,
    "4": 0.1514,
    "5": 0.15912,
    "6": 0.15749,
    "7": 0.18545,
    "8": 0.22495,
    "9": 0.20708,
    "10": 0.18865,
    "11": 0.22366,
    "12": 0.22169,
    "13": 0.21892,
    "14": 0.22605,
    "15": 0.18978,
    "16": 0.20792,
    "17": 0.22736,
    "18": 0.24848,
    "19": 0.29628,
    "20": 0.28324,
    "21": 0.27796,
    "22": 0.26539,
    "23": 0.20318
  }
}