{
  "day": "2024-12-11",
  "data": {
    "0": 0.16591,
    "1": 0.14968,
    "2": 0.15205,
    "3": 0.1495,
    "4": 0.14979,
    "5": 0.14939,
    "6": 0.16013,
    "7": 0.1953,
    "8": 0.231,
    "9": 0.21951,
    "10": 0.19479,
    "11": 0.2276,
    "12": 0.2205,
    "13": 0.22348,
    "14": 0.23365,
    "15": 0.19173,
    "16": 0.19926,
    "17": 0.22183,
    "18": 0.23171,
    "19": 0.2854,
    "20": 0.29712,
    "21": 0.28108,
    "22": 0.26382,
    "23": 0.19762
  }
}