{
  "day": "2024-12-13",
  "data": {
    "0": 0.16817,
    "1": 0.16007,
    "2": 0.15501,
    "3": 0.14868,
    "4": 0.14953,
    "5": 0.15889,
    "6": 0.1745,
    "7": 0.1938,
    "8": 0.22829,
    "9": 0.2266,
    "10": 0.20725,
    "11": 0.2507,
    "12": 0.2462,
    "13": 0.2416,
    "14": 0.24217,
    "15": 0.20068,
    "16": 0.21163,
    "17": 0.21819,
    "18": 0.23742,
    "19": 0.289,
    "20": 0.2895,
    "21": 0.25807,
    "22": 0.25357,
    "23": 0.18894
  }
}