{
  "day": "2024-12-15",
  "data": {
    "0": 0.17701,
    "1": 0.16438,
    "2": 0.1636,
    "3": 0.1625,
    "4": 0.15793,
    "5": 0.15121,
    "6": 0.14915,
    "7": 0.14577,
    "8": 0.16713,
    "9": 0.14393,
    "10": 0.11612,
    "11": 0.10853,
    "12": 0.11503,
    "13": 0.11187,
    "14": 0.10692,
    "15": 0.11129,
    "16": 0.1337,
    "17": 0.17738,
    "18": 0.17957,
    "19": 0.18023,
    "20": 0.18601,
    "21": 0.18153,
    "22": 0.17735,
    "23": 0.17546
  }
}