{
  "day": "2024-12-16",
  "data": {
    "0": 0.15378,
    "1": 0.14783,
    "2": 0.14743,
    "3": 0.14855,
    "4": 0.14889,
    "5": 0.1449,
    "6": 0.15762,
    "7": 0.17631,
    "8": 0.21091,
    "9": 0.20305,
    "10": 0.17134,
    "11": 0.20352,
    "12": 0.20143,
    "13": 0.20303,
    "14": 0.20373,
    "15": 0.16198,
    "16": 0.18486,
    "17": 0.20307,
    "18": 0.23247,
    "19": 0.28445,
    "20": 0.28638,
    "21": 0.26997,
    "22": 0.25002,
    "23": 0.18862
  }
}