{
  "day": "2024-12-17",
  "data": {
    "0": 0.16436,
    "1": 0.15856,
    "2": 0.15135,
    "3": 0.14967,
    "4": 0.14683,
    "5": 0.14871,
    "6": 0.15452,
    "7": 0.17401,
    "8": 0.2135,
    "9": 0.20679,
    "10": 0.18346,
    "11": 0.21277,
    "12": 0.20808,
    "13": 0.21175,
    "14": 0.21688,
    "15": 0.1778,
    "16": 0.18918,
    "17": 0.19964,
    "18": 0.20778,
    "19": 0.26062,
    "20": 0.26263,
    "21": 0.25408,
    "22": 0.23933,
    "23": 0.18604
  }
}