{
  "day": "2024-12-18",
  "data": {
    "0": 0.15907,
    "1": 0.14644,
    "2": 0.13981,
    "3": 0.13965,
    "4": 0.14051,
    "5": 0.145,
    "6": 0.16227,
    "7": 0.16819,
    "8": 0.21233,
    "9": 0.19709,
    "10": 0.18153,
    "11": 0.2081,
    "12": 0.19834,
    "13": 0.19745,
    "14": 0.19821,
    "15": 0.16182,
    "16": 0.18632,
    "17": 0.19653,
    "18": 0.20043,
    "19": 0.24981,
    "20": 0.25008,
    "21": 0.24518,
    "22": 0.2384,
    "23": 0.16304
  }
}