{
  "day": "2024-12-21",
  "data": {
    "0": 0.17401,
    "1": 0.16434,
    "2": 0.1533,
    "3": 0.1437,
    "4": 0.14321,
    "5": 0.14314,
    "6": 0.145,
    "7": 0.15543,
    "8": 0.16035,
    "9": 0.18728,
    "10": 0.12005,
    "11": 0.07119,
    "12": 0.06256,
    "13": 0.06176,
    "14": 0.06119,
    "15": 0.06711,
    "16": 0.14073,
    "17": 0.17766,
    "18": 0.17472,
    "19": 0.18003,
    "20": 0.18026,
    "21": 0.18171,
    "22": 0.17761,
    "23": 0.17548
  }
}