{
  "day": "2024-12-23",
  "data": {
    "0": 0.06917,
    "1": 0.06128,
    "2": 0.06295,
    "3": 0.06438,
    "4": 0.06309,
    "5": 0.06233,
    "6": 0.07602,
    "7": 0.11162,
    "8": 0.14457,
    "9": 0.14881,
    "10": 0.08998,
    "11": 0.11626,
    "12": 0.11413,
    "13": 0.11406,
    "14": 0.11459,
    "15": 0.06503,
    "16": 0.09823,
    "17": 0.16729,
    "18": 0.19189,
    "19": 0.25403,
    "20": 0.24647,
    "21": 0.23572,
    "22": 0.23442,
    "23": 0.17052
  }
}