{
  "day": "2024-12-25",
  "data": {
    "0": 0.14696,
    "1": 0.14481,
    "2": 0.14697,
    "3": 0.14333,
    "4": 0.13981,
    "5": 0.14514,
    "6": 0.14704,
    "7": 0.14663,
    "8": 0.14911,
    "9": 0.16626,
    "10": 0.13733,
    "11": 0.13191,
    "12": 0.12582,
    "13": 0.1291,
    "14": 0.12774,
    "15": 0.13174,
    "16": 0.16327,
    "17": 0.17688,
    "18": 0.18052,
    "19": 0.18146,
    "20": 0.1872,
    "21": 0.19011,
    "22": 0.18456,
    "23": 0.17786
  }
}