{
  "day": "2024-12-26",
  "data": {
    "0": 0.18498,
    "1": 0.17759,
    "2": 0.17886,
    "3": 0.17267,
    "4": 0.17256,
    "5": 0.17306,
    "6": 0.18137,
    "7": 0.18276,
    "8": 0.21227,
    "9": 0.2039,
    "10": 0.18729,
    "11": 0.22133,
    "12": 0.21274,
    "13": 0.21007,
    "14": 0.21574,
    "15": 0.17938,
    "16": 0.18454,
    "17": 0.20261,
    "18": 0.21803,
    "19": 0.27359,
    "20": 0.27696,
    "21": 0.28429,
    "22": 0.26263,
    "23": 0.20694
  }
}