{
  "day": "2024-12-28",
  "data": {
    "0": 0.18456,
    "1": 0.17777,
    "2": 0.18219,
    "3": 0.17502,
    "4": 0.17087,
    "5": 0.17099,
    "6": 0.17763,
    "7": 0.17559,
    "8": 0.18143,
    "9": 0.17855,
    "10": 0.16369,
    "11": 0.14694,
    "12": 0.14112,
    "13": 0.14198,
    "14": 0.14707,
    "15": 0.1517,
    "16": 0.16351,
    "17": 0.17975,
    "18": 0.19227,
    "19": 0.19771,
    "20": 0.20231,
    "21": 0.19915,
    "22": 0.1938,
    "23": 0.18887
  }
}