{
  "day": "2024-12-29",
  "data": {
    "0": 0.19605,
    "1": 0.19413,
    "2": 0.1938,
    "3": 0.19345,
    "4": 0.19367,
    "5": 0.19335,
    "6": 0.18806,
    "7": 0.18867,
    "8": 0.18834,
    "9": 0.1876,
    "10": 0.1606,
    "11": 0.15155,
    "12": 0.14079,
    "13": 0.14475,
    "14": 0.14617,
    "15": 0.15574,
    "16": 0.17335,
    "17": 0.18589,
    "18": 0.19248,
    "19": 0.1998,
    "20": 0.20454,
    "21": 0.20534,
    "22": 0.19321,
    "23": 0.19033
  }
}