{
  "day": "2024-12-31",
  "data": {
    "0": 0.18889,
    "1": 0.18341,
    "2": 0.19135,
    "3": 0.18903,
    "4": 0.18222,
    "5": 0.18484,
    "6": 0.18764,
    "7": 0.18265,
    "8": 0.21372,
    "9": 0.20649,
    "10": 0.19371,
    "11": 0.21978,
    "12": 0.21588,
    "13": 0.21578,
    "14": 0.21722,
    "15": 0.17044,
    "16": 0.18817,
    "17": 0.20787,
    "18": 0.21827,
    "19": 0.2749,
    "20": 0.27127,
    "21": 0.26841,
    "22": 0.26357,
    "23": 0.20924
  }
}