{
  "day": "2022-09-01",
  "data": {
    "0": 0.5897,
    "1": 0.60366,
    "2": 0.61571,
    "3": 0.62807,
    "4": 0.64794,
    "5": 0.66017,
    "6": 0.64615,
    "7": 0.63739,
    "8": 0.64019,
    "9": 0.59813,
    "10": 0.5408,
    "11": 0.54984,
    "12": 0.53435,
    "13": 0.52736,
    "14": 0.51318,
    "15": 0.43794,
    "16": 0.4444,
    "17": 0.45592,
    "18": 0.4906,
    "19": 0.60316,
    "20": 0.62787,
    "21": 0.64845,
    "22": 0.64684,
    "23": 0.59646
  }
}