{
  "day": "2022-09-02",
  "data": {
    "0": 0.49416,
    "1": 0.5021,
    "2": 0.5235,
    "3": 0.53758,
    "4": 0.54005,
    "5": 0.53543,
    "6": 0.51891,
    "7": 0.54828,
    "8": 0.55856,
    "9": 0.51638,
    "10": 0.44494,
    "11": 0.46571,
    "12": 0.46321,
    "13": 0.45394,
    "14": 0.44569,
    "15": 0.38919,
    "16": 0.38137,
    "17": 0.38044,
    "18": 0.39924,
    "19": 0.47793,
    "20": 0.54664,
    "21": 0.55116,
    "22": 0.52345,
    "23": 0.47097
  }
}