{
  "day": "2022-09-04",
  "data": {
    "0": 0.33419,
    "1": 0.33143,
    "2": 0.33193,
    "3": 0.34965,
    "4": 0.35213,
    "5": 0.3496,
    "6": 0.36944,
    "7": 0.37212,
    "8": 0.36155,
    "9": 0.29125,
    "10": 0.17853,
    "11": 0.14803,
    "12": 0.13411,
    "13": 0.13434,
    "14": 0.11547,
    "15": 0.0796,
    "16": 0.06471,
    "17": 0.05458,
    "18": 0.13163,
    "19": 0.19826,
    "20": 0.29412,
    "21": 0.34978,
    "22": 0.35915,
    "23": 0.35213
  }
}