{
  "day": "2022-09-05",
  "data": {
    "0": 0.35774,
    "1": 0.36035,
    "2": 0.35987,
    "3": 0.35519,
    "4": 0.35927,
    "5": 0.34763,
    "6": 0.34519,
    "7": 0.34589,
    "8": 0.36284,
    "9": 0.3384,
    "10": 0.31167,
    "11": 0.32162,
    "12": 0.29577,
    "13": 0.28541,
    "14": 0.27813,
    "15": 0.21248,
    "16": 0.21105,
    "17": 0.22388,
    "18": 0.24146,
    "19": 0.36817,
    "20": 0.40061,
    "21": 0.46352,
    "22": 0.44408,
    "23": 0.36866
  }
}