{
  "day": "2022-09-07",
  "data": {
    "0": 0.30749,
    "1": 0.30805,
    "2": 0.31129,
    "3": 0.31449,
    "4": 0.31604,
    "5": 0.31398,
    "6": 0.30738,
    "7": 0.3656,
    "8": 0.38816,
    "9": 0.30111,
    "10": 0.25612,
    "11": 0.29107,
    "12": 0.28049,
    "13": 0.2652,
    "14": 0.22307,
    "15": 0.17067,
    "16": 0.16758,
    "17": 0.17659,
    "18": 0.2134,
    "19": 0.30013,
    "20": 0.37757,
    "21": 0.41434,
    "22": 0.40428,
    "23": 0.32296
  }
}