{
  "day": "2022-09-09",
  "data": {
    "0": 0.35406,
    "1": 0.35039,
    "2": 0.35078,
    "3": 0.35003,
    "4": 0.34918,
    "5": 0.34778,
    "6": 0.31825,
    "7": 0.34877,
    "8": 0.38179,
    "9": 0.32549,
    "10": 0.26698,
    "11": 0.29543,
    "12": 0.2898,
    "13": 0.28772,
    "14": 0.29564,
    "15": 0.24718,
    "16": 0.24388,
    "17": 0.24884,
    "18": 0.24698,
    "19": 0.35978,
    "20": 0.4504,
    "21": 0.46673,
    "22": 0.44295,
    "23": 0.34146
  }
}