{
  "day": "2022-09-13",
  "data": {
    "0": 0.28399,
    "1": 0.27904,
    "2": 0.27601,
    "3": 0.26125,
    "4": 0.25387,
    "5": 0.24797,
    "6": 0.24443,
    "7": 0.25695,
    "8": 0.28669,
    "9": 0.28965,
    "10": 0.27602,
    "11": 0.30985,
    "12": 0.30585,
    "13": 0.3036,
    "14": 0.301,
    "15": 0.25775,
    "16": 0.26508,
    "17": 0.27374,
    "18": 0.29442,
    "19": 0.40148,
    "20": 0.44166,
    "21": 0.44795,
    "22": 0.44658,
    "23": 0.35478
  }
}