{
  "day": "2022-09-15",
  "data": {
    "0": 0.41951,
    "1": 0.43485,
    "2": 0.43476,
    "3": 0.42915,
    "4": 0.44297,
    "5": 0.43782,
    "6": 0.42646,
    "7": 0.41293,
    "8": 0.44303,
    "9": 0.4139,
    "10": 0.38709,
    "11": 0.4295,
    "12": 0.4255,
    "13": 0.42268,
    "14": 0.423,
    "15": 0.37521,
    "16": 0.36771,
    "17": 0.37567,
    "18": 0.38702,
    "19": 0.46626,
    "20": 0.48088,
    "21": 0.48563,
    "22": 0.46386,
    "23": 0.40263
  }
}