{
  "day": "2022-09-18",
  "data": {
    "0": 0.26738,
    "1": 0.27139,
    "2": 0.27191,
    "3": 0.2623,
    "4": 0.2923,
    "5": 0.29239,
    "6": 0.29641,
    "7": 0.30907,
    "8": 0.29381,
    "9": 0.2501,
    "10": 0.18094,
    "11": 0.16356,
    "12": 0.1615,
    "13": 0.16167,
    "14": 0.16058,
    "15": 0.1334,
    "16": 0.16842,
    "17": 0.18832,
    "18": 0.25537,
    "19": 0.28345,
    "20": 0.30772,
    "21": 0.32981,
    "22": 0.30911,
    "23": 0.31625
  }
}