{
  "day": "2022-09-22",
  "data": {
    "0": 0.35704,
    "1": 0.37726,
    "2": 0.384,
    "3": 0.38894,
    "4": 0.39272,
    "5": 0.38931,
    "6": 0.36461,
    "7": 0.37518,
    "8": 0.4261,
    "9": 0.38072,
    "10": 0.34325,
    "11": 0.37738,
    "12": 0.37321,
    "13": 0.36895,
    "14": 0.35508,
    "15": 0.29607,
    "16": 0.29846,
    "17": 0.32477,
    "18": 0.33871,
    "19": 0.417,
    "20": 0.49826,
    "21": 0.48562,
    "22": 0.43091,
    "23": 0.3854
  }
}