{
  "day": "2022-09-24",
  "data": {
    "0": 0.28772,
    "1": 0.27897,
    "2": 0.26661,
    "3": 0.26441,
    "4": 0.26481,
    "5": 0.25634,
    "6": 0.25154,
    "7": 0.2441,
    "8": 0.24498,
    "9": 0.22633,
    "10": 0.20147,
    "11": 0.15039,
    "12": 0.13733,
    "13": 0.1328,
    "14": 0.1216,
    "15": 0.11679,
    "16": 0.10289,
    "17": 0.10921,
    "18": 0.13274,
    "19": 0.20618,
    "20": 0.25584,
    "21": 0.25311,
    "22": 0.21898,
    "23": 0.21737
  }
}