{
  "day": "2022-09-25",
  "data": {
    "0": 0.1796,
    "1": 0.18805,
    "2": 0.17361,
    "3": 0.18368,
    "4": 0.18982,
    "5": 0.19645,
    "6": 0.18593,
    "7": 0.18045,
    "8": 0.15044,
    "9": 0.13876,
    "10": 0.07091,
    "11": 0.0441,
    "12": 0.04442,
    "13": 0.05786,
    "14": 0.05671,
    "15": 0.04103,
    "16": 0.04057,
    "17": 0.03959,
    "18": 0.09355,
    "19": 0.17909,
    "20": 0.21922,
    "21": 0.2265,
    "22": 0.21761,
    "23": 0.17531
  }
}