{
  "day": "2022-09-26",
  "data": {
    "0": 0.17059,
    "1": 0.16572,
    "2": 0.16401,
    "3": 0.17869,
    "4": 0.18579,
    "5": 0.1925,
    "6": 0.18152,
    "7": 0.2077,
    "8": 0.26114,
    "9": 0.2433,
    "10": 0.21984,
    "11": 0.25264,
    "12": 0.26223,
    "13": 0.26385,
    "14": 0.25659,
    "15": 0.1937,
    "16": 0.1885,
    "17": 0.20131,
    "18": 0.21721,
    "19": 0.29736,
    "20": 0.39026,
    "21": 0.3801,
    "22": 0.32092,
    "23": 0.24964
  }
}