{
  "day": "2022-09-28",
  "data": {
    "0": 0.21834,
    "1": 0.20752,
    "2": 0.21153,
    "3": 0.20932,
    "4": 0.1946,
    "5": 0.18908,
    "6": 0.19485,
    "7": 0.21947,
    "8": 0.24309,
    "9": 0.21952,
    "10": 0.18862,
    "11": 0.21071,
    "12": 0.20201,
    "13": 0.17907,
    "14": 0.15649,
    "15": 0.09355,
    "16": 0.0885,
    "17": 0.1054,
    "18": 0.13963,
    "19": 0.23371,
    "20": 0.31504,
    "21": 0.35277,
    "22": 0.29032,
    "23": 0.22618
  }
}