{
  "day": "2022-09-29",
  "data": {
    "0": 0.19112,
    "1": 0.18576,
    "2": 0.17447,
    "3": 0.16256,
    "4": 0.15874,
    "5": 0.15738,
    "6": 0.17493,
    "7": 0.20652,
    "8": 0.24415,
    "9": 0.20786,
    "10": 0.17413,
    "11": 0.20101,
    "12": 0.20155,
    "13": 0.20169,
    "14": 0.19965,
    "15": 0.14795,
    "16": 0.15118,
    "17": 0.16364,
    "18": 0.18391,
    "19": 0.25753,
    "20": 0.31913,
    "21": 0.34562,
    "22": 0.27416,
    "23": 0.20664
  }
}