{
  "day": "2022-09-30",
  "data": {
    "0": 0.16097,
    "1": 0.16011,
    "2": 0.16431,
    "3": 0.16558,
    "4": 0.17226,
    "5": 0.17578,
    "6": 0.21373,
    "7": 0.25225,
    "8": 0.27739,
    "9": 0.22423,
    "10": 0.17065,
    "11": 0.20068,
    "12": 0.20386,
    "13": 0.20806,
    "14": 0.20521,
    "15": 0.15807,
    "16": 0.16104,
    "17": 0.17453,
    "18": 0.20164,
    "19": 0.32104,
    "20": 0.37968,
    "21": 0.4045,
    "22": 0.36878,
    "23": 0.31479
  }
}