{
  "day": "2022-07-05",
  "data": {
    "0": 0.31772,
    "1": 0.30055,
    "2": 0.30068,
    "3": 0.30736,
    "4": 0.30529,
    "5": 0.30414,
    "6": 0.3076,
    "7": 0.32253,
    "8": 0.33466,
    "9": 0.3143,
    "10": 0.35495,
    "11": 0.34726,
    "12": 0.34561,
    "13": 0.34513,
    "14": 0.2909,
    "15": 0.26929,
    "16": 0.26709,
    "17": 0.26848,
    "18": 0.31951,
    "19": 0.32715,
    "20": 0.36354,
    "21": 0.38211,
    "22": 0.33155,
    "23": 0.31902
  }
}