{
  "day": "2022-07-07",
  "data": {
    "0": 0.2908,
    "1": 0.26287,
    "2": 0.25013,
    "3": 0.25106,
    "4": 0.25217,
    "5": 0.24885,
    "6": 0.2469,
    "7": 0.23661,
    "8": 0.24593,
    "9": 0.23348,
    "10": 0.2741,
    "11": 0.26991,
    "12": 0.2704,
    "13": 0.2697,
    "14": 0.22152,
    "15": 0.22176,
    "16": 0.22167,
    "17": 0.22182,
    "18": 0.27121,
    "19": 0.2832,
    "20": 0.34033,
    "21": 0.35978,
    "22": 0.30902,
    "23": 0.29381
  }
}