{
  "day": "2022-07-08",
  "data": {
    "0": 0.30859,
    "1": 0.30685,
    "2": 0.29096,
    "3": 0.28455,
    "4": 0.28994,
    "5": 0.29816,
    "6": 0.31924,
    "7": 0.32672,
    "8": 0.33972,
    "9": 0.29971,
    "10": 0.33614,
    "11": 0.34721,
    "12": 0.35425,
    "13": 0.35884,
    "14": 0.30006,
    "15": 0.29556,
    "16": 0.28475,
    "17": 0.28105,
    "18": 0.33118,
    "19": 0.35462,
    "20": 0.38764,
    "21": 0.39276,
    "22": 0.3454,
    "23": 0.3469
  }
}