{
  "day": "2022-07-12",
  "data": {
    "0": 0.39757,
    "1": 0.38824,
    "2": 0.39716,
    "3": 0.3874,
    "4": 0.38827,
    "5": 0.39137,
    "6": 0.39799,
    "7": 0.39206,
    "8": 0.39225,
    "9": 0.36261,
    "10": 0.40235,
    "11": 0.39722,
    "12": 0.3962,
    "13": 0.39606,
    "14": 0.34848,
    "15": 0.35174,
    "16": 0.35503,
    "17": 0.3603,
    "18": 0.42247,
    "19": 0.44026,
    "20": 0.47275,
    "21": 0.48342,
    "22": 0.43592,
    "23": 0.42766
  }
}