{
  "day": "2022-07-13",
  "data": {
    "0": 0.41613,
    "1": 0.41948,
    "2": 0.41645,
    "3": 0.41888,
    "4": 0.43715,
    "5": 0.45453,
    "6": 0.43427,
    "7": 0.44085,
    "8": 0.43463,
    "9": 0.38918,
    "10": 0.43001,
    "11": 0.41913,
    "12": 0.4195,
    "13": 0.41706,
    "14": 0.35915,
    "15": 0.35764,
    "16": 0.34992,
    "17": 0.35243,
    "18": 0.39535,
    "19": 0.41642,
    "20": 0.4535,
    "21": 0.47152,
    "22": 0.42556,
    "23": 0.43245
  }
}