{
  "day": "2022-07-15",
  "data": {
    "0": 0.36588,
    "1": 0.38288,
    "2": 0.39898,
    "3": 0.40837,
    "4": 0.41339,
    "5": 0.41977,
    "6": 0.41326,
    "7": 0.39142,
    "8": 0.39528,
    "9": 0.3677,
    "10": 0.40739,
    "11": 0.38121,
    "12": 0.39714,
    "13": 0.39421,
    "14": 0.34391,
    "15": 0.34385,
    "16": 0.34538,
    "17": 0.34596,
    "18": 0.40118,
    "19": 0.41591,
    "20": 0.46054,
    "21": 0.47734,
    "22": 0.4304,
    "23": 0.43173
  }
}