{
  "day": "2022-07-16",
  "data": {
    "0": 0.40299,
    "1": 0.40384,
    "2": 0.41423,
    "3": 0.40646,
    "4": 0.42711,
    "5": 0.43582,
    "6": 0.42966,
    "7": 0.41985,
    "8": 0.38968,
    "9": 0.3438,
    "10": 0.32092,
    "11": 0.30713,
    "12": 0.30003,
    "13": 0.29549,
    "14": 0.29406,
    "15": 0.29663,
    "16": 0.2971,
    "17": 0.30203,
    "18": 0.30222,
    "19": 0.30612,
    "20": 0.36884,
    "21": 0.3884,
    "22": 0.3907,
    "23": 0.39019
  }
}