{
  "day": "2022-07-17",
  "data": {
    "0": 0.2932,
    "1": 0.30137,
    "2": 0.32272,
    "3": 0.34035,
    "4": 0.34857,
    "5": 0.35478,
    "6": 0.36483,
    "7": 0.36802,
    "8": 0.33164,
    "9": 0.26599,
    "10": 0.23235,
    "11": 0.21325,
    "12": 0.21577,
    "13": 0.22781,
    "14": 0.22283,
    "15": 0.21786,
    "16": 0.21139,
    "17": 0.21208,
    "18": 0.22954,
    "19": 0.2439,
    "20": 0.29935,
    "21": 0.32651,
    "22": 0.33674,
    "23": 0.32895
  }
}