{
  "day": "2022-07-18",
  "data": {
    "0": 0.32035,
    "1": 0.29888,
    "2": 0.31571,
    "3": 0.32548,
    "4": 0.3249,
    "5": 0.31955,
    "6": 0.32371,
    "7": 0.32821,
    "8": 0.33271,
    "9": 0.31428,
    "10": 0.33134,
    "11": 0.30867,
    "12": 0.30436,
    "13": 0.30029,
    "14": 0.24294,
    "15": 0.22815,
    "16": 0.22883,
    "17": 0.22289,
    "18": 0.28975,
    "19": 0.29404,
    "20": 0.31424,
    "21": 0.3199,
    "22": 0.27461,
    "23": 0.28674
  }
}