{
  "day": "2022-07-20",
  "data": {
    "0": 0.30427,
    "1": 0.31426,
    "2": 0.31659,
    "3": 0.32624,
    "4": 0.33088,
    "5": 0.33029,
    "6": 0.32497,
    "7": 0.3085,
    "8": 0.31219,
    "9": 0.28367,
    "10": 0.32362,
    "11": 0.32466,
    "12": 0.33552,
    "13": 0.33589,
    "14": 0.28662,
    "15": 0.28871,
    "16": 0.28458,
    "17": 0.27489,
    "18": 0.31882,
    "19": 0.33014,
    "20": 0.35228,
    "21": 0.35878,
    "22": 0.31127,
    "23": 0.31011
  }
}