{
  "day": "2022-07-21",
  "data": {
    "0": 0.29844,
    "1": 0.30037,
    "2": 0.28815,
    "3": 0.28463,
    "4": 0.29433,
    "5": 0.31224,
    "6": 0.32445,
    "7": 0.31238,
    "8": 0.31946,
    "9": 0.3,
    "10": 0.33636,
    "11": 0.3291,
    "12": 0.33493,
    "13": 0.33266,
    "14": 0.27394,
    "15": 0.268,
    "16": 0.26823,
    "17": 0.27363,
    "18": 0.32597,
    "19": 0.34412,
    "20": 0.35654,
    "21": 0.36048,
    "22": 0.314,
    "23": 0.32152
  }
}