{
  "day": "2022-07-23",
  "data": {
    "0": 0.31754,
    "1": 0.31834,
    "2": 0.32593,
    "3": 0.33179,
    "4": 0.34086,
    "5": 0.34916,
    "6": 0.35198,
    "7": 0.35368,
    "8": 0.32991,
    "9": 0.2997,
    "10": 0.279,
    "11": 0.27849,
    "12": 0.2776,
    "13": 0.27785,
    "14": 0.27559,
    "15": 0.27313,
    "16": 0.26697,
    "17": 0.26794,
    "18": 0.27987,
    "19": 0.30392,
    "20": 0.33434,
    "21": 0.38043,
    "22": 0.3897,
    "23": 0.36775
  }
}