{
  "day": "2022-07-24",
  "data": {
    "0": 0.36042,
    "1": 0.37309,
    "2": 0.38822,
    "3": 0.40211,
    "4": 0.4146,
    "5": 0.42137,
    "6": 0.42786,
    "7": 0.41534,
    "8": 0.35951,
    "9": 0.30117,
    "10": 0.25946,
    "11": 0.24888,
    "12": 0.24669,
    "13": 0.24269,
    "14": 0.23716,
    "15": 0.2181,
    "16": 0.2092,
    "17": 0.20234,
    "18": 0.21817,
    "19": 0.2497,
    "20": 0.29879,
    "21": 0.31673,
    "22": 0.34106,
    "23": 0.33198
  }
}