{
  "day": "2022-07-25",
  "data": {
    "0": 0.37117,
    "1": 0.3738,
    "2": 0.37974,
    "3": 0.38735,
    "4": 0.39457,
    "5": 0.39258,
    "6": 0.37345,
    "7": 0.36526,
    "8": 0.37167,
    "9": 0.34926,
    "10": 0.37779,
    "11": 0.36752,
    "12": 0.36293,
    "13": 0.35954,
    "14": 0.30095,
    "15": 0.28881,
    "16": 0.26447,
    "17": 0.26263,
    "18": 0.31297,
    "19": 0.32161,
    "20": 0.36999,
    "21": 0.37713,
    "22": 0.33276,
    "23": 0.33491
  }
}