{
  "day": "2022-07-27",
  "data": {
    "0": 0.3116,
    "1": 0.31035,
    "2": 0.30775,
    "3": 0.31186,
    "4": 0.31942,
    "5": 0.33005,
    "6": 0.33958,
    "7": 0.34414,
    "8": 0.35833,
    "9": 0.33114,
    "10": 0.35066,
    "11": 0.34983,
    "12": 0.3613,
    "13": 0.36611,
    "14": 0.31187,
    "15": 0.31791,
    "16": 0.31388,
    "17": 0.31457,
    "18": 0.34873,
    "19": 0.37331,
    "20": 0.38762,
    "21": 0.3945,
    "22": 0.34597,
    "23": 0.35085
  }
}