{
  "day": "2022-07-28",
  "data": {
    "0": 0.38907,
    "1": 0.40344,
    "2": 0.41275,
    "3": 0.42417,
    "4": 0.43067,
    "5": 0.4334,
    "6": 0.41593,
    "7": 0.40281,
    "8": 0.40722,
    "9": 0.36921,
    "10": 0.39978,
    "11": 0.39848,
    "12": 0.40726,
    "13": 0.40331,
    "14": 0.34168,
    "15": 0.33301,
    "16": 0.33114,
    "17": 0.33284,
    "18": 0.37604,
    "19": 0.39355,
    "20": 0.42033,
    "21": 0.43107,
    "22": 0.38201,
    "23": 0.38366
  }
}