{
  "day": "2022-07-29",
  "data": {
    "0": 0.37472,
    "1": 0.38424,
    "2": 0.39237,
    "3": 0.39498,
    "4": 0.40373,
    "5": 0.40807,
    "6": 0.40194,
    "7": 0.39379,
    "8": 0.40126,
    "9": 0.36128,
    "10": 0.38552,
    "11": 0.37831,
    "12": 0.38661,
    "13": 0.38577,
    "14": 0.32517,
    "15": 0.32134,
    "16": 0.31496,
    "17": 0.30478,
    "18": 0.3546,
    "19": 0.38005,
    "20": 0.42228,
    "21": 0.43065,
    "22": 0.3789,
    "23": 0.36146
  }
}