{
  "day": "2022-07-30",
  "data": {
    "0": 0.33559,
    "1": 0.33862,
    "2": 0.33379,
    "3": 0.33107,
    "4": 0.31601,
    "5": 0.31991,
    "6": 0.31686,
    "7": 0.31894,
    "8": 0.29599,
    "9": 0.26946,
    "10": 0.25425,
    "11": 0.24747,
    "12": 0.24319,
    "13": 0.24406,
    "14": 0.24346,
    "15": 0.24498,
    "16": 0.24689,
    "17": 0.24424,
    "18": 0.2505,
    "19": 0.28396,
    "20": 0.29552,
    "21": 0.30251,
    "22": 0.30525,
    "23": 0.31048
  }
}