{
  "day": "2025-09-05",
  "data": {
    "0": 0.13704,
    "1": 0.1281,
    "2": 0.11468,
    "3": 0.10608,
    "4": 0.09857,
    "5": 0.10536,
    "6": 0.12471,
    "7": 0.13825,
    "8": 0.16471,
    "9": 0.15189,
    "10": 0.10422,
    "11": 0.14399,
    "12": 0.13622,
    "13": 0.13301,
    "14": 0.131,
    "15": 0.06589,
    "16": 0.06637,
    "17": 0.06952,
    "18": 0.119,
    "19": 0.23072,
    "20": 0.24791,
    "21": 0.24529,
    "22": 0.23308,
    "23": 0.1619
  }
}