{
  "day": "2025-09-16",
  "data": {
    "0": 0.12006,
    "1": 0.11905,
    "2": 0.11828,
    "3": 0.11605,
    "4": 0.12211,
    "5": 0.1256,
    "6": 0.13847,
    "7": 0.14906,
    "8": 0.17485,
    "9": 0.15418,
    "10": 0.09597,
    "11": 0.13559,
    "12": 0.12861,
    "13": 0.12601,
    "14": 0.12244,
    "15": 0.05448,
    "16": 0.06137,
    "17": 0.09369,
    "18": 0.1288,
    "19": 0.23524,
    "20": 0.26561,
    "21": 0.34009,
    "22": 0.24036,
    "23": 0.16791
  }
}