{
  "day": "2025-09-17",
  "data": {
    "0": 0.14102,
    "1": 0.13954,
    "2": 0.13878,
    "3": 0.13245,
    "4": 0.13099,
    "5": 0.13481,
    "6": 0.13481,
    "7": 0.14886,
    "8": 0.17066,
    "9": 0.15163,
    "10": 0.11027,
    "11": 0.15374,
    "12": 0.1331,
    "13": 0.13049,
    "14": 0.12583,
    "15": 0.06244,
    "16": 0.06715,
    "17": 0.10038,
    "18": 0.13509,
    "19": 0.23439,
    "20": 0.28097,
    "21": 0.35429,
    "22": 0.2408,
    "23": 0.16232
  }
}