{
  "day": "2025-09-18",
  "data": {
    "0": 0.13789,
    "1": 0.13394,
    "2": 0.134,
    "3": 0.13138,
    "4": 0.13131,
    "5": 0.13125,
    "6": 0.13015,
    "7": 0.15084,
    "8": 0.1596,
    "9": 0.15254,
    "10": 0.10101,
    "11": 0.17042,
    "12": 0.159,
    "13": 0.15667,
    "14": 0.15032,
    "15": 0.08513,
    "16": 0.09721,
    "17": 0.11142,
    "18": 0.14591,
    "19": 0.23974,
    "20": 0.28129,
    "21": 0.32885,
    "22": 0.2467,
    "23": 0.15801
  }
}