{
  "day": "2025-09-19",
  "data": {
    "0": 0.14421,
    "1": 0.14272,
    "2": 0.14068,
    "3": 0.13764,
    "4": 0.13644,
    "5": 0.13674,
    "6": 0.1399,
    "7": 0.14829,
    "8": 0.16672,
    "9": 0.16429,
    "10": 0.11696,
    "11": 0.16512,
    "12": 0.16125,
    "13": 0.15471,
    "14": 0.1399,
    "15": 0.07648,
    "16": 0.10104,
    "17": 0.11751,
    "18": 0.12886,
    "19": 0.23263,
    "20": 0.24804,
    "21": 0.2468,
    "22": 0.22753,
    "23": 0.16265
  }
}