{
  "day": "2025-09-20",
  "data": {
    "0": 0.15077,
    "1": 0.14708,
    "2": 0.14525,
    "3": 0.13931,
    "4": 0.14066,
    "5": 0.14076,
    "6": 0.14403,
    "7": 0.14448,
    "8": 0.1554,
    "9": 0.11455,
    "10": 0.06772,
    "11": 0.03787,
    "12": 0.03474,
    "13": 0.03313,
    "14": 0.03405,
    "15": 0.03515,
    "16": 0.03984,
    "17": 0.05381,
    "18": 0.09919,
    "19": 0.13558,
    "20": 0.15233,
    "21": 0.15376,
    "22": 0.14887,
    "23": 0.14662
  }
}