{
  "day": "2025-09-22",
  "data": {
    "0": 0.09981,
    "1": 0.10079,
    "2": 0.09909,
    "3": 0.09982,
    "4": 0.10814,
    "5": 0.10167,
    "6": 0.10214,
    "7": 0.12616,
    "8": 0.14997,
    "9": 0.11244,
    "10": 0.08163,
    "11": 0.14458,
    "12": 0.14437,
    "13": 0.14259,
    "14": 0.14286,
    "15": 0.07791,
    "16": 0.07819,
    "17": 0.07845,
    "18": 0.09764,
    "19": 0.22257,
    "20": 0.27331,
    "21": 0.26727,
    "22": 0.24159,
    "23": 0.17552
  }
}