{
  "day": "2025-09-23",
  "data": {
    "0": 0.13719,
    "1": 0.12114,
    "2": 0.14555,
    "3": 0.1346,
    "4": 0.13703,
    "5": 0.14007,
    "6": 0.14029,
    "7": 0.13838,
    "8": 0.16313,
    "9": 0.11456,
    "10": 0.07545,
    "11": 0.13677,
    "12": 0.1355,
    "13": 0.13254,
    "14": 0.13275,
    "15": 0.06783,
    "16": 0.06793,
    "17": 0.0707,
    "18": 0.09973,
    "19": 0.22793,
    "20": 0.24806,
    "21": 0.24229,
    "22": 0.22224,
    "23": 0.15855
  }
}