{
  "day": "2025-09-24",
  "data": {
    "0": 0.11477,
    "1": 0.10227,
    "2": 0.11336,
    "3": 0.10458,
    "4": 0.10445,
    "5": 0.11079,
    "6": 0.10645,
    "7": 0.1214,
    "8": 0.15045,
    "9": 0.13749,
    "10": 0.08589,
    "11": 0.14088,
    "12": 0.14039,
    "13": 0.13852,
    "14": 0.13804,
    "15": 0.07229,
    "16": 0.07318,
    "17": 0.09658,
    "18": 0.15376,
    "19": 0.24065,
    "20": 0.26448,
    "21": 0.25383,
    "22": 0.24033,
    "23": 0.16993
  }
}