{
  "day": "2025-09-29",
  "data": {
    "0": 0.10471,
    "1": 0.10244,
    "2": 0.10071,
    "3": 0.08877,
    "4": 0.08675,
    "5": 0.08803,
    "6": 0.1043,
    "7": 0.12175,
    "8": 0.15038,
    "9": 0.14469,
    "10": 0.1307,
    "11": 0.17412,
    "12": 0.16826,
    "13": 0.15822,
    "14": 0.15168,
    "15": 0.09318,
    "16": 0.10087,
    "17": 0.1214,
    "18": 0.15865,
    "19": 0.2405,
    "20": 0.27455,
    "21": 0.24313,
    "22": 0.22886,
    "23": 0.16378
  }
}