{
  "day": "2025-09-30",
  "data": {
    "0": 0.1289,
    "1": 0.12246,
    "2": 0.1179,
    "3": 0.11115,
    "4": 0.11314,
    "5": 0.11449,
    "6": 0.13228,
    "7": 0.1389,
    "8": 0.18931,
    "9": 0.15159,
    "10": 0.11534,
    "11": 0.14821,
    "12": 0.13995,
    "13": 0.13442,
    "14": 0.13556,
    "15": 0.07891,
    "16": 0.08473,
    "17": 0.11144,
    "18": 0.14324,
    "19": 0.23871,
    "20": 0.33461,
    "21": 0.30085,
    "22": 0.24331,
    "23": 0.15833
  }
}