{
  "day": "2025-07-02",
  "data": {
    "0": 0.15915,
    "1": 0.14776,
    "2": 0.13882,
    "3": 0.13589,
    "4": 0.13631,
    "5": 0.13608,
    "6": 0.13617,
    "7": 0.13962,
    "8": 0.16392,
    "9": 0.15582,
    "10": 0.19686,
    "11": 0.19054,
    "12": 0.18357,
    "13": 0.18101,
    "14": 0.11547,
    "15": 0.11747,
    "16": 0.12594,
    "17": 0.12733,
    "18": 0.20448,
    "19": 0.22612,
    "20": 0.23182,
    "21": 0.24531,
    "22": 0.17788,
    "23": 0.16172
  }
}