{
  "day": "2025-07-04",
  "data": {
    "0": 0.1359,
    "1": 0.13376,
    "2": 0.13341,
    "3": 0.13023,
    "4": 0.13037,
    "5": 0.1309,
    "6": 0.1369,
    "7": 0.14099,
    "8": 0.16174,
    "9": 0.14165,
    "10": 0.1906,
    "11": 0.18799,
    "12": 0.19143,
    "13": 0.18941,
    "14": 0.12416,
    "15": 0.1245,
    "16": 0.12369,
    "17": 0.12728,
    "18": 0.20643,
    "19": 0.22561,
    "20": 0.23137,
    "21": 0.26044,
    "22": 0.19333,
    "23": 0.17573
  }
}