{
  "day": "2025-07-10",
  "data": {
    "0": 0.14812,
    "1": 0.13963,
    "2": 0.13643,
    "3": 0.13304,
    "4": 0.13264,
    "5": 0.13338,
    "6": 0.1407,
    "7": 0.14691,
    "8": 0.15528,
    "9": 0.15448,
    "10": 0.21731,
    "11": 0.2223,
    "12": 0.18687,
    "13": 0.1833,
    "14": 0.11912,
    "15": 0.11928,
    "16": 0.11883,
    "17": 0.12051,
    "18": 0.19899,
    "19": 0.21789,
    "20": 0.23291,
    "21": 0.27294,
    "22": 0.22765,
    "23": 0.18187
  }
}