{
  "day": "2025-07-11",
  "data": {
    "0": 0.14876,
    "1": 0.14166,
    "2": 0.14003,
    "3": 0.13604,
    "4": 0.13593,
    "5": 0.13612,
    "6": 0.14427,
    "7": 0.15183,
    "8": 0.16018,
    "9": 0.15406,
    "10": 0.17353,
    "11": 0.18948,
    "12": 0.19399,
    "13": 0.18593,
    "14": 0.10844,
    "15": 0.10664,
    "16": 0.10164,
    "17": 0.1081,
    "18": 0.18066,
    "19": 0.21573,
    "20": 0.23124,
    "21": 0.2429,
    "22": 0.19172,
    "23": 0.18279
  }
}