{
  "day": "2025-07-12",
  "data": {
    "0": 0.15678,
    "1": 0.1535,
    "2": 0.14916,
    "3": 0.14129,
    "4": 0.13879,
    "5": 0.13708,
    "6": 0.14425,
    "7": 0.15611,
    "8": 0.14244,
    "9": 0.11044,
    "10": 0.07535,
    "11": 0.04845,
    "12": 0.04282,
    "13": 0.03122,
    "14": 0.02957,
    "15": 0.02626,
    "16": 0.05146,
    "17": 0.07828,
    "18": 0.09552,
    "19": 0.11329,
    "20": 0.14217,
    "21": 0.16383,
    "22": 0.17244,
    "23": 0.15982
  }
}