{
  "day": "2025-07-13",
  "data": {
    "0": 0.1613,
    "1": 0.1594,
    "2": 0.15672,
    "3": 0.15803,
    "4": 0.15219,
    "5": 0.14792,
    "6": 0.14939,
    "7": 0.15305,
    "8": 0.10396,
    "9": 0.05748,
    "10": 0.04109,
    "11": 0.03561,
    "12": 0.03477,
    "13": 0.03405,
    "14": 0.03356,
    "15": 0.03396,
    "16": 0.0355,
    "17": 0.04099,
    "18": 0.06999,
    "19": 0.11537,
    "20": 0.15465,
    "21": 0.17228,
    "22": 0.17891,
    "23": 0.16502
  }
}