{
  "day": "2025-07-17",
  "data": {
    "0": 0.1459,
    "1": 0.14091,
    "2": 0.13941,
    "3": 0.13061,
    "4": 0.13034,
    "5": 0.13556,
    "6": 0.14346,
    "7": 0.15089,
    "8": 0.16316,
    "9": 0.15252,
    "10": 0.19682,
    "11": 0.18956,
    "12": 0.19075,
    "13": 0.18832,
    "14": 0.12127,
    "15": 0.11878,
    "16": 0.12358,
    "17": 0.13092,
    "18": 0.20537,
    "19": 0.22359,
    "20": 0.23711,
    "21": 0.24668,
    "22": 0.18271,
    "23": 0.17328
  }
}