{
  "day": "2025-07-18",
  "data": {
    "0": 0.14177,
    "1": 0.13463,
    "2": 0.13508,
    "3": 0.13086,
    "4": 0.12935,
    "5": 0.13129,
    "6": 0.13832,
    "7": 0.14284,
    "8": 0.15887,
    "9": 0.14247,
    "10": 0.19587,
    "11": 0.19907,
    "12": 0.19652,
    "13": 0.18749,
    "14": 0.11993,
    "15": 0.12308,
    "16": 0.12301,
    "17": 0.12444,
    "18": 0.18865,
    "19": 0.19119,
    "20": 0.22852,
    "21": 0.23958,
    "22": 0.17316,
    "23": 0.16529
  }
}