{
  "day": "2025-07-19",
  "data": {
    "0": 0.15098,
    "1": 0.14861,
    "2": 0.142,
    "3": 0.13216,
    "4": 0.13001,
    "5": 0.13189,
    "6": 0.13769,
    "7": 0.13991,
    "8": 0.10483,
    "9": 0.05675,
    "10": 0.0472,
    "11": 0.04252,
    "12": 0.04133,
    "13": 0.04063,
    "14": 0.04056,
    "15": 0.04139,
    "16": 0.04303,
    "17": 0.04239,
    "18": 0.04448,
    "19": 0.08675,
    "20": 0.11784,
    "21": 0.15176,
    "22": 0.15908,
    "23": 0.14743
  }
}