{
  "day": "2025-07-23",
  "data": {
    "0": 0.14588,
    "1": 0.13925,
    "2": 0.13271,
    "3": 0.12956,
    "4": 0.13027,
    "5": 0.12966,
    "6": 0.13723,
    "7": 0.14757,
    "8": 0.15231,
    "9": 0.1388,
    "10": 0.19624,
    "11": 0.18791,
    "12": 0.18083,
    "13": 0.1677,
    "14": 0.09452,
    "15": 0.09746,
    "16": 0.09848,
    "17": 0.1036,
    "18": 0.17408,
    "19": 0.19884,
    "20": 0.22927,
    "21": 0.23772,
    "22": 0.17072,
    "23": 0.16157
  }
}