{
  "day": "2025-07-24",
  "data": {
    "0": 0.1471,
    "1": 0.13709,
    "2": 0.13464,
    "3": 0.12,
    "4": 0.11106,
    "5": 0.12938,
    "6": 0.13687,
    "7": 0.14328,
    "8": 0.13482,
    "9": 0.10637,
    "10": 0.1389,
    "11": 0.13698,
    "12": 0.13733,
    "13": 0.13694,
    "14": 0.07071,
    "15": 0.06841,
    "16": 0.06735,
    "17": 0.06538,
    "18": 0.13529,
    "19": 0.16784,
    "20": 0.19007,
    "21": 0.23436,
    "22": 0.16854,
    "23": 0.14868
  }
}