{
  "day": "2025-07-26",
  "data": {
    "0": 0.14878,
    "1": 0.12931,
    "2": 0.11907,
    "3": 0.10882,
    "4": 0.09725,
    "5": 0.10287,
    "6": 0.10962,
    "7": 0.11424,
    "8": 0.09978,
    "9": 0.05806,
    "10": 0.0531,
    "11": 0.05325,
    "12": 0.05307,
    "13": 0.05403,
    "14": 0.05228,
    "15": 0.05197,
    "16": 0.05197,
    "17": 0.05168,
    "18": 0.05276,
    "19": 0.07634,
    "20": 0.11908,
    "21": 0.15144,
    "22": 0.15938,
    "23": 0.14994
  }
}