{
  "day": "2025-07-28",
  "data": {
    "0": 0.11913,
    "1": 0.1139,
    "2": 0.10898,
    "3": 0.10405,
    "4": 0.10171,
    "5": 0.10387,
    "6": 0.11079,
    "7": 0.12068,
    "8": 0.15003,
    "9": 0.11536,
    "10": 0.15963,
    "11": 0.15416,
    "12": 0.1513,
    "13": 0.14919,
    "14": 0.08333,
    "15": 0.08198,
    "16": 0.08067,
    "17": 0.08072,
    "18": 0.15062,
    "19": 0.16504,
    "20": 0.21064,
    "21": 0.226,
    "22": 0.17521,
    "23": 0.15081
  }
}