{
  "day": "2025-07-29",
  "data": {
    "0": 0.10621,
    "1": 0.09385,
    "2": 0.09253,
    "3": 0.08701,
    "4": 0.08556,
    "5": 0.09023,
    "6": 0.10358,
    "7": 0.10861,
    "8": 0.13303,
    "9": 0.09324,
    "10": 0.15298,
    "11": 0.14735,
    "12": 0.14931,
    "13": 0.14825,
    "14": 0.08236,
    "15": 0.08258,
    "16": 0.07968,
    "17": 0.07956,
    "18": 0.15634,
    "19": 0.18524,
    "20": 0.20849,
    "21": 0.25237,
    "22": 0.19307,
    "23": 0.17388
  }
}