{
  "day": "2025-07-31",
  "data": {
    "0": 0.13247,
    "1": 0.1197,
    "2": 0.11411,
    "3": 0.09684,
    "4": 0.09619,
    "5": 0.09759,
    "6": 0.12544,
    "7": 0.14602,
    "8": 0.15796,
    "9": 0.11778,
    "10": 0.16256,
    "11": 0.15591,
    "12": 0.1637,
    "13": 0.15423,
    "14": 0.09095,
    "15": 0.09148,
    "16": 0.09156,
    "17": 0.10128,
    "18": 0.18629,
    "19": 0.22208,
    "20": 0.24264,
    "21": 0.25119,
    "22": 0.18149,
    "23": 0.16974
  }
}