{
  "day": "2025-04-01",
  "data": {
    "0": 0.1319,
    "1": 0.11867,
    "2": 0.11649,
    "3": 0.10373,
    "4": 0.10479,
    "5": 0.11094,
    "6": 0.12601,
    "7": 0.2061,
    "8": 0.24414,
    "9": 0.15296,
    "10": 0.1591,
    "11": 0.12255,
    "12": 0.11615,
    "13": 0.11346,
    "14": 0.0485,
    "15": 0.04933,
    "16": 0.04953,
    "17": 0.0496,
    "18": 0.13628,
    "19": 0.18155,
    "20": 0.24614,
    "21": 0.25551,
    "22": 0.14936,
    "23": 0.12246
  }
}