{
  "day": "2025-04-03",
  "data": {
    "0": 0.06634,
    "1": 0.06807,
    "2": 0.07186,
    "3": 0.06548,
    "4": 0.06228,
    "5": 0.06332,
    "6": 0.06339,
    "7": 0.08369,
    "8": 0.13485,
    "9": 0.11266,
    "10": 0.16656,
    "11": 0.13706,
    "12": 0.13362,
    "13": 0.13023,
    "14": 0.06546,
    "15": 0.06631,
    "16": 0.06495,
    "17": 0.06856,
    "18": 0.14014,
    "19": 0.16828,
    "20": 0.22201,
    "21": 0.21994,
    "22": 0.10553,
    "23": 0.07858
  }
}