{
  "day": "2025-04-05",
  "data": {
    "0": 0.08643,
    "1": 0.07372,
    "2": 0.07284,
    "3": 0.0712,
    "4": 0.06695,
    "5": 0.0705,
    "6": 0.07516,
    "7": 0.0684,
    "8": 0.07408,
    "9": 0.05511,
    "10": 0.04236,
    "11": 0.03863,
    "12": 0.03739,
    "13": 0.03637,
    "14": 0.03666,
    "15": 0.03812,
    "16": 0.03906,
    "17": 0.04012,
    "18": 0.05165,
    "19": 0.09975,
    "20": 0.1477,
    "21": 0.15068,
    "22": 0.13296,
    "23": 0.12168
  }
}