{
  "day": "2025-04-09",
  "data": {
    "0": 0.10306,
    "1": 0.09038,
    "2": 0.08939,
    "3": 0.08521,
    "4": 0.08181,
    "5": 0.08191,
    "6": 0.09004,
    "7": 0.13797,
    "8": 0.17966,
    "9": 0.1083,
    "10": 0.14185,
    "11": 0.13389,
    "12": 0.13334,
    "13": 0.13044,
    "14": 0.06601,
    "15": 0.06649,
    "16": 0.06288,
    "17": 0.06222,
    "18": 0.14311,
    "19": 0.18253,
    "20": 0.20941,
    "21": 0.23022,
    "22": 0.12763,
    "23": 0.11047
  }
}