{
  "day": "2025-04-10",
  "data": {
    "0": 0.08834,
    "1": 0.08436,
    "2": 0.07797,
    "3": 0.07311,
    "4": 0.07156,
    "5": 0.07141,
    "6": 0.06776,
    "7": 0.08509,
    "8": 0.1165,
    "9": 0.10792,
    "10": 0.15483,
    "11": 0.14366,
    "12": 0.14269,
    "13": 0.13979,
    "14": 0.07624,
    "15": 0.07743,
    "16": 0.07374,
    "17": 0.07474,
    "18": 0.14428,
    "19": 0.16215,
    "20": 0.17798,
    "21": 0.19185,
    "22": 0.12062,
    "23": 0.11261
  }
}