{
  "day": "2025-04-11",
  "data": {
    "0": 0.07422,
    "1": 0.06947,
    "2": 0.06866,
    "3": 0.06799,
    "4": 0.06629,
    "5": 0.06763,
    "6": 0.06588,
    "7": 0.08236,
    "8": 0.1143,
    "9": 0.10612,
    "10": 0.15687,
    "11": 0.14222,
    "12": 0.13794,
    "13": 0.13454,
    "14": 0.06992,
    "15": 0.07101,
    "16": 0.07131,
    "17": 0.07596,
    "18": 0.1474,
    "19": 0.17396,
    "20": 0.19354,
    "21": 0.20031,
    "22": 0.11934,
    "23": 0.11241
  }
}