{
  "day": "2025-04-13",
  "data": {
    "0": 0.10718,
    "1": 0.11011,
    "2": 0.10812,
    "3": 0.09885,
    "4": 0.09452,
    "5": 0.09401,
    "6": 0.09833,
    "7": 0.10192,
    "8": 0.08976,
    "9": 0.06341,
    "10": 0.05244,
    "11": 0.04792,
    "12": 0.04715,
    "13": 0.04642,
    "14": 0.04652,
    "15": 0.04658,
    "16": 0.04871,
    "17": 0.05055,
    "18": 0.05305,
    "19": 0.06129,
    "20": 0.09477,
    "21": 0.11364,
    "22": 0.11322,
    "23": 0.09216
  }
}