{
  "day": "2025-04-14",
  "data": {
    "0": 0.10833,
    "1": 0.10856,
    "2": 0.10945,
    "3": 0.10865,
    "4": 0.10367,
    "5": 0.10564,
    "6": 0.10928,
    "7": 0.12307,
    "8": 0.16081,
    "9": 0.11361,
    "10": 0.16993,
    "11": 0.14384,
    "12": 0.1394,
    "13": 0.13358,
    "14": 0.06857,
    "15": 0.06944,
    "16": 0.06999,
    "17": 0.07036,
    "18": 0.14022,
    "19": 0.14483,
    "20": 0.17289,
    "21": 0.17084,
    "22": 0.09072,
    "23": 0.08488
  }
}