{
  "day": "2025-04-16",
  "data": {
    "0": 0.07664,
    "1": 0.07924,
    "2": 0.07919,
    "3": 0.07535,
    "4": 0.06852,
    "5": 0.0687,
    "6": 0.07564,
    "7": 0.07195,
    "8": 0.09524,
    "9": 0.07986,
    "10": 0.14121,
    "11": 0.1398,
    "12": 0.13974,
    "13": 0.13707,
    "14": 0.07281,
    "15": 0.07385,
    "16": 0.07443,
    "17": 0.07492,
    "18": 0.1433,
    "19": 0.15001,
    "20": 0.1744,
    "21": 0.21744,
    "22": 0.11791,
    "23": 0.10425
  }
}