{
  "day": "2025-04-19",
  "data": {
    "0": 0.09103,
    "1": 0.09154,
    "2": 0.09351,
    "3": 0.0945,
    "4": 0.09518,
    "5": 0.09479,
    "6": 0.09197,
    "7": 0.08917,
    "8": 0.08511,
    "9": 0.07715,
    "10": 0.06368,
    "11": 0.06194,
    "12": 0.06154,
    "13": 0.06084,
    "14": 0.06036,
    "15": 0.06171,
    "16": 0.06308,
    "17": 0.06446,
    "18": 0.05409,
    "19": 0.05589,
    "20": 0.04975,
    "21": 0.05789,
    "22": 0.05642,
    "23": 0.06628
  }
}