{
  "day": "2025-04-20",
  "data": {
    "0": 0.08134,
    "1": 0.08533,
    "2": 0.08841,
    "3": 0.09112,
    "4": 0.09294,
    "5": 0.09329,
    "6": 0.09193,
    "7": 0.09484,
    "8": 0.09121,
    "9": 0.07465,
    "10": 0.06101,
    "11": 0.05979,
    "12": 0.05827,
    "13": 0.05475,
    "14": 0.05421,
    "15": 0.05695,
    "16": 0.06101,
    "17": 0.06229,
    "18": 0.06353,
    "19": 0.0583,
    "20": 0.09095,
    "21": 0.14325,
    "22": 0.14272,
    "23": 0.09929
  }
}