{
  "day": "2025-04-21",
  "data": {
    "0": 0.10138,
    "1": 0.09078,
    "2": 0.09087,
    "3": 0.09091,
    "4": 0.09337,
    "5": 0.09687,
    "6": 0.12619,
    "7": 0.13042,
    "8": 0.14133,
    "9": 0.09866,
    "10": 0.15449,
    "11": 0.14153,
    "12": 0.13791,
    "13": 0.13063,
    "14": 0.0645,
    "15": 0.06888,
    "16": 0.07308,
    "17": 0.08485,
    "18": 0.17917,
    "19": 0.25022,
    "20": 0.27674,
    "21": 0.30745,
    "22": 0.20236,
    "23": 0.18211
  }
}