{
  "day": "2025-04-24",
  "data": {
    "0": 0.12655,
    "1": 0.10714,
    "2": 0.10618,
    "3": 0.10332,
    "4": 0.10291,
    "5": 0.10798,
    "6": 0.11302,
    "7": 0.14021,
    "8": 0.14413,
    "9": 0.07792,
    "10": 0.12131,
    "11": 0.12006,
    "12": 0.12027,
    "13": 0.11746,
    "14": 0.05279,
    "15": 0.05319,
    "16": 0.05375,
    "17": 0.05383,
    "18": 0.12594,
    "19": 0.17746,
    "20": 0.23814,
    "21": 0.25348,
    "22": 0.18423,
    "23": 0.17179
  }
}