{
  "day": "2025-04-25",
  "data": {
    "0": 0.12624,
    "1": 0.11768,
    "2": 0.13261,
    "3": 0.12104,
    "4": 0.12544,
    "5": 0.13292,
    "6": 0.14238,
    "7": 0.16131,
    "8": 0.17312,
    "9": 0.10345,
    "10": 0.13787,
    "11": 0.12107,
    "12": 0.12002,
    "13": 0.1171,
    "14": 0.0525,
    "15": 0.05278,
    "16": 0.05331,
    "17": 0.05386,
    "18": 0.12327,
    "19": 0.14731,
    "20": 0.21503,
    "21": 0.24701,
    "22": 0.1483,
    "23": 0.10672
  }
}