{
  "day": "2025-04-27",
  "data": {
    "0": 0.08976,
    "1": 0.08436,
    "2": 0.08372,
    "3": 0.08651,
    "4": 0.0869,
    "5": 0.08649,
    "6": 0.084,
    "7": 0.08351,
    "8": 0.07068,
    "9": 0.05941,
    "10": 0.05681,
    "11": 0.05469,
    "12": 0.05444,
    "13": 0.05362,
    "14": 0.05391,
    "15": 0.05495,
    "16": 0.05709,
    "17": 0.05929,
    "18": 0.05224,
    "19": 0.05896,
    "20": 0.09371,
    "21": 0.16472,
    "22": 0.14892,
    "23": 0.09957
  }
}