{
  "day": "2024-01-01",
  "data": {
    "0": 0.12383,
    "1": 0.11111,
    "2": 0.11077,
    "3": 0.10928,
    "4": 0.11016,
    "5": 0.11147,
    "6": 0.10995,
    "7": 0.10689,
    "8": 0.10731,
    "9": 0.10325,
    "10": 0.07642,
    "11": 0.0476,
    "12": 0.0464,
    "13": 0.04473,
    "14": 0.04417,
    "15": 0.05129,
    "16": 0.06826,
    "17": 0.0886,
    "18": 0.09615,
    "19": 0.10334,
    "20": 0.1101,
    "21": 0.11004,
    "22": 0.09409,
    "23": 0.08848
  }
}