{
  "day": "2024-01-05",
  "data": {
    "0": 0.1341,
    "1": 0.13065,
    "2": 0.12801,
    "3": 0.11992,
    "4": 0.1083,
    "5": 0.11586,
    "6": 0.12199,
    "7": 0.12892,
    "8": 0.15707,
    "9": 0.15592,
    "10": 0.19166,
    "11": 0.16992,
    "12": 0.15537,
    "13": 0.15292,
    "14": 0.09982,
    "15": 0.09057,
    "16": 0.10795,
    "17": 0.13172,
    "18": 0.19057,
    "19": 0.1946,
    "20": 0.19688,
    "21": 0.19512,
    "22": 0.14241,
    "23": 0.13482
  }
}