{
  "day": "2024-01-06",
  "data": {
    "0": 0.10188,
    "1": 0.09449,
    "2": 0.09525,
    "3": 0.09397,
    "4": 0.07141,
    "5": 0.07142,
    "6": 0.07868,
    "7": 0.09446,
    "8": 0.0929,
    "9": 0.0934,
    "10": 0.06284,
    "11": 0.03638,
    "12": 0.03412,
    "13": 0.03382,
    "14": 0.03417,
    "15": 0.03971,
    "16": 0.06611,
    "17": 0.11289,
    "18": 0.1349,
    "19": 0.14147,
    "20": 0.13983,
    "21": 0.13626,
    "22": 0.13558,
    "23": 0.12812
  }
}