{
  "day": "2024-01-10",
  "data": {
    "0": 0.1297,
    "1": 0.12802,
    "2": 0.12513,
    "3": 0.12257,
    "4": 0.12135,
    "5": 0.12232,
    "6": 0.13297,
    "7": 0.14092,
    "8": 0.1861,
    "9": 0.18483,
    "10": 0.21445,
    "11": 0.21089,
    "12": 0.20688,
    "13": 0.20457,
    "14": 0.14993,
    "15": 0.1509,
    "16": 0.15678,
    "17": 0.16239,
    "18": 0.22313,
    "19": 0.23588,
    "20": 0.23448,
    "21": 0.21964,
    "22": 0.16233,
    "23": 0.15147
  }
}