{
  "day": "2024-01-12",
  "data": {
    "0": 0.12602,
    "1": 0.12368,
    "2": 0.12262,
    "3": 0.11917,
    "4": 0.11926,
    "5": 0.12082,
    "6": 0.12613,
    "7": 0.14036,
    "8": 0.17685,
    "9": 0.16534,
    "10": 0.20869,
    "11": 0.20229,
    "12": 0.19906,
    "13": 0.19868,
    "14": 0.14629,
    "15": 0.14995,
    "16": 0.16097,
    "17": 0.16869,
    "18": 0.24228,
    "19": 0.23514,
    "20": 0.22368,
    "21": 0.21441,
    "22": 0.16068,
    "23": 0.15848
  }
}