{
  "day": "2024-01-14",
  "data": {
    "0": 0.13587,
    "1": 0.1324,
    "2": 0.13043,
    "3": 0.1249,
    "4": 0.12219,
    "5": 0.11893,
    "6": 0.11814,
    "7": 0.12082,
    "8": 0.12589,
    "9": 0.12573,
    "10": 0.11519,
    "11": 0.10808,
    "12": 0.10637,
    "13": 0.10318,
    "14": 0.10026,
    "15": 0.10219,
    "16": 0.10692,
    "17": 0.11575,
    "18": 0.12942,
    "19": 0.13591,
    "20": 0.12846,
    "21": 0.12774,
    "22": 0.12588,
    "23": 0.11407
  }
}