{
  "day": "2024-01-15",
  "data": {
    "0": 0.12387,
    "1": 0.1127,
    "2": 0.11056,
    "3": 0.10766,
    "4": 0.10896,
    "5": 0.11211,
    "6": 0.11381,
    "7": 0.12941,
    "8": 0.16534,
    "9": 0.16526,
    "10": 0.20899,
    "11": 0.2022,
    "12": 0.19686,
    "13": 0.19336,
    "14": 0.14676,
    "15": 0.15509,
    "16": 0.15995,
    "17": 0.1643,
    "18": 0.22897,
    "19": 0.23237,
    "20": 0.22546,
    "21": 0.21727,
    "22": 0.1642,
    "23": 0.15859
  }
}