{
  "day": "2024-01-17",
  "data": {
    "0": 0.06231,
    "1": 0.05931,
    "2": 0.04853,
    "3": 0.04767,
    "4": 0.04764,
    "5": 0.04722,
    "6": 0.0603,
    "7": 0.08802,
    "8": 0.11273,
    "9": 0.1123,
    "10": 0.16157,
    "11": 0.14992,
    "12": 0.13073,
    "13": 0.12547,
    "14": 0.0665,
    "15": 0.06828,
    "16": 0.08305,
    "17": 0.11044,
    "18": 0.16241,
    "19": 0.16894,
    "20": 0.17529,
    "21": 0.16678,
    "22": 0.11075,
    "23": 0.08361
  }
}