{
  "day": "2024-01-19",
  "data": {
    "0": 0.11701,
    "1": 0.11402,
    "2": 0.11494,
    "3": 0.10593,
    "4": 0.09927,
    "5": 0.09258,
    "6": 0.103,
    "7": 0.11479,
    "8": 0.14924,
    "9": 0.15449,
    "10": 0.19581,
    "11": 0.19186,
    "12": 0.19291,
    "13": 0.18384,
    "14": 0.12277,
    "15": 0.12385,
    "16": 0.12735,
    "17": 0.13399,
    "18": 0.19533,
    "19": 0.20218,
    "20": 0.20067,
    "21": 0.19671,
    "22": 0.14064,
    "23": 0.12536
  }
}