{
  "day": "2024-01-21",
  "data": {
    "0": 0.1162,
    "1": 0.10458,
    "2": 0.10523,
    "3": 0.10542,
    "4": 0.10574,
    "5": 0.1058,
    "6": 0.10511,
    "7": 0.10568,
    "8": 0.10525,
    "9": 0.10266,
    "10": 0.09909,
    "11": 0.09602,
    "12": 0.0944,
    "13": 0.08358,
    "14": 0.08982,
    "15": 0.09274,
    "16": 0.09809,
    "17": 0.1073,
    "18": 0.12779,
    "19": 0.14073,
    "20": 0.1432,
    "21": 0.14129,
    "22": 0.12029,
    "23": 0.09886
  }
}