{
  "day": "2024-01-24",
  "data": {
    "0": 0.12648,
    "1": 0.11973,
    "2": 0.11669,
    "3": 0.11489,
    "4": 0.11416,
    "5": 0.1121,
    "6": 0.12015,
    "7": 0.13125,
    "8": 0.16577,
    "9": 0.14946,
    "10": 0.17757,
    "11": 0.16916,
    "12": 0.16668,
    "13": 0.16422,
    "14": 0.11365,
    "15": 0.11877,
    "16": 0.12186,
    "17": 0.14911,
    "18": 0.20698,
    "19": 0.27524,
    "20": 0.27764,
    "21": 0.21769,
    "22": 0.15011,
    "23": 0.13519
  }
}