{
  "day": "2024-01-25",
  "data": {
    "0": 0.10356,
    "1": 0.10112,
    "2": 0.10424,
    "3": 0.09982,
    "4": 0.10181,
    "5": 0.10606,
    "6": 0.11385,
    "7": 0.12214,
    "8": 0.16056,
    "9": 0.1531,
    "10": 0.18486,
    "11": 0.1752,
    "12": 0.17426,
    "13": 0.17398,
    "14": 0.12383,
    "15": 0.1225,
    "16": 0.13024,
    "17": 0.13695,
    "18": 0.2104,
    "19": 0.23344,
    "20": 0.26122,
    "21": 0.22154,
    "22": 0.14458,
    "23": 0.13644
  }
}