{
  "day": "2024-01-26",
  "data": {
    "0": 0.10735,
    "1": 0.11145,
    "2": 0.1131,
    "3": 0.11437,
    "4": 0.11253,
    "5": 0.11319,
    "6": 0.11707,
    "7": 0.11981,
    "8": 0.18502,
    "9": 0.14059,
    "10": 0.17649,
    "11": 0.17432,
    "12": 0.16686,
    "13": 0.1593,
    "14": 0.11247,
    "15": 0.11645,
    "16": 0.12451,
    "17": 0.13766,
    "18": 0.20574,
    "19": 0.2151,
    "20": 0.23264,
    "21": 0.21073,
    "22": 0.14075,
    "23": 0.13598
  }
}