{
  "day": "2024-01-27",
  "data": {
    "0": 0.1122,
    "1": 0.10923,
    "2": 0.10873,
    "3": 0.10554,
    "4": 0.1038,
    "5": 0.10558,
    "6": 0.10707,
    "7": 0.11041,
    "8": 0.12264,
    "9": 0.11607,
    "10": 0.10162,
    "11": 0.095,
    "12": 0.08516,
    "13": 0.08602,
    "14": 0.08494,
    "15": 0.0874,
    "16": 0.09826,
    "17": 0.12103,
    "18": 0.14251,
    "19": 0.13979,
    "20": 0.13955,
    "21": 0.13601,
    "22": 0.11875,
    "23": 0.11797
  }
}