{
  "day": "2024-01-28",
  "data": {
    "0": 0.1131,
    "1": 0.11181,
    "2": 0.1075,
    "3": 0.1024,
    "4": 0.09929,
    "5": 0.09811,
    "6": 0.10169,
    "7": 0.10297,
    "8": 0.10335,
    "9": 0.10044,
    "10": 0.08365,
    "11": 0.07671,
    "12": 0.08232,
    "13": 0.07919,
    "14": 0.08008,
    "15": 0.07916,
    "16": 0.08756,
    "17": 0.10582,
    "18": 0.1143,
    "19": 0.11491,
    "20": 0.11262,
    "21": 0.10618,
    "22": 0.10159,
    "23": 0.09779
  }
}