{
  "day": "2024-01-31",
  "data": {
    "0": 0.11497,
    "1": 0.1141,
    "2": 0.11464,
    "3": 0.11368,
    "4": 0.11285,
    "5": 0.1174,
    "6": 0.1263,
    "7": 0.13291,
    "8": 0.18838,
    "9": 0.15483,
    "10": 0.19232,
    "11": 0.17968,
    "12": 0.17709,
    "13": 0.1729,
    "14": 0.12194,
    "15": 0.12165,
    "16": 0.12346,
    "17": 0.13643,
    "18": 0.20267,
    "19": 0.23731,
    "20": 0.29742,
    "21": 0.20738,
    "22": 0.14675,
    "23": 0.13949
  }
}