{
  "day": "2022-04-04",
  "data": {
    "0": 0.25846,
    "1": 0.24716,
    "2": 0.2408,
    "3": 0.24255,
    "4": 0.25489,
    "5": 0.26498,
    "6": 0.33756,
    "7": 0.35307,
    "8": 0.38771,
    "9": 0.36887,
    "10": 0.40061,
    "11": 0.36165,
    "12": 0.39335,
    "13": 0.39492,
    "14": 0.35298,
    "15": 0.36017,
    "16": 0.35943,
    "17": 0.3714,
    "18": 0.41779,
    "19": 0.4236,
    "20": 0.43254,
    "21": 0.43133,
    "22": 0.37806,
    "23": 0.36577
  }
}