{
  "day": "2022-04-05",
  "data": {
    "0": 0.30614,
    "1": 0.29737,
    "2": 0.269,
    "3": 0.27546,
    "4": 0.28355,
    "5": 0.30304,
    "6": 0.28067,
    "7": 0.32942,
    "8": 0.36162,
    "9": 0.36117,
    "10": 0.4135,
    "11": 0.41074,
    "12": 0.4131,
    "13": 0.4124,
    "14": 0.3683,
    "15": 0.36857,
    "16": 0.36682,
    "17": 0.3663,
    "18": 0.42192,
    "19": 0.43025,
    "20": 0.44157,
    "21": 0.43377,
    "22": 0.38235,
    "23": 0.37751
  }
}