{
  "day": "2022-04-07",
  "data": {
    "0": 0.31285,
    "1": 0.28539,
    "2": 0.26862,
    "3": 0.23276,
    "4": 0.22527,
    "5": 0.23695,
    "6": 0.2876,
    "7": 0.32825,
    "8": 0.366,
    "9": 0.35412,
    "10": 0.38455,
    "11": 0.33925,
    "12": 0.31404,
    "13": 0.30534,
    "14": 0.25287,
    "15": 0.2465,
    "16": 0.24803,
    "17": 0.24673,
    "18": 0.30973,
    "19": 0.31931,
    "20": 0.40585,
    "21": 0.39913,
    "22": 0.33933,
    "23": 0.31706
  }
}