{
  "day": "2022-04-09",
  "data": {
    "0": 0.30247,
    "1": 0.29853,
    "2": 0.30247,
    "3": 0.29977,
    "4": 0.30242,
    "5": 0.30498,
    "6": 0.30133,
    "7": 0.30127,
    "8": 0.29861,
    "9": 0.31994,
    "10": 0.2919,
    "11": 0.28207,
    "12": 0.28456,
    "13": 0.27996,
    "14": 0.27112,
    "15": 0.23579,
    "16": 0.23568,
    "17": 0.27298,
    "18": 0.29944,
    "19": 0.32387,
    "20": 0.36441,
    "21": 0.35885,
    "22": 0.34747,
    "23": 0.35233
  }
}