{
  "day": "2022-04-10",
  "data": {
    "0": 0.35101,
    "1": 0.33953,
    "2": 0.35052,
    "3": 0.33757,
    "4": 0.32976,
    "5": 0.32186,
    "6": 0.32815,
    "7": 0.32625,
    "8": 0.32472,
    "9": 0.26229,
    "10": 0.19753,
    "11": 0.11636,
    "12": 0.02821,
    "13": 0.02818,
    "14": 0.0282,
    "15": 0.02579,
    "16": 0.02642,
    "17": 0.02911,
    "18": 0.04503,
    "19": 0.16289,
    "20": 0.28665,
    "21": 0.31644,
    "22": 0.30335,
    "23": 0.27035
  }
}