{
  "day": "2022-04-12",
  "data": {
    "0": 0.27697,
    "1": 0.24685,
    "2": 0.24779,
    "3": 0.24299,
    "4": 0.24605,
    "5": 0.25303,
    "6": 0.28841,
    "7": 0.30852,
    "8": 0.34355,
    "9": 0.33429,
    "10": 0.38108,
    "11": 0.37419,
    "12": 0.36989,
    "13": 0.36411,
    "14": 0.32235,
    "15": 0.32316,
    "16": 0.3233,
    "17": 0.31338,
    "18": 0.38095,
    "19": 0.39594,
    "20": 0.41619,
    "21": 0.41176,
    "22": 0.35669,
    "23": 0.34596
  }
}