{
  "day": "2022-04-16",
  "data": {
    "0": 0.28163,
    "1": 0.25087,
    "2": 0.23991,
    "3": 0.25125,
    "4": 0.25242,
    "5": 0.25193,
    "6": 0.26663,
    "7": 0.26825,
    "8": 0.25192,
    "9": 0.22596,
    "10": 0.19243,
    "11": 0.16461,
    "12": 0.14032,
    "13": 0.12858,
    "14": 0.07631,
    "15": 0.07554,
    "16": 0.10492,
    "17": 0.15442,
    "18": 0.19545,
    "19": 0.23308,
    "20": 0.25843,
    "21": 0.25627,
    "22": 0.23119,
    "23": 0.2242
  }
}