{
  "day": "2022-04-17",
  "data": {
    "0": 0.22217,
    "1": 0.20338,
    "2": 0.19503,
    "3": 0.19462,
    "4": 0.20761,
    "5": 0.21447,
    "6": 0.21918,
    "7": 0.24171,
    "8": 0.20145,
    "9": 0.15331,
    "10": 0.11693,
    "11": 0.10154,
    "12": 0.0897,
    "13": 0.06317,
    "14": 0.04671,
    "15": 0.04069,
    "16": 0.05795,
    "17": 0.11748,
    "18": 0.154,
    "19": 0.23553,
    "20": 0.24156,
    "21": 0.23843,
    "22": 0.21959,
    "23": 0.20837
  }
}