{
  "day": "2022-04-22",
  "data": {
    "0": 0.26836,
    "1": 0.25542,
    "2": 0.24121,
    "3": 0.23388,
    "4": 0.23061,
    "5": 0.24668,
    "6": 0.27658,
    "7": 0.29823,
    "8": 0.33392,
    "9": 0.29574,
    "10": 0.35119,
    "11": 0.32822,
    "12": 0.32414,
    "13": 0.32264,
    "14": 0.27585,
    "15": 0.27714,
    "16": 0.27883,
    "17": 0.27887,
    "18": 0.328,
    "19": 0.3331,
    "20": 0.33272,
    "21": 0.33534,
    "22": 0.28627,
    "23": 0.27392
  }
}