{
  "day": "2022-04-23",
  "data": {
    "0": 0.22821,
    "1": 0.22419,
    "2": 0.22273,
    "3": 0.1976,
    "4": 0.18003,
    "5": 0.17574,
    "6": 0.18924,
    "7": 0.17098,
    "8": 0.12726,
    "9": 0.10691,
    "10": 0.08637,
    "11": 0.02891,
    "12": 0.02672,
    "13": 0.02666,
    "14": 0.02699,
    "15": 0.02519,
    "16": 0.02599,
    "17": 0.02602,
    "18": 0.03269,
    "19": 0.05018,
    "20": 0.16539,
    "21": 0.21819,
    "22": 0.23124,
    "23": 0.21892
  }
}