{
  "day": "2022-04-25",
  "data": {
    "0": 0.33001,
    "1": 0.32822,
    "2": 0.31822,
    "3": 0.30811,
    "4": 0.30113,
    "5": 0.29716,
    "6": 0.29963,
    "7": 0.32459,
    "8": 0.3697,
    "9": 0.31855,
    "10": 0.34368,
    "11": 0.32084,
    "12": 0.29552,
    "13": 0.29155,
    "14": 0.23941,
    "15": 0.23846,
    "16": 0.24066,
    "17": 0.25319,
    "18": 0.33113,
    "19": 0.36009,
    "20": 0.40874,
    "21": 0.3918,
    "22": 0.33737,
    "23": 0.31561
  }
}