{
  "day": "2022-04-26",
  "data": {
    "0": 0.29298,
    "1": 0.29077,
    "2": 0.28144,
    "3": 0.26981,
    "4": 0.27373,
    "5": 0.29432,
    "6": 0.3132,
    "7": 0.31492,
    "8": 0.34784,
    "9": 0.3262,
    "10": 0.36281,
    "11": 0.3498,
    "12": 0.34218,
    "13": 0.33129,
    "14": 0.27556,
    "15": 0.27896,
    "16": 0.28317,
    "17": 0.3034,
    "18": 0.35522,
    "19": 0.37182,
    "20": 0.39756,
    "21": 0.39734,
    "22": 0.33867,
    "23": 0.33048
  }
}