{
  "day": "2022-04-27",
  "data": {
    "0": 0.26338,
    "1": 0.25911,
    "2": 0.25121,
    "3": 0.25017,
    "4": 0.25275,
    "5": 0.2668,
    "6": 0.30294,
    "7": 0.3144,
    "8": 0.36044,
    "9": 0.33417,
    "10": 0.36007,
    "11": 0.33539,
    "12": 0.32389,
    "13": 0.31396,
    "14": 0.2604,
    "15": 0.26132,
    "16": 0.26323,
    "17": 0.2827,
    "18": 0.34861,
    "19": 0.3633,
    "20": 0.38338,
    "21": 0.38031,
    "22": 0.31489,
    "23": 0.30443
  }
}