{
  "day": "2022-04-28",
  "data": {
    "0": 0.27209,
    "1": 0.26035,
    "2": 0.2537,
    "3": 0.26065,
    "4": 0.2595,
    "5": 0.27858,
    "6": 0.31208,
    "7": 0.32546,
    "8": 0.36184,
    "9": 0.33292,
    "10": 0.34762,
    "11": 0.33278,
    "12": 0.32407,
    "13": 0.31381,
    "14": 0.26532,
    "15": 0.26839,
    "16": 0.27057,
    "17": 0.29567,
    "18": 0.35358,
    "19": 0.36731,
    "20": 0.38366,
    "21": 0.39561,
    "22": 0.33327,
    "23": 0.30117
  }
}