{
  "day": "2022-04-30",
  "data": {
    "0": 0.25498,
    "1": 0.24169,
    "2": 0.2455,
    "3": 0.2464,
    "4": 0.25004,
    "5": 0.25485,
    "6": 0.26002,
    "7": 0.26527,
    "8": 0.26729,
    "9": 0.24269,
    "10": 0.22001,
    "11": 0.21586,
    "12": 0.21628,
    "13": 0.21354,
    "14": 0.2064,
    "15": 0.20075,
    "16": 0.18623,
    "17": 0.17907,
    "18": 0.2124,
    "19": 0.22428,
    "20": 0.26597,
    "21": 0.28465,
    "22": 0.26978,
    "23": 0.24214
  }
}