{
  "day": "2023-05-05",
  "data": {
    "0": 0.14947,
    "1": 0.14307,
    "2": 0.14089,
    "3": 0.14161,
    "4": 0.13397,
    "5": 0.14081,
    "6": 0.14932,
    "7": 0.15204,
    "8": 0.17665,
    "9": 0.16075,
    "10": 0.20241,
    "11": 0.19718,
    "12": 0.19123,
    "13": 0.18762,
    "14": 0.14106,
    "15": 0.14306,
    "16": 0.13769,
    "17": 0.14522,
    "18": 0.21163,
    "19": 0.21983,
    "20": 0.24193,
    "21": 0.23794,
    "22": 0.18315,
    "23": 0.17749
  }
}