{
  "day": "2023-05-06",
  "data": {
    "0": 0.15902,
    "1": 0.15574,
    "2": 0.1492,
    "3": 0.14149,
    "4": 0.14171,
    "5": 0.14898,
    "6": 0.14987,
    "7": 0.14808,
    "8": 0.13458,
    "9": 0.13183,
    "10": 0.11741,
    "11": 0.10742,
    "12": 0.10424,
    "13": 0.08557,
    "14": 0.07887,
    "15": 0.09642,
    "16": 0.0815,
    "17": 0.09089,
    "18": 0.11023,
    "19": 0.14346,
    "20": 0.15377,
    "21": 0.16111,
    "22": 0.15757,
    "23": 0.15507
  }
}