{
  "day": "2023-05-07",
  "data": {
    "0": 0.15164,
    "1": 0.14108,
    "2": 0.13841,
    "3": 0.1336,
    "4": 0.13106,
    "5": 0.132,
    "6": 0.13153,
    "7": 0.13044,
    "8": 0.1269,
    "9": 0.10066,
    "10": 0.06385,
    "11": 0.05432,
    "12": 0.05435,
    "13": 0.05387,
    "14": 0.05409,
    "15": 0.03933,
    "16": 0.03429,
    "17": 0.03686,
    "18": 0.06138,
    "19": 0.11757,
    "20": 0.14669,
    "21": 0.15483,
    "22": 0.16036,
    "23": 0.14659
  }
}