{
  "day": "2023-05-10",
  "data": {
    "0": 0.13213,
    "1": 0.12784,
    "2": 0.12701,
    "3": 0.12592,
    "4": 0.1228,
    "5": 0.12339,
    "6": 0.12867,
    "7": 0.14255,
    "8": 0.16782,
    "9": 0.14149,
    "10": 0.17363,
    "11": 0.172,
    "12": 0.17138,
    "13": 0.17074,
    "14": 0.11629,
    "15": 0.10017,
    "16": 0.10003,
    "17": 0.10481,
    "18": 0.1735,
    "19": 0.18294,
    "20": 0.21268,
    "21": 0.2399,
    "22": 0.18195,
    "23": 0.17568
  }
}