{
  "day": "2023-05-12",
  "data": {
    "0": 0.13511,
    "1": 0.12757,
    "2": 0.12795,
    "3": 0.1293,
    "4": 0.12954,
    "5": 0.13439,
    "6": 0.13889,
    "7": 0.15218,
    "8": 0.1649,
    "9": 0.15063,
    "10": 0.17633,
    "11": 0.16304,
    "12": 0.16266,
    "13": 0.16181,
    "14": 0.10067,
    "15": 0.08502,
    "16": 0.05947,
    "17": 0.06605,
    "18": 0.12018,
    "19": 0.1643,
    "20": 0.19673,
    "21": 0.20257,
    "22": 0.16396,
    "23": 0.1567
  }
}