{
  "day": "2023-05-13",
  "data": {
    "0": 0.12377,
    "1": 0.1222,
    "2": 0.12482,
    "3": 0.11801,
    "4": 0.11608,
    "5": 0.11758,
    "6": 0.11853,
    "7": 0.12123,
    "8": 0.09963,
    "9": 0.07674,
    "10": 0.04286,
    "11": 0.03515,
    "12": 0.03298,
    "13": 0.03258,
    "14": 0.03224,
    "15": 0.03533,
    "16": 0.03728,
    "17": 0.03887,
    "18": 0.05153,
    "19": 0.08602,
    "20": 0.11719,
    "21": 0.14053,
    "22": 0.13826,
    "23": 0.1333
  }
}