{
  "day": "2023-05-15",
  "data": {
    "0": 0.13159,
    "1": 0.12789,
    "2": 0.1231,
    "3": 0.11613,
    "4": 0.11414,
    "5": 0.11521,
    "6": 0.12442,
    "7": 0.13716,
    "8": 0.15539,
    "9": 0.11406,
    "10": 0.1455,
    "11": 0.11152,
    "12": 0.10188,
    "13": 0.10084,
    "14": 0.05541,
    "15": 0.05639,
    "16": 0.05637,
    "17": 0.05703,
    "18": 0.10693,
    "19": 0.15206,
    "20": 0.20143,
    "21": 0.21056,
    "22": 0.16652,
    "23": 0.15222
  }
}