{
  "day": "2023-05-20",
  "data": {
    "0": 0.10377,
    "1": 0.09829,
    "2": 0.09997,
    "3": 0.09495,
    "4": 0.09456,
    "5": 0.09044,
    "6": 0.09915,
    "7": 0.09804,
    "8": 0.09437,
    "9": 0.07507,
    "10": 0.03745,
    "11": 0.03108,
    "12": 0.03717,
    "13": 0.03132,
    "14": 0.03246,
    "15": 0.03282,
    "16": 0.03521,
    "17": 0.05841,
    "18": 0.08704,
    "19": 0.09686,
    "20": 0.10365,
    "21": 0.11458,
    "22": 0.11226,
    "23": 0.10341
  }
}