{
  "day": "2023-05-21",
  "data": {
    "0": 0.08508,
    "1": 0.07323,
    "2": 0.06717,
    "3": 0.06131,
    "4": 0.06306,
    "5": 0.06146,
    "6": 0.06409,
    "7": 0.06043,
    "8": 0.05692,
    "9": 0.03738,
    "10": 0.02978,
    "11": 0.02937,
    "12": 0.02926,
    "13": 0.0307,
    "14": 0.03247,
    "15": 0.03078,
    "16": 0.03276,
    "17": 0.03701,
    "18": 0.0753,
    "19": 0.09696,
    "20": 0.10955,
    "21": 0.12327,
    "22": 0.12255,
    "23": 0.12113
  }
}