{
  "day": "2023-05-23",
  "data": {
    "0": 0.13169,
    "1": 0.13067,
    "2": 0.11978,
    "3": 0.1195,
    "4": 0.11907,
    "5": 0.11859,
    "6": 0.11652,
    "7": 0.12957,
    "8": 0.16413,
    "9": 0.15576,
    "10": 0.18814,
    "11": 0.18046,
    "12": 0.17845,
    "13": 0.16486,
    "14": 0.1215,
    "15": 0.11941,
    "16": 0.11607,
    "17": 0.12214,
    "18": 0.18482,
    "19": 0.20329,
    "20": 0.20586,
    "21": 0.21089,
    "22": 0.16839,
    "23": 0.16234
  }
}