{
  "day": "2023-05-26",
  "data": {
    "0": 0.12359,
    "1": 0.11336,
    "2": 0.11184,
    "3": 0.10542,
    "4": 0.09885,
    "5": 0.09904,
    "6": 0.11016,
    "7": 0.12953,
    "8": 0.1561,
    "9": 0.14029,
    "10": 0.15608,
    "11": 0.13179,
    "12": 0.11775,
    "13": 0.11409,
    "14": 0.05105,
    "15": 0.05079,
    "16": 0.07284,
    "17": 0.11082,
    "18": 0.17087,
    "19": 0.19185,
    "20": 0.20094,
    "21": 0.23107,
    "22": 0.18537,
    "23": 0.16442
  }
}