{
  "day": "2023-05-29",
  "data": {
    "0": 0.13004,
    "1": 0.13166,
    "2": 0.12526,
    "3": 0.12656,
    "4": 0.12626,
    "5": 0.1264,
    "6": 0.13891,
    "7": 0.15035,
    "8": 0.17409,
    "9": 0.16037,
    "10": 0.20496,
    "11": 0.18837,
    "12": 0.18835,
    "13": 0.18788,
    "14": 0.14365,
    "15": 0.14199,
    "16": 0.14085,
    "17": 0.14223,
    "18": 0.19087,
    "19": 0.19294,
    "20": 0.23244,
    "21": 0.24473,
    "22": 0.20038,
    "23": 0.18933
  }
}