{
  "day": "2023-05-31",
  "data": {
    "0": 0.13732,
    "1": 0.1326,
    "2": 0.13282,
    "3": 0.13419,
    "4": 0.12519,
    "5": 0.13446,
    "6": 0.13621,
    "7": 0.1385,
    "8": 0.16068,
    "9": 0.15206,
    "10": 0.1822,
    "11": 0.16998,
    "12": 0.17128,
    "13": 0.16921,
    "14": 0.12407,
    "15": 0.12281,
    "16": 0.1232,
    "17": 0.12694,
    "18": 0.18572,
    "19": 0.19153,
    "20": 0.21239,
    "21": 0.22809,
    "22": 0.18157,
    "23": 0.16067
  }
}