{
  "day": "2021-11-03",
  "data": {
    "0": 0.18722,
    "1": 0.18441,
    "2": 0.18192,
    "3": 0.17113,
    "4": 0.16997,
    "5": 0.17955,
    "6": 0.2035,
    "7": 0.23231,
    "8": 0.25013,
    "9": 0.2364,
    "10": 0.22096,
    "11": 0.20908,
    "12": 0.19946,
    "13": 0.18259,
    "14": 0.1819,
    "15": 0.17221,
    "16": 0.17395,
    "17": 0.21618,
    "18": 0.23947,
    "19": 0.26355,
    "20": 0.2786,
    "21": 0.25722,
    "22": 0.23782,
    "23": 0.20264
  }
}