{
  "day": "2021-11-04",
  "data": {
    "0": 0.2078,
    "1": 0.19601,
    "2": 0.18857,
    "3": 0.18603,
    "4": 0.18842,
    "5": 0.20374,
    "6": 0.22594,
    "7": 0.23275,
    "8": 0.25419,
    "9": 0.24689,
    "10": 0.23585,
    "11": 0.24007,
    "12": 0.2344,
    "13": 0.22704,
    "14": 0.22103,
    "15": 0.20936,
    "16": 0.23341,
    "17": 0.25179,
    "18": 0.26191,
    "19": 0.26664,
    "20": 0.25611,
    "21": 0.25227,
    "22": 0.24923,
    "23": 0.23199
  }
}