{
  "day": "2021-11-07",
  "data": {
    "0": 0.18291,
    "1": 0.16881,
    "2": 0.15307,
    "3": 0.12202,
    "4": 0.10031,
    "5": 0.12008,
    "6": 0.13162,
    "7": 0.13181,
    "8": 0.16542,
    "9": 0.16969,
    "10": 0.16536,
    "11": 0.16777,
    "12": 0.16918,
    "13": 0.16133,
    "14": 0.15673,
    "15": 0.15994,
    "16": 0.17278,
    "17": 0.22652,
    "18": 0.23369,
    "19": 0.2426,
    "20": 0.2303,
    "21": 0.22999,
    "22": 0.22688,
    "23": 0.22647
  }
}