{
  "day": "2021-11-09",
  "data": {
    "0": 0.19579,
    "1": 0.19867,
    "2": 0.19483,
    "3": 0.18902,
    "4": 0.18915,
    "5": 0.20148,
    "6": 0.21926,
    "7": 0.23166,
    "8": 0.2498,
    "9": 0.24297,
    "10": 0.22667,
    "11": 0.21986,
    "12": 0.23545,
    "13": 0.23754,
    "14": 0.24427,
    "15": 0.24408,
    "16": 0.24688,
    "17": 0.25982,
    "18": 0.27782,
    "19": 0.29903,
    "20": 0.29786,
    "21": 0.27387,
    "22": 0.26822,
    "23": 0.25347
  }
}