{
  "day": "2021-11-11",
  "data": {
    "0": 0.2091,
    "1": 0.20376,
    "2": 0.20316,
    "3": 0.19455,
    "4": 0.19754,
    "5": 0.20281,
    "6": 0.21137,
    "7": 0.23955,
    "8": 0.26345,
    "9": 0.25127,
    "10": 0.23533,
    "11": 0.24333,
    "12": 0.24286,
    "13": 0.24389,
    "14": 0.24183,
    "15": 0.23168,
    "16": 0.25076,
    "17": 0.26807,
    "18": 0.30314,
    "19": 0.31245,
    "20": 0.29667,
    "21": 0.27782,
    "22": 0.25482,
    "23": 0.22542
  }
}