{
  "day": "2021-11-12",
  "data": {
    "0": 0.22911,
    "1": 0.22502,
    "2": 0.21908,
    "3": 0.20858,
    "4": 0.20438,
    "5": 0.21029,
    "6": 0.23044,
    "7": 0.25045,
    "8": 0.27633,
    "9": 0.26504,
    "10": 0.25675,
    "11": 0.25798,
    "12": 0.25679,
    "13": 0.25514,
    "14": 0.25607,
    "15": 0.24051,
    "16": 0.24667,
    "17": 0.2527,
    "18": 0.27033,
    "19": 0.28236,
    "20": 0.25945,
    "21": 0.25311,
    "22": 0.24236,
    "23": 0.22605
  }
}