{
  "day": "2021-11-14",
  "data": {
    "0": 0.23254,
    "1": 0.21928,
    "2": 0.21758,
    "3": 0.20514,
    "4": 0.19577,
    "5": 0.19319,
    "6": 0.20386,
    "7": 0.2143,
    "8": 0.20771,
    "9": 0.21506,
    "10": 0.22008,
    "11": 0.21041,
    "12": 0.22273,
    "13": 0.21071,
    "14": 0.19687,
    "15": 0.19567,
    "16": 0.20227,
    "17": 0.24905,
    "18": 0.25576,
    "19": 0.25628,
    "20": 0.24875,
    "21": 0.24433,
    "22": 0.23279,
    "23": 0.20869
  }
}