{
  "day": "2021-11-16",
  "data": {
    "0": 0.22663,
    "1": 0.21047,
    "2": 0.20657,
    "3": 0.2039,
    "4": 0.20493,
    "5": 0.22192,
    "6": 0.24015,
    "7": 0.24302,
    "8": 0.26769,
    "9": 0.26221,
    "10": 0.24844,
    "11": 0.24593,
    "12": 0.25272,
    "13": 0.25669,
    "14": 0.24157,
    "15": 0.2364,
    "16": 0.25318,
    "17": 0.2747,
    "18": 0.30399,
    "19": 0.33335,
    "20": 0.33432,
    "21": 0.30051,
    "22": 0.27444,
    "23": 0.25385
  }
}