{
  "day": "2021-11-20",
  "data": {
    "0": 0.26326,
    "1": 0.25684,
    "2": 0.25381,
    "3": 0.24615,
    "4": 0.24295,
    "5": 0.24417,
    "6": 0.24612,
    "7": 0.2516,
    "8": 0.24768,
    "9": 0.26605,
    "10": 0.26942,
    "11": 0.2636,
    "12": 0.27241,
    "13": 0.25977,
    "14": 0.25566,
    "15": 0.26655,
    "16": 0.282,
    "17": 0.28959,
    "18": 0.31475,
    "19": 0.31931,
    "20": 0.31829,
    "21": 0.30636,
    "22": 0.2963,
    "23": 0.30165
  }
}