{
  "day": "2021-11-21",
  "data": {
    "0": 0.33276,
    "1": 0.31406,
    "2": 0.30408,
    "3": 0.29744,
    "4": 0.29458,
    "5": 0.29084,
    "6": 0.27614,
    "7": 0.26904,
    "8": 0.26552,
    "9": 0.2751,
    "10": 0.273,
    "11": 0.26928,
    "12": 0.26996,
    "13": 0.25867,
    "14": 0.25138,
    "15": 0.2534,
    "16": 0.27108,
    "17": 0.2976,
    "18": 0.31283,
    "19": 0.31756,
    "20": 0.30134,
    "21": 0.29396,
    "22": 0.27672,
    "23": 0.26432
  }
}