{
  "day": "2021-11-22",
  "data": {
    "0": 0.28635,
    "1": 0.27436,
    "2": 0.25396,
    "3": 0.25463,
    "4": 0.24933,
    "5": 0.25518,
    "6": 0.2946,
    "7": 0.30165,
    "8": 0.32727,
    "9": 0.31972,
    "10": 0.3117,
    "11": 0.32151,
    "12": 0.32348,
    "13": 0.31853,
    "14": 0.31754,
    "15": 0.30633,
    "16": 0.30764,
    "17": 0.31768,
    "18": 0.33208,
    "19": 0.35145,
    "20": 0.35365,
    "21": 0.32441,
    "22": 0.31323,
    "23": 0.29571
  }
}