{
  "day": "2021-11-24",
  "data": {
    "0": 0.28245,
    "1": 0.26623,
    "2": 0.2546,
    "3": 0.24321,
    "4": 0.24254,
    "5": 0.26406,
    "6": 0.28878,
    "7": 0.31234,
    "8": 0.33941,
    "9": 0.32663,
    "10": 0.30407,
    "11": 0.30656,
    "12": 0.30333,
    "13": 0.29695,
    "14": 0.28385,
    "15": 0.26247,
    "16": 0.27695,
    "17": 0.28999,
    "18": 0.30533,
    "19": 0.32824,
    "20": 0.33313,
    "21": 0.32017,
    "22": 0.29407,
    "23": 0.27228
  }
}