{
  "day": "2021-11-27",
  "data": {
    "0": 0.27701,
    "1": 0.27526,
    "2": 0.26609,
    "3": 0.24794,
    "4": 0.23156,
    "5": 0.2258,
    "6": 0.2253,
    "7": 0.2567,
    "8": 0.25893,
    "9": 0.26746,
    "10": 0.26556,
    "11": 0.25003,
    "12": 0.21544,
    "13": 0.21508,
    "14": 0.21529,
    "15": 0.21473,
    "16": 0.24406,
    "17": 0.27679,
    "18": 0.2988,
    "19": 0.29428,
    "20": 0.29193,
    "21": 0.27506,
    "22": 0.26851,
    "23": 0.25522
  }
}