{
  "day": "2021-11-28",
  "data": {
    "0": 0.26517,
    "1": 0.25341,
    "2": 0.2447,
    "3": 0.23786,
    "4": 0.23266,
    "5": 0.22992,
    "6": 0.23639,
    "7": 0.23987,
    "8": 0.23988,
    "9": 0.2506,
    "10": 0.2508,
    "11": 0.25181,
    "12": 0.2386,
    "13": 0.23732,
    "14": 0.23713,
    "15": 0.23536,
    "16": 0.24447,
    "17": 0.28673,
    "18": 0.30576,
    "19": 0.29603,
    "20": 0.28527,
    "21": 0.28451,
    "22": 0.26251,
    "23": 0.24314
  }
}