{
  "day": "2021-11-29",
  "data": {
    "0": 0.25316,
    "1": 0.24716,
    "2": 0.14837,
    "3": 0.13832,
    "4": 0.13885,
    "5": 0.24214,
    "6": 0.24534,
    "7": 0.26623,
    "8": 0.29309,
    "9": 0.29369,
    "10": 0.2878,
    "11": 0.28808,
    "12": 0.28596,
    "13": 0.28755,
    "14": 0.28845,
    "15": 0.29163,
    "16": 0.30085,
    "17": 0.31426,
    "18": 0.33723,
    "19": 0.35626,
    "20": 0.38158,
    "21": 0.35877,
    "22": 0.34958,
    "23": 0.32498
  }
}