{
  "day": "2021-11-30",
  "data": {
    "0": 0.31288,
    "1": 0.30852,
    "2": 0.30065,
    "3": 0.28073,
    "4": 0.27408,
    "5": 0.29751,
    "6": 0.33333,
    "7": 0.35327,
    "8": 0.37979,
    "9": 0.37428,
    "10": 0.36623,
    "11": 0.3669,
    "12": 0.35031,
    "13": 0.3502,
    "14": 0.35483,
    "15": 0.34579,
    "16": 0.35868,
    "17": 0.38142,
    "18": 0.39068,
    "19": 0.3971,
    "20": 0.39594,
    "21": 0.39588,
    "22": 0.37686,
    "23": 0.33336
  }
}