{
  "day": "2025-12-01",
  "data": {
    "0": 0.12582,
    "1": 0.11614,
    "2": 0.11181,
    "3": 0.11267,
    "4": 0.11937,
    "5": 0.1292,
    "6": 0.13771,
    "7": 0.14607,
    "8": 0.17637,
    "9": 0.15462,
    "10": 0.13551,
    "11": 0.19373,
    "12": 0.19655,
    "13": 0.19213,
    "14": 0.19305,
    "15": 0.13253,
    "16": 0.14464,
    "17": 0.15501,
    "18": 0.17103,
    "19": 0.25601,
    "20": 0.27287,
    "21": 0.2705,
    "22": 0.23591,
    "23": 0.15354
  }
}