{
  "day": "2025-12-02",
  "data": {
    "0": 0.1162,
    "1": 0.11561,
    "2": 0.11297,
    "3": 0.10705,
    "4": 0.106,
    "5": 0.10712,
    "6": 0.11833,
    "7": 0.12618,
    "8": 0.1651,
    "9": 0.15892,
    "10": 0.14239,
    "11": 0.20629,
    "12": 0.20604,
    "13": 0.19743,
    "14": 0.19651,
    "15": 0.14266,
    "16": 0.14621,
    "17": 0.17591,
    "18": 0.19645,
    "19": 0.26429,
    "20": 0.25695,
    "21": 0.23843,
    "22": 0.22275,
    "23": 0.14714
  }
}