{
  "day": "2025-12-04",
  "data": {
    "0": 0.10718,
    "1": 0.10399,
    "2": 0.09733,
    "3": 0.08901,
    "4": 0.08084,
    "5": 0.09251,
    "6": 0.10797,
    "7": 0.12339,
    "8": 0.15695,
    "9": 0.14999,
    "10": 0.13684,
    "11": 0.19463,
    "12": 0.1878,
    "13": 0.18176,
    "14": 0.18116,
    "15": 0.1232,
    "16": 0.13606,
    "17": 0.14828,
    "18": 0.15548,
    "19": 0.22541,
    "20": 0.22551,
    "21": 0.22132,
    "22": 0.21566,
    "23": 0.13343
  }
}