{
  "day": "2025-12-05",
  "data": {
    "0": 0.11955,
    "1": 0.10887,
    "2": 0.10407,
    "3": 0.10071,
    "4": 0.10057,
    "5": 0.10425,
    "6": 0.11637,
    "7": 0.12429,
    "8": 0.15991,
    "9": 0.1566,
    "10": 0.15027,
    "11": 0.20991,
    "12": 0.20039,
    "13": 0.18792,
    "14": 0.18616,
    "15": 0.13506,
    "16": 0.14569,
    "17": 0.15277,
    "18": 0.15773,
    "19": 0.21704,
    "20": 0.21246,
    "21": 0.20367,
    "22": 0.19831,
    "23": 0.11962
  }
}