{
  "day": "2025-12-07",
  "data": {
    "0": 0.0969,
    "1": 0.08908,
    "2": 0.09117,
    "3": 0.0876,
    "4": 0.08098,
    "5": 0.08461,
    "6": 0.08711,
    "7": 0.08713,
    "8": 0.0974,
    "9": 0.08556,
    "10": 0.07582,
    "11": 0.07089,
    "12": 0.06757,
    "13": 0.06641,
    "14": 0.06632,
    "15": 0.07211,
    "16": 0.08153,
    "17": 0.11555,
    "18": 0.13333,
    "19": 0.14292,
    "20": 0.14973,
    "21": 0.15285,
    "22": 0.14241,
    "23": 0.13556
  }
}