{
  "day": "2025-12-08",
  "data": {
    "0": 0.12601,
    "1": 0.12237,
    "2": 0.11039,
    "3": 0.1108,
    "4": 0.10847,
    "5": 0.11092,
    "6": 0.10877,
    "7": 0.1222,
    "8": 0.12242,
    "9": 0.0977,
    "10": 0.07477,
    "11": 0.07041,
    "12": 0.06839,
    "13": 0.06008,
    "14": 0.06149,
    "15": 0.07349,
    "16": 0.0892,
    "17": 0.1292,
    "18": 0.13027,
    "19": 0.14215,
    "20": 0.14728,
    "21": 0.14487,
    "22": 0.12949,
    "23": 0.12193
  }
}