{
  "day": "2025-12-09",
  "data": {
    "0": 0.10785,
    "1": 0.10123,
    "2": 0.09989,
    "3": 0.09732,
    "4": 0.09393,
    "5": 0.09769,
    "6": 0.11096,
    "7": 0.12462,
    "8": 0.15806,
    "9": 0.13054,
    "10": 0.10258,
    "11": 0.14083,
    "12": 0.14036,
    "13": 0.13872,
    "14": 0.14487,
    "15": 0.10467,
    "16": 0.13936,
    "17": 0.16688,
    "18": 0.18551,
    "19": 0.26629,
    "20": 0.27624,
    "21": 0.28085,
    "22": 0.24767,
    "23": 0.16863
  }
}