{
  "day": "2025-12-10",
  "data": {
    "0": 0.12896,
    "1": 0.11932,
    "2": 0.11835,
    "3": 0.11133,
    "4": 0.11381,
    "5": 0.11511,
    "6": 0.12579,
    "7": 0.13834,
    "8": 0.17209,
    "9": 0.16465,
    "10": 0.15783,
    "11": 0.21988,
    "12": 0.21748,
    "13": 0.21399,
    "14": 0.21574,
    "15": 0.15556,
    "16": 0.1658,
    "17": 0.17548,
    "18": 0.18066,
    "19": 0.24936,
    "20": 0.25542,
    "21": 0.24956,
    "22": 0.23805,
    "23": 0.15899
  }
}