{
  "day": "2025-12-13",
  "data": {
    "0": 0.13163,
    "1": 0.12331,
    "2": 0.11828,
    "3": 0.11024,
    "4": 0.10705,
    "5": 0.11092,
    "6": 0.11251,
    "7": 0.11909,
    "8": 0.12796,
    "9": 0.12351,
    "10": 0.11205,
    "11": 0.10522,
    "12": 0.10295,
    "13": 0.09676,
    "14": 0.09791,
    "15": 0.10677,
    "16": 0.11964,
    "17": 0.13541,
    "18": 0.14723,
    "19": 0.14537,
    "20": 0.14736,
    "21": 0.14184,
    "22": 0.13963,
    "23": 0.12749
  }
}