{
  "day": "2025-12-16",
  "data": {
    "0": 0.13171,
    "1": 0.12263,
    "2": 0.11944,
    "3": 0.11226,
    "4": 0.11,
    "5": 0.11102,
    "6": 0.12247,
    "7": 0.1282,
    "8": 0.16344,
    "9": 0.16102,
    "10": 0.15282,
    "11": 0.21026,
    "12": 0.20933,
    "13": 0.20433,
    "14": 0.20756,
    "15": 0.15224,
    "16": 0.15775,
    "17": 0.17149,
    "18": 0.19131,
    "19": 0.26958,
    "20": 0.25202,
    "21": 0.23596,
    "22": 0.22225,
    "23": 0.14333
  }
}