{
  "day": "2025-12-19",
  "data": {
    "0": 0.11857,
    "1": 0.11643,
    "2": 0.11393,
    "3": 0.10898,
    "4": 0.11092,
    "5": 0.11597,
    "6": 0.13072,
    "7": 0.1477,
    "8": 0.18063,
    "9": 0.17644,
    "10": 0.17017,
    "11": 0.23299,
    "12": 0.22447,
    "13": 0.22296,
    "14": 0.22774,
    "15": 0.16953,
    "16": 0.16965,
    "17": 0.17023,
    "18": 0.18208,
    "19": 0.25179,
    "20": 0.25471,
    "21": 0.25293,
    "22": 0.24516,
    "23": 0.1691
  }
}