{
  "day": "2025-12-20",
  "data": {
    "0": 0.13984,
    "1": 0.13288,
    "2": 0.12817,
    "3": 0.1151,
    "4": 0.11505,
    "5": 0.11448,
    "6": 0.11947,
    "7": 0.1193,
    "8": 0.12113,
    "9": 0.12293,
    "10": 0.11376,
    "11": 0.10464,
    "12": 0.10081,
    "13": 0.09072,
    "14": 0.09398,
    "15": 0.09735,
    "16": 0.10841,
    "17": 0.11859,
    "18": 0.11778,
    "19": 0.12226,
    "20": 0.11684,
    "21": 0.10821,
    "22": 0.11163,
    "23": 0.10537
  }
}