{
  "day": "2025-12-22",
  "data": {
    "0": 0.10059,
    "1": 0.09203,
    "2": 0.0905,
    "3": 0.08417,
    "4": 0.0698,
    "5": 0.07996,
    "6": 0.10687,
    "7": 0.12128,
    "8": 0.16483,
    "9": 0.16451,
    "10": 0.1514,
    "11": 0.2018,
    "12": 0.19511,
    "13": 0.18541,
    "14": 0.18825,
    "15": 0.13353,
    "16": 0.15262,
    "17": 0.17165,
    "18": 0.18105,
    "19": 0.24481,
    "20": 0.2385,
    "21": 0.22472,
    "22": 0.22247,
    "23": 0.14782
  }
}