{
  "day": "2025-12-24",
  "data": {
    "0": 0.12799,
    "1": 0.10784,
    "2": 0.09131,
    "3": 0.0882,
    "4": 0.0839,
    "5": 0.08194,
    "6": 0.08215,
    "7": 0.08797,
    "8": 0.13869,
    "9": 0.13084,
    "10": 0.11193,
    "11": 0.16105,
    "12": 0.15273,
    "13": 0.14899,
    "14": 0.15041,
    "15": 0.09394,
    "16": 0.11002,
    "17": 0.1293,
    "18": 0.14682,
    "19": 0.20877,
    "20": 0.20278,
    "21": 0.19449,
    "22": 0.18161,
    "23": 0.11006
  }
}