{
  "day": "2025-12-25",
  "data": {
    "0": 0.09291,
    "1": 0.09136,
    "2": 0.08741,
    "3": 0.07748,
    "4": 0.07365,
    "5": 0.08096,
    "6": 0.08785,
    "7": 0.10298,
    "8": 0.11143,
    "9": 0.10273,
    "10": 0.08639,
    "11": 0.07498,
    "12": 0.08189,
    "13": 0.08091,
    "14": 0.07379,
    "15": 0.09066,
    "16": 0.12178,
    "17": 0.15249,
    "18": 0.15557,
    "19": 0.15777,
    "20": 0.1616,
    "21": 0.16257,
    "22": 0.15241,
    "23": 0.15089
  }
}