{
  "day": "2025-12-26",
  "data": {
    "0": 0.1409,
    "1": 0.1368,
    "2": 0.1327,
    "3": 0.12914,
    "4": 0.12492,
    "5": 0.12371,
    "6": 0.13181,
    "7": 0.13452,
    "8": 0.16315,
    "9": 0.16087,
    "10": 0.14818,
    "11": 0.20813,
    "12": 0.20558,
    "13": 0.20093,
    "14": 0.19833,
    "15": 0.13597,
    "16": 0.14683,
    "17": 0.16284,
    "18": 0.1714,
    "19": 0.23936,
    "20": 0.25137,
    "21": 0.24934,
    "22": 0.24111,
    "23": 0.15934
  }
}