{
  "day": "2025-12-29",
  "data": {
    "0": 0.1412,
    "1": 0.13525,
    "2": 0.13416,
    "3": 0.13327,
    "4": 0.13483,
    "5": 0.13624,
    "6": 0.14583,
    "7": 0.15828,
    "8": 0.19628,
    "9": 0.18049,
    "10": 0.15884,
    "11": 0.20863,
    "12": 0.2045,
    "13": 0.20169,
    "14": 0.20855,
    "15": 0.15546,
    "16": 0.16204,
    "17": 0.17758,
    "18": 0.19973,
    "19": 0.26891,
    "20": 0.29847,
    "21": 0.28558,
    "22": 0.25563,
    "23": 0.16951
  }
}