{
  "day": "2025-12-30",
  "data": {
    "0": 0.14763,
    "1": 0.14332,
    "2": 0.13472,
    "3": 0.13108,
    "4": 0.12797,
    "5": 0.12693,
    "6": 0.12809,
    "7": 0.12812,
    "8": 0.1661,
    "9": 0.158,
    "10": 0.14117,
    "11": 0.19923,
    "12": 0.19587,
    "13": 0.19002,
    "14": 0.19042,
    "15": 0.12879,
    "16": 0.14238,
    "17": 0.15941,
    "18": 0.1714,
    "19": 0.2383,
    "20": 0.23749,
    "21": 0.23866,
    "22": 0.23501,
    "23": 0.17002
  }
}