{
  "day": "2022-02-01",
  "data": {
    "0": 0.26975,
    "1": 0.25472,
    "2": 0.25665,
    "3": 0.25077,
    "4": 0.23166,
    "5": 0.24466,
    "6": 0.25319,
    "7": 0.28809,
    "8": 0.3396,
    "9": 0.31994,
    "10": 0.27696,
    "11": 0.34041,
    "12": 0.34071,
    "13": 0.33841,
    "14": 0.33907,
    "15": 0.24766,
    "16": 0.27302,
    "17": 0.30283,
    "18": 0.33979,
    "19": 0.41482,
    "20": 0.41113,
    "21": 0.3811,
    "22": 0.35471,
    "23": 0.28216
  }
}