{
  "day": "2022-02-03",
  "data": {
    "0": 0.27523,
    "1": 0.24622,
    "2": 0.2398,
    "3": 0.23537,
    "4": 0.22884,
    "5": 0.23742,
    "6": 0.24814,
    "7": 0.29088,
    "8": 0.33122,
    "9": 0.31408,
    "10": 0.29107,
    "11": 0.35572,
    "12": 0.34473,
    "13": 0.33592,
    "14": 0.3321,
    "15": 0.26407,
    "16": 0.27817,
    "17": 0.30859,
    "18": 0.32775,
    "19": 0.40397,
    "20": 0.3957,
    "21": 0.37843,
    "22": 0.35061,
    "23": 0.27105
  }
}