{
  "day": "2022-02-04",
  "data": {
    "0": 0.25239,
    "1": 0.2366,
    "2": 0.23655,
    "3": 0.22244,
    "4": 0.22169,
    "5": 0.22106,
    "6": 0.23322,
    "7": 0.27465,
    "8": 0.31112,
    "9": 0.31128,
    "10": 0.30133,
    "11": 0.3457,
    "12": 0.33452,
    "13": 0.32152,
    "14": 0.32068,
    "15": 0.2458,
    "16": 0.25332,
    "17": 0.27452,
    "18": 0.30566,
    "19": 0.39125,
    "20": 0.38367,
    "21": 0.3791,
    "22": 0.35197,
    "23": 0.26327
  }
}