{
  "day": "2022-02-07",
  "data": {
    "0": 0.24643,
    "1": 0.23753,
    "2": 0.23608,
    "3": 0.23629,
    "4": 0.22529,
    "5": 0.23967,
    "6": 0.26618,
    "7": 0.30052,
    "8": 0.34175,
    "9": 0.33451,
    "10": 0.31689,
    "11": 0.36356,
    "12": 0.35008,
    "13": 0.34757,
    "14": 0.33563,
    "15": 0.26258,
    "16": 0.26889,
    "17": 0.28847,
    "18": 0.32645,
    "19": 0.39894,
    "20": 0.39371,
    "21": 0.38423,
    "22": 0.3468,
    "23": 0.26746
  }
}