{
  "day": "2022-02-10",
  "data": {
    "0": 0.26385,
    "1": 0.25057,
    "2": 0.24375,
    "3": 0.22872,
    "4": 0.23166,
    "5": 0.22977,
    "6": 0.26054,
    "7": 0.29129,
    "8": 0.32441,
    "9": 0.31213,
    "10": 0.29444,
    "11": 0.35256,
    "12": 0.33794,
    "13": 0.32133,
    "14": 0.31757,
    "15": 0.25797,
    "16": 0.27367,
    "17": 0.29771,
    "18": 0.32789,
    "19": 0.40674,
    "20": 0.38963,
    "21": 0.37985,
    "22": 0.35655,
    "23": 0.27243
  }
}