{
  "day": "2022-02-11",
  "data": {
    "0": 0.2543,
    "1": 0.23371,
    "2": 0.23208,
    "3": 0.22296,
    "4": 0.2199,
    "5": 0.22595,
    "6": 0.25347,
    "7": 0.27719,
    "8": 0.31326,
    "9": 0.30651,
    "10": 0.28584,
    "11": 0.33557,
    "12": 0.31673,
    "13": 0.31576,
    "14": 0.31495,
    "15": 0.24402,
    "16": 0.25093,
    "17": 0.28792,
    "18": 0.31509,
    "19": 0.40075,
    "20": 0.37536,
    "21": 0.3688,
    "22": 0.3521,
    "23": 0.27421
  }
}