{
  "day": "2022-02-12",
  "data": {
    "0": 0.27125,
    "1": 0.27369,
    "2": 0.2704,
    "3": 0.26852,
    "4": 0.265,
    "5": 0.25614,
    "6": 0.26054,
    "7": 0.26856,
    "8": 0.27024,
    "9": 0.26581,
    "10": 0.25359,
    "11": 0.23133,
    "12": 0.22658,
    "13": 0.21534,
    "14": 0.21251,
    "15": 0.21231,
    "16": 0.22033,
    "17": 0.24978,
    "18": 0.27188,
    "19": 0.29288,
    "20": 0.27782,
    "21": 0.27158,
    "22": 0.25846,
    "23": 0.24587
  }
}