{
  "day": "2022-02-13",
  "data": {
    "0": 0.2783,
    "1": 0.27796,
    "2": 0.27714,
    "3": 0.25182,
    "4": 0.23238,
    "5": 0.23254,
    "6": 0.23254,
    "7": 0.25318,
    "8": 0.22672,
    "9": 0.2205,
    "10": 0.20946,
    "11": 0.19264,
    "12": 0.19332,
    "13": 0.15718,
    "14": 0.0993,
    "15": 0.12688,
    "16": 0.14638,
    "17": 0.1707,
    "18": 0.21818,
    "19": 0.2351,
    "20": 0.25989,
    "21": 0.25975,
    "22": 0.2197,
    "23": 0.21959
  }
}