{
  "day": "2022-02-14",
  "data": {
    "0": 0.20771,
    "1": 0.20703,
    "2": 0.20028,
    "3": 0.16061,
    "4": 0.15767,
    "5": 0.20759,
    "6": 0.22746,
    "7": 0.27568,
    "8": 0.30703,
    "9": 0.31208,
    "10": 0.29951,
    "11": 0.34799,
    "12": 0.31415,
    "13": 0.30537,
    "14": 0.3013,
    "15": 0.22846,
    "16": 0.23875,
    "17": 0.27546,
    "18": 0.31015,
    "19": 0.4092,
    "20": 0.3838,
    "21": 0.37659,
    "22": 0.35865,
    "23": 0.27285
  }
}