{
  "day": "2022-02-15",
  "data": {
    "0": 0.25673,
    "1": 0.24954,
    "2": 0.24113,
    "3": 0.23496,
    "4": 0.22546,
    "5": 0.23016,
    "6": 0.26573,
    "7": 0.29543,
    "8": 0.34023,
    "9": 0.32737,
    "10": 0.30354,
    "11": 0.35158,
    "12": 0.32976,
    "13": 0.30453,
    "14": 0.30363,
    "15": 0.2351,
    "16": 0.2401,
    "17": 0.26847,
    "18": 0.3138,
    "19": 0.39637,
    "20": 0.40628,
    "21": 0.39478,
    "22": 0.37523,
    "23": 0.24864
  }
}