{
  "day": "2022-02-17",
  "data": {
    "0": 0.17652,
    "1": 0.17576,
    "2": 0.14907,
    "3": 0.1436,
    "4": 0.14359,
    "5": 0.15744,
    "6": 0.18652,
    "7": 0.21648,
    "8": 0.27264,
    "9": 0.26761,
    "10": 0.23987,
    "11": 0.29148,
    "12": 0.28091,
    "13": 0.2663,
    "14": 0.27182,
    "15": 0.19534,
    "16": 0.22597,
    "17": 0.23267,
    "18": 0.29439,
    "19": 0.39589,
    "20": 0.42983,
    "21": 0.39345,
    "22": 0.3571,
    "23": 0.27428
  }
}