{
  "day": "2022-02-18",
  "data": {
    "0": 0.26269,
    "1": 0.25879,
    "2": 0.25,
    "3": 0.23829,
    "4": 0.23058,
    "5": 0.22952,
    "6": 0.2559,
    "7": 0.26496,
    "8": 0.29513,
    "9": 0.28924,
    "10": 0.28264,
    "11": 0.34517,
    "12": 0.33255,
    "13": 0.32371,
    "14": 0.29931,
    "15": 0.22411,
    "16": 0.2262,
    "17": 0.23039,
    "18": 0.27222,
    "19": 0.35208,
    "20": 0.34137,
    "21": 0.32477,
    "22": 0.29395,
    "23": 0.2173
  }
}