{
  "day": "2022-02-22",
  "data": {
    "0": 0.22931,
    "1": 0.22471,
    "2": 0.2217,
    "3": 0.22006,
    "4": 0.21417,
    "5": 0.22124,
    "6": 0.2494,
    "7": 0.25781,
    "8": 0.29309,
    "9": 0.27964,
    "10": 0.26884,
    "11": 0.31847,
    "12": 0.31558,
    "13": 0.30163,
    "14": 0.28333,
    "15": 0.20937,
    "16": 0.21453,
    "17": 0.2352,
    "18": 0.28888,
    "19": 0.36809,
    "20": 0.37404,
    "21": 0.36245,
    "22": 0.34172,
    "23": 0.25081
  }
}