{
  "day": "2022-02-24",
  "data": {
    "0": 0.26949,
    "1": 0.27056,
    "2": 0.26704,
    "3": 0.26472,
    "4": 0.26869,
    "5": 0.26708,
    "6": 0.27099,
    "7": 0.27378,
    "8": 0.31751,
    "9": 0.30016,
    "10": 0.29139,
    "11": 0.35893,
    "12": 0.35863,
    "13": 0.35461,
    "14": 0.35561,
    "15": 0.27049,
    "16": 0.25255,
    "17": 0.26693,
    "18": 0.28642,
    "19": 0.37322,
    "20": 0.36636,
    "21": 0.36003,
    "22": 0.33839,
    "23": 0.23573
  }
}