{
  "day": "2024-05-03",
  "data": {
    "0": 0.07938,
    "1": 0.08008,
    "2": 0.08118,
    "3": 0.07989,
    "4": 0.07985,
    "5": 0.07899,
    "6": 0.07892,
    "7": 0.0824,
    "8": 0.1013,
    "9": 0.09526,
    "10": 0.13193,
    "11": 0.11986,
    "12": 0.12157,
    "13": 0.11964,
    "14": 0.06923,
    "15": 0.06896,
    "16": 0.06697,
    "17": 0.0697,
    "18": 0.12507,
    "19": 0.1438,
    "20": 0.15711,
    "21": 0.18619,
    "22": 0.12029,
    "23": 0.1107
  }
}