{
  "day": "2024-05-06",
  "data": {
    "0": 0.11089,
    "1": 0.10305,
    "2": 0.09962,
    "3": 0.10186,
    "4": 0.09851,
    "5": 0.10064,
    "6": 0.10132,
    "7": 0.12469,
    "8": 0.15573,
    "9": 0.12586,
    "10": 0.15735,
    "11": 0.14725,
    "12": 0.13141,
    "13": 0.12187,
    "14": 0.07007,
    "15": 0.06977,
    "16": 0.06883,
    "17": 0.06904,
    "18": 0.12433,
    "19": 0.15037,
    "20": 0.19071,
    "21": 0.21474,
    "22": 0.16236,
    "23": 0.15393
  }
}