{
  "day": "2024-05-09",
  "data": {
    "0": 0.07738,
    "1": 0.07867,
    "2": 0.07978,
    "3": 0.0818,
    "4": 0.0818,
    "5": 0.08065,
    "6": 0.09261,
    "7": 0.1104,
    "8": 0.10486,
    "9": 0.09317,
    "10": 0.12245,
    "11": 0.11387,
    "12": 0.11131,
    "13": 0.11076,
    "14": 0.06112,
    "15": 0.06166,
    "16": 0.06373,
    "17": 0.06866,
    "18": 0.12928,
    "19": 0.14941,
    "20": 0.19122,
    "21": 0.22724,
    "22": 0.16531,
    "23": 0.13651
  }
}