{
  "day": "2024-05-12",
  "data": {
    "0": 0.08968,
    "1": 0.09126,
    "2": 0.0943,
    "3": 0.09837,
    "4": 0.09887,
    "5": 0.09795,
    "6": 0.09769,
    "7": 0.0982,
    "8": 0.06539,
    "9": 0.05226,
    "10": 0.04323,
    "11": 0.04274,
    "12": 0.04343,
    "13": 0.0424,
    "14": 0.04255,
    "15": 0.04335,
    "16": 0.04425,
    "17": 0.04991,
    "18": 0.06504,
    "19": 0.08273,
    "20": 0.08117,
    "21": 0.10808,
    "22": 0.09543,
    "23": 0.08451
  }
}