{
  "day": "2024-05-14",
  "data": {
    "0": 0.06017,
    "1": 0.05419,
    "2": 0.05475,
    "3": 0.05377,
    "4": 0.05138,
    "5": 0.05143,
    "6": 0.0529,
    "7": 0.06798,
    "8": 0.0894,
    "9": 0.07989,
    "10": 0.12072,
    "11": 0.12096,
    "12": 0.12092,
    "13": 0.12037,
    "14": 0.07222,
    "15": 0.07239,
    "16": 0.07244,
    "17": 0.07224,
    "18": 0.12159,
    "19": 0.12606,
    "20": 0.14405,
    "21": 0.1546,
    "22": 0.10636,
    "23": 0.10002
  }
}