{
  "day": "2024-05-15",
  "data": {
    "0": 0.06453,
    "1": 0.06257,
    "2": 0.06106,
    "3": 0.06072,
    "4": 0.06153,
    "5": 0.06702,
    "6": 0.07955,
    "7": 0.0798,
    "8": 0.10522,
    "9": 0.0761,
    "10": 0.12562,
    "11": 0.1191,
    "12": 0.11882,
    "13": 0.11821,
    "14": 0.06949,
    "15": 0.06955,
    "16": 0.06965,
    "17": 0.06993,
    "18": 0.12193,
    "19": 0.13216,
    "20": 0.1456,
    "21": 0.16298,
    "22": 0.12486,
    "23": 0.10623
  }
}