{
  "day": "2024-05-19",
  "data": {
    "0": 0.11567,
    "1": 0.11105,
    "2": 0.10877,
    "3": 0.10889,
    "4": 0.10785,
    "5": 0.09936,
    "6": 0.10108,
    "7": 0.11631,
    "8": 0.10141,
    "9": 0.06636,
    "10": 0.04656,
    "11": 0.04441,
    "12": 0.04502,
    "13": 0.04457,
    "14": 0.04476,
    "15": 0.04715,
    "16": 0.04831,
    "17": 0.05125,
    "18": 0.06537,
    "19": 0.07948,
    "20": 0.08496,
    "21": 0.09616,
    "22": 0.09021,
    "23": 0.09424
  }
}