{
  "day": "2024-05-20",
  "data": {
    "0": 0.10287,
    "1": 0.0994,
    "2": 0.10345,
    "3": 0.1068,
    "4": 0.10689,
    "5": 0.1073,
    "6": 0.11031,
    "7": 0.11127,
    "8": 0.121,
    "9": 0.10026,
    "10": 0.12692,
    "11": 0.12185,
    "12": 0.1161,
    "13": 0.11382,
    "14": 0.06473,
    "15": 0.0665,
    "16": 0.07161,
    "17": 0.07306,
    "18": 0.13591,
    "19": 0.15283,
    "20": 0.16801,
    "21": 0.17534,
    "22": 0.12606,
    "23": 0.11769
  }
}