{
  "day": "2024-05-21",
  "data": {
    "0": 0.11564,
    "1": 0.1144,
    "2": 0.1139,
    "3": 0.11357,
    "4": 0.11255,
    "5": 0.11286,
    "6": 0.10974,
    "7": 0.10933,
    "8": 0.13988,
    "9": 0.1059,
    "10": 0.13918,
    "11": 0.12725,
    "12": 0.12983,
    "13": 0.12367,
    "14": 0.0695,
    "15": 0.07276,
    "16": 0.07293,
    "17": 0.07804,
    "18": 0.13528,
    "19": 0.1532,
    "20": 0.18,
    "21": 0.18031,
    "22": 0.13181,
    "23": 0.12868
  }
}