{
  "day": "2024-05-24",
  "data": {
    "0": 0.12267,
    "1": 0.1163,
    "2": 0.11635,
    "3": 0.1105,
    "4": 0.10947,
    "5": 0.11914,
    "6": 0.12023,
    "7": 0.12543,
    "8": 0.1474,
    "9": 0.13413,
    "10": 0.16534,
    "11": 0.1507,
    "12": 0.15219,
    "13": 0.14331,
    "14": 0.09034,
    "15": 0.08869,
    "16": 0.09459,
    "17": 0.09781,
    "18": 0.17939,
    "19": 0.19629,
    "20": 0.20532,
    "21": 0.2289,
    "22": 0.17582,
    "23": 0.16354
  }
}