{
  "day": "2024-05-26",
  "data": {
    "0": 0.11863,
    "1": 0.11488,
    "2": 0.10958,
    "3": 0.1118,
    "4": 0.11533,
    "5": 0.12093,
    "6": 0.12092,
    "7": 0.10935,
    "8": 0.09039,
    "9": 0.05513,
    "10": 0.04173,
    "11": 0.04186,
    "12": 0.04135,
    "13": 0.0412,
    "14": 0.04147,
    "15": 0.04208,
    "16": 0.04231,
    "17": 0.04412,
    "18": 0.05006,
    "19": 0.06933,
    "20": 0.08867,
    "21": 0.09044,
    "22": 0.0996,
    "23": 0.07848
  }
}