{
  "day": "2024-05-31",
  "data": {
    "0": 0.06117,
    "1": 0.05735,
    "2": 0.05798,
    "3": 0.05663,
    "4": 0.05656,
    "5": 0.0577,
    "6": 0.05972,
    "7": 0.06121,
    "8": 0.08414,
    "9": 0.08013,
    "10": 0.12851,
    "11": 0.12869,
    "12": 0.12875,
    "13": 0.12883,
    "14": 0.08002,
    "15": 0.08076,
    "16": 0.08114,
    "17": 0.08129,
    "18": 0.12599,
    "19": 0.12879,
    "20": 0.12827,
    "21": 0.13176,
    "22": 0.08151,
    "23": 0.08021
  }
}