{
  "day": "2022-12-04",
  "data": {
    "0": 0.32487,
    "1": 0.32745,
    "2": 0.34023,
    "3": 0.34176,
    "4": 0.3391,
    "5": 0.33893,
    "6": 0.34346,
    "7": 0.33024,
    "8": 0.32392,
    "9": 0.3181,
    "10": 0.2988,
    "11": 0.28807,
    "12": 0.28091,
    "13": 0.28369,
    "14": 0.28573,
    "15": 0.29222,
    "16": 0.31148,
    "17": 0.33806,
    "18": 0.36749,
    "19": 0.38827,
    "20": 0.38758,
    "21": 0.34664,
    "22": 0.31652,
    "23": 0.30308
  }
}