{
  "day": "2022-12-07",
  "data": {
    "0": 0.37293,
    "1": 0.38681,
    "2": 0.40331,
    "3": 0.4125,
    "4": 0.41603,
    "5": 0.40331,
    "6": 0.37204,
    "7": 0.34887,
    "8": 0.37161,
    "9": 0.36516,
    "10": 0.35574,
    "11": 0.38594,
    "12": 0.3847,
    "13": 0.38167,
    "14": 0.37947,
    "15": 0.33472,
    "16": 0.33397,
    "17": 0.34223,
    "18": 0.3529,
    "19": 0.3982,
    "20": 0.38629,
    "21": 0.38129,
    "22": 0.38354,
    "23": 0.32766
  }
}