{
  "day": "2022-12-08",
  "data": {
    "0": 0.27387,
    "1": 0.26096,
    "2": 0.26053,
    "3": 0.26389,
    "4": 0.26355,
    "5": 0.26333,
    "6": 0.26079,
    "7": 0.25737,
    "8": 0.25455,
    "9": 0.24845,
    "10": 0.2272,
    "11": 0.22087,
    "12": 0.22044,
    "13": 0.22114,
    "14": 0.2189,
    "15": 0.21691,
    "16": 0.23198,
    "17": 0.25026,
    "18": 0.26316,
    "19": 0.274,
    "20": 0.27532,
    "21": 0.26205,
    "22": 0.24377,
    "23": 0.21741
  }
}