{
  "day": "2022-12-09",
  "data": {
    "0": 0.2726,
    "1": 0.27927,
    "2": 0.28375,
    "3": 0.28653,
    "4": 0.28609,
    "5": 0.28515,
    "6": 0.27637,
    "7": 0.3105,
    "8": 0.33322,
    "9": 0.31839,
    "10": 0.30174,
    "11": 0.34882,
    "12": 0.33597,
    "13": 0.34115,
    "14": 0.34909,
    "15": 0.30814,
    "16": 0.31371,
    "17": 0.32192,
    "18": 0.32087,
    "19": 0.37145,
    "20": 0.36799,
    "21": 0.36069,
    "22": 0.33721,
    "23": 0.2758
  }
}