{
  "day": "2022-12-11",
  "data": {
    "0": 0.33078,
    "1": 0.29225,
    "2": 0.27659,
    "3": 0.28075,
    "4": 0.28446,
    "5": 0.28758,
    "6": 0.2877,
    "7": 0.28823,
    "8": 0.30022,
    "9": 0.30568,
    "10": 0.29875,
    "11": 0.28601,
    "12": 0.26905,
    "13": 0.27252,
    "14": 0.27879,
    "15": 0.27085,
    "16": 0.2847,
    "17": 0.29691,
    "18": 0.31118,
    "19": 0.3119,
    "20": 0.31493,
    "21": 0.31213,
    "22": 0.29719,
    "23": 0.28049
  }
}