{
  "day": "2022-12-13",
  "data": {
    "0": 0.04225,
    "1": 0.04351,
    "2": 0.04478,
    "3": 0.04543,
    "4": 0.05109,
    "5": 0.04988,
    "6": 0.14837,
    "7": 0.16569,
    "8": 0.23256,
    "9": 0.24586,
    "10": 0.24217,
    "11": 0.28608,
    "12": 0.29357,
    "13": 0.29713,
    "14": 0.2941,
    "15": 0.25648,
    "16": 0.25631,
    "17": 0.24579,
    "18": 0.24673,
    "19": 0.2991,
    "20": 0.30458,
    "21": 0.28877,
    "22": 0.24513,
    "23": 0.18018
  }
}