{
  "day": "2022-12-15",
  "data": {
    "0": 0.20698,
    "1": 0.16584,
    "2": 0.15971,
    "3": 0.16166,
    "4": 0.16371,
    "5": 0.17479,
    "6": 0.21838,
    "7": 0.26457,
    "8": 0.27245,
    "9": 0.26343,
    "10": 0.25239,
    "11": 0.29284,
    "12": 0.29494,
    "13": 0.29446,
    "14": 0.29409,
    "15": 0.25021,
    "16": 0.25535,
    "17": 0.27992,
    "18": 0.29311,
    "19": 0.37789,
    "20": 0.36797,
    "21": 0.32783,
    "22": 0.30954,
    "23": 0.25078
  }
}