{
  "day": "2022-12-18",
  "data": {
    "0": 0.22934,
    "1": 0.1923,
    "2": 0.20026,
    "3": 0.19923,
    "4": 0.19475,
    "5": 0.18937,
    "6": 0.19066,
    "7": 0.18529,
    "8": 0.18372,
    "9": 0.16764,
    "10": 0.15307,
    "11": 0.1486,
    "12": 0.14374,
    "13": 0.14511,
    "14": 0.14403,
    "15": 0.14311,
    "16": 0.15262,
    "17": 0.17382,
    "18": 0.1715,
    "19": 0.16548,
    "20": 0.167,
    "21": 0.16065,
    "22": 0.14845,
    "23": 0.15415
  }
}