{
  "day": "2022-12-19",
  "data": {
    "0": 0.14313,
    "1": 0.12301,
    "2": 0.11303,
    "3": 0.1127,
    "4": 0.11305,
    "5": 0.11258,
    "6": 0.12597,
    "7": 0.13784,
    "8": 0.18025,
    "9": 0.17599,
    "10": 0.15026,
    "11": 0.19563,
    "12": 0.19391,
    "13": 0.19359,
    "14": 0.19443,
    "15": 0.14869,
    "16": 0.17204,
    "17": 0.19483,
    "18": 0.20413,
    "19": 0.2589,
    "20": 0.2641,
    "21": 0.25141,
    "22": 0.2175,
    "23": 0.14308
  }
}