{
  "day": "2022-12-20",
  "data": {
    "0": 0.09673,
    "1": 0.05359,
    "2": 0.04897,
    "3": 0.05016,
    "4": 0.04848,
    "5": 0.04942,
    "6": 0.04916,
    "7": 0.10958,
    "8": 0.16801,
    "9": 0.17202,
    "10": 0.16693,
    "11": 0.21025,
    "12": 0.21014,
    "13": 0.19984,
    "14": 0.19139,
    "15": 0.16256,
    "16": 0.16654,
    "17": 0.17366,
    "18": 0.17475,
    "19": 0.22939,
    "20": 0.22344,
    "21": 0.21449,
    "22": 0.19517,
    "23": 0.11694
  }
}