{
  "day": "2022-12-21",
  "data": {
    "0": 0.10505,
    "1": 0.09467,
    "2": 0.08396,
    "3": 0.08082,
    "4": 0.0806,
    "5": 0.09526,
    "6": 0.1004,
    "7": 0.10317,
    "8": 0.14127,
    "9": 0.14383,
    "10": 0.13473,
    "11": 0.1624,
    "12": 0.16125,
    "13": 0.15986,
    "14": 0.15773,
    "15": 0.11696,
    "16": 0.13295,
    "17": 0.14849,
    "18": 0.15549,
    "19": 0.20925,
    "20": 0.21284,
    "21": 0.20493,
    "22": 0.18014,
    "23": 0.12229
  }
}