{
  "day": "2022-12-23",
  "data": {
    "0": 0.04201,
    "1": 0.03824,
    "2": 0.04,
    "3": 0.04147,
    "4": 0.04088,
    "5": 0.04018,
    "6": 0.04297,
    "7": 0.04774,
    "8": 0.08038,
    "9": 0.07735,
    "10": 0.0642,
    "11": 0.11333,
    "12": 0.1082,
    "13": 0.10965,
    "14": 0.10861,
    "15": 0.06639,
    "16": 0.06193,
    "17": 0.08681,
    "18": 0.11902,
    "19": 0.1727,
    "20": 0.17666,
    "21": 0.16682,
    "22": 0.14897,
    "23": 0.07617
  }
}