{
  "day": "2022-12-25",
  "data": {
    "0": 0.04611,
    "1": 0.04752,
    "2": 0.0492,
    "3": 0.05338,
    "4": 0.05557,
    "5": 0.05539,
    "6": 0.05455,
    "7": 0.05117,
    "8": 0.04871,
    "9": 0.05275,
    "10": 0.04559,
    "11": 0.04233,
    "12": 0.04262,
    "13": 0.04304,
    "14": 0.04377,
    "15": 0.0476,
    "16": 0.04791,
    "17": 0.06391,
    "18": 0.08266,
    "19": 0.08318,
    "20": 0.08716,
    "21": 0.08776,
    "22": 0.0892,
    "23": 0.08804
  }
}