{
  "day": "2022-12-26",
  "data": {
    "0": 0.11208,
    "1": 0.10648,
    "2": 0.10535,
    "3": 0.1029,
    "4": 0.10354,
    "5": 0.10817,
    "6": 0.10232,
    "7": 0.10248,
    "8": 0.13006,
    "9": 0.1282,
    "10": 0.1322,
    "11": 0.17792,
    "12": 0.17355,
    "13": 0.17353,
    "14": 0.17765,
    "15": 0.13441,
    "16": 0.15734,
    "17": 0.20607,
    "18": 0.2572,
    "19": 0.33096,
    "20": 0.2824,
    "21": 0.27105,
    "22": 0.28924,
    "23": 0.21508
  }
}