{
  "day": "2022-12-27",
  "data": {
    "0": 0.14274,
    "1": 0.1564,
    "2": 0.14627,
    "3": 0.13081,
    "4": 0.13152,
    "5": 0.15289,
    "6": 0.16404,
    "7": 0.17945,
    "8": 0.23712,
    "9": 0.23963,
    "10": 0.20339,
    "11": 0.20708,
    "12": 0.20685,
    "13": 0.20078,
    "14": 0.19185,
    "15": 0.15948,
    "16": 0.17925,
    "17": 0.24194,
    "18": 0.2498,
    "19": 0.29087,
    "20": 0.27662,
    "21": 0.2541,
    "22": 0.23141,
    "23": 0.17659
  }
}