{
  "day": "2022-12-30",
  "data": {
    "0": 0.03731,
    "1": 0.04178,
    "2": 0.04139,
    "3": 0.04336,
    "4": 0.04264,
    "5": 0.04291,
    "6": 0.04439,
    "7": 0.04052,
    "8": 0.05879,
    "9": 0.05963,
    "10": 0.05502,
    "11": 0.10298,
    "12": 0.10355,
    "13": 0.10319,
    "14": 0.10379,
    "15": 0.05596,
    "16": 0.05941,
    "17": 0.06213,
    "18": 0.07419,
    "19": 0.12156,
    "20": 0.11369,
    "21": 0.10212,
    "22": 0.1066,
    "23": 0.06115
  }
}