{
  "day": "2021-08-01",
  "data": {
    "0": 0.10624,
    "1": 0.10529,
    "2": 0.10084,
    "3": 0.10505,
    "4": 0.10581,
    "5": 0.10711,
    "6": 0.10748,
    "7": 0.10774,
    "8": 0.10705,
    "9": 0.09601,
    "10": 0.08897,
    "11": 0.08971,
    "12": 0.08962,
    "13": 0.09437,
    "14": 0.09712,
    "15": 0.08943,
    "16": 0.08842,
    "17": 0.08905,
    "18": 0.09363,
    "19": 0.10811,
    "20": 0.1295,
    "21": 0.13817,
    "22": 0.14057,
    "23": 0.13564
  }
}