{
  "day": "2021-08-02",
  "data": {
    "0": 0.13509,
    "1": 0.1347,
    "2": 0.13592,
    "3": 0.13415,
    "4": 0.13253,
    "5": 0.13356,
    "6": 0.13249,
    "7": 0.13526,
    "8": 0.16909,
    "9": 0.16717,
    "10": 0.16619,
    "11": 0.25952,
    "12": 0.25993,
    "13": 0.25968,
    "14": 0.25983,
    "15": 0.16531,
    "16": 0.16301,
    "17": 0.1649,
    "18": 0.16372,
    "19": 0.26588,
    "20": 0.26426,
    "21": 0.266,
    "22": 0.26499,
    "23": 0.1677
  }
}