{
  "day": "2021-08-04",
  "data": {
    "0": 0.1417,
    "1": 0.13459,
    "2": 0.12692,
    "3": 0.12253,
    "4": 0.12421,
    "5": 0.12774,
    "6": 0.13793,
    "7": 0.14058,
    "8": 0.17889,
    "9": 0.17705,
    "10": 0.17235,
    "11": 0.26507,
    "12": 0.26328,
    "13": 0.26016,
    "14": 0.25462,
    "15": 0.15184,
    "16": 0.14933,
    "17": 0.15741,
    "18": 0.16547,
    "19": 0.26189,
    "20": 0.27224,
    "21": 0.27792,
    "22": 0.2782,
    "23": 0.1838
  }
}