{
  "day": "2021-08-05",
  "data": {
    "0": 0.14192,
    "1": 0.13916,
    "2": 0.13713,
    "3": 0.13371,
    "4": 0.13274,
    "5": 0.13302,
    "6": 0.13446,
    "7": 0.13402,
    "8": 0.17557,
    "9": 0.17427,
    "10": 0.16971,
    "11": 0.25769,
    "12": 0.25614,
    "13": 0.25276,
    "14": 0.23691,
    "15": 0.13832,
    "16": 0.13784,
    "17": 0.1382,
    "18": 0.14644,
    "19": 0.25893,
    "20": 0.27374,
    "21": 0.27828,
    "22": 0.27855,
    "23": 0.18214
  }
}