{
  "day": "2021-08-09",
  "data": {
    "0": 0.14363,
    "1": 0.14111,
    "2": 0.13489,
    "3": 0.13428,
    "4": 0.13669,
    "5": 0.13973,
    "6": 0.14395,
    "7": 0.1428,
    "8": 0.17606,
    "9": 0.17298,
    "10": 0.17049,
    "11": 0.26235,
    "12": 0.26254,
    "13": 0.26254,
    "14": 0.26084,
    "15": 0.16118,
    "16": 0.1595,
    "17": 0.16368,
    "18": 0.16785,
    "19": 0.26627,
    "20": 0.27175,
    "21": 0.27444,
    "22": 0.27344,
    "23": 0.17819
  }
}