{
  "day": "2021-08-12",
  "data": {
    "0": 0.15051,
    "1": 0.14474,
    "2": 0.14287,
    "3": 0.13807,
    "4": 0.1364,
    "5": 0.13835,
    "6": 0.14731,
    "7": 0.15126,
    "8": 0.18554,
    "9": 0.18356,
    "10": 0.1791,
    "11": 0.2699,
    "12": 0.26775,
    "13": 0.26912,
    "14": 0.27078,
    "15": 0.17327,
    "16": 0.17034,
    "17": 0.17541,
    "18": 0.18933,
    "19": 0.28975,
    "20": 0.29296,
    "21": 0.29393,
    "22": 0.28813,
    "23": 0.18723
  }
}