{
  "day": "2021-08-13",
  "data": {
    "0": 0.15359,
    "1": 0.14946,
    "2": 0.14209,
    "3": 0.13871,
    "4": 0.1343,
    "5": 0.13774,
    "6": 0.14594,
    "7": 0.15023,
    "8": 0.18786,
    "9": 0.18437,
    "10": 0.18173,
    "11": 0.27478,
    "12": 0.27681,
    "13": 0.27687,
    "14": 0.27707,
    "15": 0.18262,
    "16": 0.1794,
    "17": 0.18252,
    "18": 0.18292,
    "19": 0.28047,
    "20": 0.29051,
    "21": 0.29355,
    "22": 0.29386,
    "23": 0.1955
  }
}