{
  "day": "2021-08-14",
  "data": {
    "0": 0.15992,
    "1": 0.15921,
    "2": 0.15535,
    "3": 0.15303,
    "4": 0.14955,
    "5": 0.14967,
    "6": 0.15204,
    "7": 0.15426,
    "8": 0.1526,
    "9": 0.14982,
    "10": 0.14772,
    "11": 0.14344,
    "12": 0.13483,
    "13": 0.13164,
    "14": 0.12142,
    "15": 0.11526,
    "16": 0.11444,
    "17": 0.11582,
    "18": 0.13483,
    "19": 0.15026,
    "20": 0.16057,
    "21": 0.16644,
    "22": 0.16643,
    "23": 0.16321
  }
}