{
  "day": "2021-08-15",
  "data": {
    "0": 0.1596,
    "1": 0.1578,
    "2": 0.15639,
    "3": 0.15609,
    "4": 0.15574,
    "5": 0.15574,
    "6": 0.15399,
    "7": 0.15019,
    "8": 0.14171,
    "9": 0.14258,
    "10": 0.13618,
    "11": 0.1341,
    "12": 0.12884,
    "13": 0.1343,
    "14": 0.12725,
    "15": 0.11578,
    "16": 0.11092,
    "17": 0.11069,
    "18": 0.11274,
    "19": 0.12501,
    "20": 0.15631,
    "21": 0.15833,
    "22": 0.1593,
    "23": 0.15807
  }
}