{
  "day": "2021-08-16",
  "data": {
    "0": 0.13951,
    "1": 0.12843,
    "2": 0.12555,
    "3": 0.1262,
    "4": 0.12515,
    "5": 0.12367,
    "6": 0.12585,
    "7": 0.12486,
    "8": 0.15799,
    "9": 0.15261,
    "10": 0.14747,
    "11": 0.23982,
    "12": 0.23993,
    "13": 0.23962,
    "14": 0.2407,
    "15": 0.14626,
    "16": 0.14455,
    "17": 0.14446,
    "18": 0.14535,
    "19": 0.24217,
    "20": 0.25739,
    "21": 0.27673,
    "22": 0.27303,
    "23": 0.16601
  }
}