{
  "day": "2021-08-21",
  "data": {
    "0": 0.1514,
    "1": 0.14951,
    "2": 0.14667,
    "3": 0.14206,
    "4": 0.1368,
    "5": 0.14212,
    "6": 0.1466,
    "7": 0.1478,
    "8": 0.14647,
    "9": 0.14385,
    "10": 0.14136,
    "11": 0.13555,
    "12": 0.13155,
    "13": 0.1325,
    "14": 0.12771,
    "15": 0.11851,
    "16": 0.11817,
    "17": 0.12263,
    "18": 0.13704,
    "19": 0.14569,
    "20": 0.1527,
    "21": 0.15769,
    "22": 0.15383,
    "23": 0.1505
  }
}