{
  "day": "2021-08-23",
  "data": {
    "0": 0.12257,
    "1": 0.12007,
    "2": 0.11986,
    "3": 0.11995,
    "4": 0.11998,
    "5": 0.12002,
    "6": 0.12438,
    "7": 0.14325,
    "8": 0.18044,
    "9": 0.17757,
    "10": 0.16943,
    "11": 0.25871,
    "12": 0.25446,
    "13": 0.24792,
    "14": 0.25077,
    "15": 0.15585,
    "16": 0.15236,
    "17": 0.15718,
    "18": 0.16949,
    "19": 0.27554,
    "20": 0.27667,
    "21": 0.2787,
    "22": 0.27746,
    "23": 0.16949
  }
}