{
  "day": "2021-08-25",
  "data": {
    "0": 0.14567,
    "1": 0.14104,
    "2": 0.1388,
    "3": 0.1363,
    "4": 0.13864,
    "5": 0.14541,
    "6": 0.14979,
    "7": 0.14823,
    "8": 0.18312,
    "9": 0.18225,
    "10": 0.18029,
    "11": 0.27287,
    "12": 0.27333,
    "13": 0.27367,
    "14": 0.27445,
    "15": 0.18063,
    "16": 0.1807,
    "17": 0.18093,
    "18": 0.18243,
    "19": 0.27943,
    "20": 0.28651,
    "21": 0.29267,
    "22": 0.28734,
    "23": 0.18854
  }
}