{
  "day": "2021-08-28",
  "data": {
    "0": 0.16188,
    "1": 0.16063,
    "2": 0.15787,
    "3": 0.15715,
    "4": 0.15225,
    "5": 0.15074,
    "6": 0.15311,
    "7": 0.15425,
    "8": 0.15357,
    "9": 0.15234,
    "10": 0.13779,
    "11": 0.12178,
    "12": 0.12014,
    "13": 0.12379,
    "14": 0.12122,
    "15": 0.11831,
    "16": 0.1158,
    "17": 0.11481,
    "18": 0.12487,
    "19": 0.12721,
    "20": 0.15397,
    "21": 0.16192,
    "22": 0.16041,
    "23": 0.15455
  }
}