{
  "day": "2021-08-31",
  "data": {
    "0": 0.16626,
    "1": 0.16482,
    "2": 0.16378,
    "3": 0.1599,
    "4": 0.16061,
    "5": 0.16226,
    "6": 0.16637,
    "7": 0.16632,
    "8": 0.20491,
    "9": 0.20207,
    "10": 0.19682,
    "11": 0.28702,
    "12": 0.28686,
    "13": 0.28741,
    "14": 0.2877,
    "15": 0.18841,
    "16": 0.18802,
    "17": 0.19371,
    "18": 0.19615,
    "19": 0.29554,
    "20": 0.29809,
    "21": 0.30119,
    "22": 0.29781,
    "23": 0.20251
  }
}