{
  "day": "2026-04-01",
  "data": {
    "0": 0.07933,
    "1": 0.07937,
    "2": 0.08302,
    "3": 0.08381,
    "4": 0.0834,
    "5": 0.08371,
    "6": 0.0801,
    "7": 0.08631,
    "8": 0.10717,
    "9": 0.10566,
    "10": 0.17389,
    "11": 0.17551,
    "12": 0.17804,
    "13": 0.17766,
    "14": 0.10922,
    "15": 0.11004,
    "16": 0.11107,
    "17": 0.1127,
    "18": 0.18175,
    "19": 0.17798,
    "20": 0.18553,
    "21": 0.19992,
    "22": 0.11596,
    "23": 0.10979
  }
}