{
  "day": "2026-04-02",
  "data": {
    "0": 0.08188,
    "1": 0.08132,
    "2": 0.08213,
    "3": 0.08306,
    "4": 0.08424,
    "5": 0.08368,
    "6": 0.08314,
    "7": 0.08327,
    "8": 0.10592,
    "9": 0.10921,
    "10": 0.17419,
    "11": 0.17443,
    "12": 0.17573,
    "13": 0.17492,
    "14": 0.10715,
    "15": 0.11143,
    "16": 0.11265,
    "17": 0.11434,
    "18": 0.18386,
    "19": 0.17593,
    "20": 0.17568,
    "21": 0.19667,
    "22": 0.12257,
    "23": 0.10829
  }
}