{
  "day": "2026-04-05",
  "data": {
    "0": 0.11715,
    "1": 0.11005,
    "2": 0.11371,
    "3": 0.11482,
    "4": 0.11618,
    "5": 0.11216,
    "6": 0.11107,
    "7": 0.11307,
    "8": 0.15364,
    "9": 0.08647,
    "10": 0.07335,
    "11": 0.06595,
    "12": 0.06428,
    "13": 0.06542,
    "14": 0.06533,
    "15": 0.06694,
    "16": 0.06839,
    "17": 0.07216,
    "18": 0.06981,
    "19": 0.07862,
    "20": 0.11804,
    "21": 0.1468,
    "22": 0.14596,
    "23": 0.12294
  }
}