{
  "day": "2026-04-08",
  "data": {
    "0": 0.10346,
    "1": 0.09449,
    "2": 0.09816,
    "3": 0.09636,
    "4": 0.09688,
    "5": 0.09873,
    "6": 0.12404,
    "7": 0.16354,
    "8": 0.20633,
    "9": 0.1485,
    "10": 0.18447,
    "11": 0.15512,
    "12": 0.13718,
    "13": 0.12751,
    "14": 0.05757,
    "15": 0.05581,
    "16": 0.05816,
    "17": 0.07111,
    "18": 0.18339,
    "19": 0.23922,
    "20": 0.29172,
    "21": 0.3012,
    "22": 0.20993,
    "23": 0.18066
  }
}