{
  "day": "2026-04-09",
  "data": {
    "0": 0.14293,
    "1": 0.13966,
    "2": 0.12367,
    "3": 0.11911,
    "4": 0.1174,
    "5": 0.12366,
    "6": 0.14775,
    "7": 0.19486,
    "8": 0.19157,
    "9": 0.14664,
    "10": 0.15762,
    "11": 0.12867,
    "12": 0.12839,
    "13": 0.12798,
    "14": 0.05977,
    "15": 0.06008,
    "16": 0.06182,
    "17": 0.06116,
    "18": 0.14426,
    "19": 0.19517,
    "20": 0.22246,
    "21": 0.22816,
    "22": 0.13884,
    "23": 0.13113
  }
}