{
  "day": "2026-04-10",
  "data": {
    "0": 0.08862,
    "1": 0.08007,
    "2": 0.08306,
    "3": 0.08391,
    "4": 0.08454,
    "5": 0.08783,
    "6": 0.11481,
    "7": 0.16114,
    "8": 0.18905,
    "9": 0.13555,
    "10": 0.15484,
    "11": 0.13791,
    "12": 0.13616,
    "13": 0.13594,
    "14": 0.06807,
    "15": 0.06626,
    "16": 0.06687,
    "17": 0.0733,
    "18": 0.17857,
    "19": 0.23131,
    "20": 0.27427,
    "21": 0.27485,
    "22": 0.19122,
    "23": 0.17591
  }
}