{
  "day": "2026-04-13",
  "data": {
    "0": 0.09403,
    "1": 0.08527,
    "2": 0.08237,
    "3": 0.07911,
    "4": 0.07654,
    "5": 0.08052,
    "6": 0.08295,
    "7": 0.11466,
    "8": 0.11143,
    "9": 0.09099,
    "10": 0.15713,
    "11": 0.1571,
    "12": 0.15814,
    "13": 0.15809,
    "14": 0.09029,
    "15": 0.09165,
    "16": 0.09346,
    "17": 0.09285,
    "18": 0.16567,
    "19": 0.18988,
    "20": 0.24293,
    "21": 0.26535,
    "22": 0.18946,
    "23": 0.16534
  }
}