{
  "day": "2026-04-16",
  "data": {
    "0": 0.12277,
    "1": 0.11808,
    "2": 0.11945,
    "3": 0.11983,
    "4": 0.12122,
    "5": 0.12389,
    "6": 0.1407,
    "7": 0.172,
    "8": 0.2013,
    "9": 0.15363,
    "10": 0.14912,
    "11": 0.11291,
    "12": 0.11264,
    "13": 0.1127,
    "14": 0.04415,
    "15": 0.04327,
    "16": 0.04349,
    "17": 0.04358,
    "18": 0.15886,
    "19": 0.22885,
    "20": 0.26304,
    "21": 0.27661,
    "22": 0.20582,
    "23": 0.19217
  }
}