{
  "day": "2026-04-17",
  "data": {
    "0": 0.15346,
    "1": 0.14894,
    "2": 0.14287,
    "3": 0.13595,
    "4": 0.13466,
    "5": 0.14135,
    "6": 0.14862,
    "7": 0.16367,
    "8": 0.18614,
    "9": 0.13417,
    "10": 0.1339,
    "11": 0.11064,
    "12": 0.11049,
    "13": 0.11047,
    "14": 0.04204,
    "15": 0.04123,
    "16": 0.04156,
    "17": 0.04185,
    "18": 0.16254,
    "19": 0.21878,
    "20": 0.25339,
    "21": 0.26297,
    "22": 0.18788,
    "23": 0.17309
  }
}