{
  "day": "2026-04-18",
  "data": {
    "0": 0.1445,
    "1": 0.14038,
    "2": 0.12959,
    "3": 0.12392,
    "4": 0.12225,
    "5": 0.1244,
    "6": 0.13103,
    "7": 0.13308,
    "8": 0.11449,
    "9": 0.0535,
    "10": 0.03562,
    "11": 0.03319,
    "12": 0.03329,
    "13": 0.03219,
    "14": 0.03247,
    "15": 0.03443,
    "16": 0.0355,
    "17": 0.03407,
    "18": 0.04088,
    "19": 0.07985,
    "20": 0.13754,
    "21": 0.14871,
    "22": 0.13375,
    "23": 0.13504
  }
}