{
  "day": "2026-04-21",
  "data": {
    "0": 0.12813,
    "1": 0.1233,
    "2": 0.12099,
    "3": 0.11922,
    "4": 0.11723,
    "5": 0.1174,
    "6": 0.11859,
    "7": 0.12822,
    "8": 0.1434,
    "9": 0.0988,
    "10": 0.13312,
    "11": 0.12898,
    "12": 0.12932,
    "13": 0.12895,
    "14": 0.06067,
    "15": 0.06126,
    "16": 0.06175,
    "17": 0.06157,
    "18": 0.13541,
    "19": 0.17611,
    "20": 0.23159,
    "21": 0.24412,
    "22": 0.16823,
    "23": 0.1576
  }
}