{
  "day": "2026-04-22",
  "data": {
    "0": 0.12243,
    "1": 0.11573,
    "2": 0.11509,
    "3": 0.11664,
    "4": 0.11532,
    "5": 0.11603,
    "6": 0.12196,
    "7": 0.14643,
    "8": 0.16475,
    "9": 0.10806,
    "10": 0.1296,
    "11": 0.12539,
    "12": 0.1259,
    "13": 0.1254,
    "14": 0.05681,
    "15": 0.05644,
    "16": 0.05733,
    "17": 0.05603,
    "18": 0.13067,
    "19": 0.17993,
    "20": 0.24188,
    "21": 0.26581,
    "22": 0.18066,
    "23": 0.16583
  }
}