{
  "day": "2026-04-25",
  "data": {
    "0": 0.13167,
    "1": 0.13041,
    "2": 0.13209,
    "3": 0.13341,
    "4": 0.13386,
    "5": 0.13348,
    "6": 0.13249,
    "7": 0.13537,
    "8": 0.12554,
    "9": 0.05014,
    "10": 0.03162,
    "11": 0.02796,
    "12": 0.02801,
    "13": 0.02778,
    "14": 0.02842,
    "15": 0.02934,
    "16": 0.02987,
    "17": 0.0309,
    "18": 0.0459,
    "19": 0.08909,
    "20": 0.11978,
    "21": 0.1375,
    "22": 0.13608,
    "23": 0.1322
  }
}