{
  "day": "2026-04-27",
  "data": {
    "0": 0.13214,
    "1": 0.12935,
    "2": 0.11683,
    "3": 0.11217,
    "4": 0.10749,
    "5": 0.1217,
    "6": 0.13858,
    "7": 0.1516,
    "8": 0.15777,
    "9": 0.09031,
    "10": 0.12793,
    "11": 0.12737,
    "12": 0.12783,
    "13": 0.12701,
    "14": 0.05909,
    "15": 0.05989,
    "16": 0.06037,
    "17": 0.06026,
    "18": 0.13862,
    "19": 0.20398,
    "20": 0.22791,
    "21": 0.2415,
    "22": 0.16282,
    "23": 0.15678
  }
}