{
  "day": "2026-04-29",
  "data": {
    "0": 0.1184,
    "1": 0.11221,
    "2": 0.11257,
    "3": 0.11221,
    "4": 0.11292,
    "5": 0.11436,
    "6": 0.12872,
    "7": 0.13882,
    "8": 0.1658,
    "9": 0.15258,
    "10": 0.20996,
    "11": 0.17833,
    "12": 0.15379,
    "13": 0.13854,
    "14": 0.06166,
    "15": 0.05225,
    "16": 0.0564,
    "17": 0.07069,
    "18": 0.15376,
    "19": 0.19856,
    "20": 0.23161,
    "21": 0.24859,
    "22": 0.17075,
    "23": 0.16336
  }
}