{
  "day": "2026-04-30",
  "data": {
    "0": 0.12837,
    "1": 0.13019,
    "2": 0.12983,
    "3": 0.12909,
    "4": 0.132,
    "5": 0.13021,
    "6": 0.14167,
    "7": 0.16026,
    "8": 0.16961,
    "9": 0.11905,
    "10": 0.1281,
    "11": 0.11519,
    "12": 0.11513,
    "13": 0.11513,
    "14": 0.04666,
    "15": 0.04625,
    "16": 0.04714,
    "17": 0.05011,
    "18": 0.14598,
    "19": 0.21084,
    "20": 0.26072,
    "21": 0.27871,
    "22": 0.202,
    "23": 0.1881
  }
}