{
  "day": "2026-07-02",
  "data": {
    "0": 0.15201,
    "1": 0.13793,
    "2": 0.13334,
    "3": 0.11722,
    "4": 0.11121,
    "5": 0.11545,
    "6": 0.12252,
    "7": 0.13661,
    "8": 0.12355,
    "9": 0.0755,
    "10": 0.06723,
    "11": 0.13665,
    "12": 0.13644,
    "13": 0.13615,
    "14": 0.13733,
    "15": 0.06847,
    "16": 0.0687,
    "17": 0.06816,
    "18": 0.06944,
    "19": 0.15225,
    "20": 0.22542,
    "21": 0.27384,
    "22": 0.27652,
    "23": 0.19283
  }
}