{
  "day": "2026-07-03",
  "data": {
    "0": 0.14024,
    "1": 0.12635,
    "2": 0.1245,
    "3": 0.12404,
    "4": 0.12394,
    "5": 0.12575,
    "6": 0.13863,
    "7": 0.13013,
    "8": 0.10821,
    "9": 0.07264,
    "10": 0.07323,
    "11": 0.14268,
    "12": 0.14233,
    "13": 0.1412,
    "14": 0.14034,
    "15": 0.07141,
    "16": 0.0714,
    "17": 0.07145,
    "18": 0.07211,
    "19": 0.16498,
    "20": 0.23924,
    "21": 0.2755,
    "22": 0.28105,
    "23": 0.2
  }
}