{
  "day": "2026-07-04",
  "data": {
    "0": 0.17547,
    "1": 0.15782,
    "2": 0.1302,
    "3": 0.12189,
    "4": 0.12178,
    "5": 0.12116,
    "6": 0.12643,
    "7": 0.11643,
    "8": 0.06205,
    "9": 0.04274,
    "10": 0.04161,
    "11": 0.04257,
    "12": 0.04188,
    "13": 0.04163,
    "14": 0.04133,
    "15": 0.0416,
    "16": 0.04215,
    "17": 0.04342,
    "18": 0.0471,
    "19": 0.079,
    "20": 0.1483,
    "21": 0.1778,
    "22": 0.18729,
    "23": 0.17348
  }
}