{
  "day": "2026-07-06",
  "data": {
    "0": 0.15674,
    "1": 0.15163,
    "2": 0.15113,
    "3": 0.15258,
    "4": 0.15405,
    "5": 0.1578,
    "6": 0.17744,
    "7": 0.17871,
    "8": 0.1691,
    "9": 0.12567,
    "10": 0.09422,
    "11": 0.14435,
    "12": 0.12718,
    "13": 0.1416,
    "14": 0.14935,
    "15": 0.08175,
    "16": 0.09754,
    "17": 0.11359,
    "18": 0.13432,
    "19": 0.25165,
    "20": 0.28288,
    "21": 0.30227,
    "22": 0.29974,
    "23": 0.21344
  }
}