{
  "day": "2026-07-10",
  "data": {
    "0": 0.16842,
    "1": 0.16065,
    "2": 0.16363,
    "3": 0.16829,
    "4": 0.16678,
    "5": 0.16582,
    "6": 0.16868,
    "7": 0.18034,
    "8": 0.18161,
    "9": 0.16083,
    "10": 0.1334,
    "11": 0.1854,
    "12": 0.16245,
    "13": 0.13986,
    "14": 0.14358,
    "15": 0.09504,
    "16": 0.10505,
    "17": 0.11572,
    "18": 0.12958,
    "19": 0.22638,
    "20": 0.27756,
    "21": 0.30131,
    "22": 0.30458,
    "23": 0.22218
  }
}