{
  "day": "2026-07-12",
  "data": {
    "0": 0.17851,
    "1": 0.17325,
    "2": 0.16644,
    "3": 0.17788,
    "4": 0.16841,
    "5": 0.16715,
    "6": 0.16893,
    "7": 0.16996,
    "8": 0.11002,
    "9": 0.03199,
    "10": 0.02696,
    "11": 0.02907,
    "12": 0.02796,
    "13": 0.02681,
    "14": 0.02817,
    "15": 0.02859,
    "16": 0.03138,
    "17": 0.03271,
    "18": 0.04197,
    "19": 0.1038,
    "20": 0.17082,
    "21": 0.20158,
    "22": 0.20877,
    "23": 0.20467
  }
}