{
  "day": "2026-07-13",
  "data": {
    "0": 0.1503,
    "1": 0.14724,
    "2": 0.1568,
    "3": 0.15787,
    "4": 0.15606,
    "5": 0.16066,
    "6": 0.17797,
    "7": 0.19307,
    "8": 0.19532,
    "9": 0.15246,
    "10": 0.12755,
    "11": 0.17455,
    "12": 0.1601,
    "13": 0.1479,
    "14": 0.1618,
    "15": 0.10412,
    "16": 0.10962,
    "17": 0.12338,
    "18": 0.14514,
    "19": 0.24377,
    "20": 0.28079,
    "21": 0.32626,
    "22": 0.33803,
    "23": 0.24595
  }
}