{
  "day": "2026-07-14",
  "data": {
    "0": 0.17255,
    "1": 0.17104,
    "2": 0.16697,
    "3": 0.16654,
    "4": 0.16439,
    "5": 0.16689,
    "6": 0.1961,
    "7": 0.19923,
    "8": 0.1799,
    "9": 0.15429,
    "10": 0.13136,
    "11": 0.18443,
    "12": 0.17743,
    "13": 0.16565,
    "14": 0.16741,
    "15": 0.09459,
    "16": 0.10513,
    "17": 0.11992,
    "18": 0.12019,
    "19": 0.22826,
    "20": 0.27854,
    "21": 0.3051,
    "22": 0.3095,
    "23": 0.23394
  }
}