{
  "day": "2026-07-15",
  "data": {
    "0": 0.16744,
    "1": 0.16289,
    "2": 0.1607,
    "3": 0.17045,
    "4": 0.17028,
    "5": 0.17072,
    "6": 0.18146,
    "7": 0.18614,
    "8": 0.1904,
    "9": 0.16612,
    "10": 0.14177,
    "11": 0.19688,
    "12": 0.19478,
    "13": 0.18943,
    "14": 0.19143,
    "15": 0.12773,
    "16": 0.12786,
    "17": 0.12929,
    "18": 0.13602,
    "19": 0.23654,
    "20": 0.28606,
    "21": 0.32694,
    "22": 0.32516,
    "23": 0.24231
  }
}