{
  "day": "2026-07-17",
  "data": {
    "0": 0.18133,
    "1": 0.17572,
    "2": 0.17009,
    "3": 0.1703,
    "4": 0.16997,
    "5": 0.17165,
    "6": 0.18736,
    "7": 0.19384,
    "8": 0.19506,
    "9": 0.16525,
    "10": 0.14324,
    "11": 0.20813,
    "12": 0.20393,
    "13": 0.20197,
    "14": 0.20075,
    "15": 0.13166,
    "16": 0.1325,
    "17": 0.13289,
    "18": 0.14574,
    "19": 0.24371,
    "20": 0.28424,
    "21": 0.29706,
    "22": 0.29585,
    "23": 0.21457
  }
}