{
  "day": "2026-07-20",
  "data": {
    "0": 0.17543,
    "1": 0.17131,
    "2": 0.17121,
    "3": 0.17157,
    "4": 0.17163,
    "5": 0.17759,
    "6": 0.19904,
    "7": 0.2055,
    "8": 0.20218,
    "9": 0.15735,
    "10": 0.12984,
    "11": 0.18663,
    "12": 0.18188,
    "13": 0.17911,
    "14": 0.17512,
    "15": 0.09199,
    "16": 0.0896,
    "17": 0.10959,
    "18": 0.13891,
    "19": 0.249,
    "20": 0.28763,
    "21": 0.30694,
    "22": 0.30558,
    "23": 0.22248
  }
}