{
  "day": "2026-07-21",
  "data": {
    "0": 0.18211,
    "1": 0.1699,
    "2": 0.17084,
    "3": 0.17171,
    "4": 0.17079,
    "5": 0.17151,
    "6": 0.18882,
    "7": 0.19502,
    "8": 0.19872,
    "9": 0.16523,
    "10": 0.13381,
    "11": 0.18468,
    "12": 0.18216,
    "13": 0.18171,
    "14": 0.1804,
    "15": 0.11038,
    "16": 0.11301,
    "17": 0.12354,
    "18": 0.15206,
    "19": 0.2627,
    "20": 0.28548,
    "21": 0.30041,
    "22": 0.3008,
    "23": 0.22488
  }
}