{
  "day": "2026-07-23",
  "data": {
    "0": 0.20544,
    "1": 0.19578,
    "2": 0.18836,
    "3": 0.18802,
    "4": 0.18811,
    "5": 0.18827,
    "6": 0.20896,
    "7": 0.21105,
    "8": 0.20403,
    "9": 0.16828,
    "10": 0.13528,
    "11": 0.1766,
    "12": 0.13664,
    "13": 0.1343,
    "14": 0.13791,
    "15": 0.06719,
    "16": 0.06887,
    "17": 0.11081,
    "18": 0.14923,
    "19": 0.27289,
    "20": 0.30766,
    "21": 0.39319,
    "22": 0.37109,
    "23": 0.26304
  }
}