{
  "day": "2026-07-24",
  "data": {
    "0": 0.2097,
    "1": 0.20702,
    "2": 0.20897,
    "3": 0.20741,
    "4": 0.20435,
    "5": 0.19684,
    "6": 0.2089,
    "7": 0.21096,
    "8": 0.23575,
    "9": 0.17491,
    "10": 0.11927,
    "11": 0.12061,
    "12": 0.11042,
    "13": 0.10923,
    "14": 0.10881,
    "15": 0.03974,
    "16": 0.0402,
    "17": 0.0434,
    "18": 0.06177,
    "19": 0.2033,
    "20": 0.28218,
    "21": 0.31486,
    "22": 0.31795,
    "23": 0.24017
  }
}