{
  "day": "2023-10-04",
  "data": {
    "0": 0.11923,
    "1": 0.11966,
    "2": 0.1215,
    "3": 0.12389,
    "4": 0.12811,
    "5": 0.12999,
    "6": 0.15678,
    "7": 0.16206,
    "8": 0.19555,
    "9": 0.18609,
    "10": 0.15115,
    "11": 0.18589,
    "12": 0.18482,
    "13": 0.18461,
    "14": 0.18637,
    "15": 0.14063,
    "16": 0.14543,
    "17": 0.15444,
    "18": 0.1707,
    "19": 0.23852,
    "20": 0.25034,
    "21": 0.24071,
    "22": 0.23683,
    "23": 0.1868
  }
}