{
  "day": "2023-10-07",
  "data": {
    "0": 0.15309,
    "1": 0.15096,
    "2": 0.13691,
    "3": 0.13671,
    "4": 0.13664,
    "5": 0.13753,
    "6": 0.14759,
    "7": 0.15119,
    "8": 0.14901,
    "9": 0.13252,
    "10": 0.12122,
    "11": 0.11284,
    "12": 0.09453,
    "13": 0.10701,
    "14": 0.10394,
    "15": 0.08883,
    "16": 0.10734,
    "17": 0.12627,
    "18": 0.13681,
    "19": 0.15615,
    "20": 0.16221,
    "21": 0.16175,
    "22": 0.15904,
    "23": 0.15857
  }
}