{
  "day": "2023-10-08",
  "data": {
    "0": 0.1624,
    "1": 0.16039,
    "2": 0.15762,
    "3": 0.16265,
    "4": 0.1571,
    "5": 0.15725,
    "6": 0.15707,
    "7": 0.15994,
    "8": 0.15514,
    "9": 0.14306,
    "10": 0.12333,
    "11": 0.10832,
    "12": 0.10093,
    "13": 0.08344,
    "14": 0.08292,
    "15": 0.10173,
    "16": 0.11408,
    "17": 0.12307,
    "18": 0.15322,
    "19": 0.17966,
    "20": 0.17025,
    "21": 0.16719,
    "22": 0.16312,
    "23": 0.15537
  }
}