{
  "day": "2023-10-09",
  "data": {
    "0": 0.16651,
    "1": 0.16743,
    "2": 0.16355,
    "3": 0.16399,
    "4": 0.16367,
    "5": 0.16359,
    "6": 0.16574,
    "7": 0.16918,
    "8": 0.20143,
    "9": 0.18635,
    "10": 0.17157,
    "11": 0.21016,
    "12": 0.20419,
    "13": 0.19757,
    "14": 0.20044,
    "15": 0.15229,
    "16": 0.1644,
    "17": 0.17083,
    "18": 0.19111,
    "19": 0.25276,
    "20": 0.30146,
    "21": 0.24169,
    "22": 0.24114,
    "23": 0.18634
  }
}