{
  "day": "2023-10-10",
  "data": {
    "0": 0.16969,
    "1": 0.16496,
    "2": 0.16496,
    "3": 0.16562,
    "4": 0.1659,
    "5": 0.16567,
    "6": 0.16401,
    "7": 0.1908,
    "8": 0.23084,
    "9": 0.20134,
    "10": 0.18059,
    "11": 0.20933,
    "12": 0.20571,
    "13": 0.20478,
    "14": 0.20864,
    "15": 0.16287,
    "16": 0.16441,
    "17": 0.17868,
    "18": 0.19181,
    "19": 0.25328,
    "20": 0.27009,
    "21": 0.26036,
    "22": 0.24869,
    "23": 0.19109
  }
}