{
  "day": "2023-10-12",
  "data": {
    "0": 0.17478,
    "1": 0.17663,
    "2": 0.17604,
    "3": 0.17658,
    "4": 0.1748,
    "5": 0.17465,
    "6": 0.17265,
    "7": 0.17704,
    "8": 0.17905,
    "9": 0.17785,
    "10": 0.17171,
    "11": 0.13575,
    "12": 0.13111,
    "13": 0.12934,
    "14": 0.12818,
    "15": 0.12679,
    "16": 0.12888,
    "17": 0.13843,
    "18": 0.17606,
    "19": 0.18266,
    "20": 0.19614,
    "21": 0.17958,
    "22": 0.178,
    "23": 0.17318
  }
}