{
  "day": "2023-10-13",
  "data": {
    "0": 0.17423,
    "1": 0.17423,
    "2": 0.17218,
    "3": 0.15354,
    "4": 0.15102,
    "5": 0.15314,
    "6": 0.17264,
    "7": 0.17627,
    "8": 0.21547,
    "9": 0.19831,
    "10": 0.18047,
    "11": 0.20191,
    "12": 0.20106,
    "13": 0.19755,
    "14": 0.19946,
    "15": 0.15425,
    "16": 0.16062,
    "17": 0.19819,
    "18": 0.19969,
    "19": 0.25325,
    "20": 0.26247,
    "21": 0.25281,
    "22": 0.25257,
    "23": 0.20533
  }
}