{
  "day": "2023-10-14",
  "data": {
    "0": 0.18689,
    "1": 0.18854,
    "2": 0.18941,
    "3": 0.19004,
    "4": 0.1894,
    "5": 0.18852,
    "6": 0.18729,
    "7": 0.18349,
    "8": 0.18397,
    "9": 0.17565,
    "10": 0.17418,
    "11": 0.17686,
    "12": 0.17593,
    "13": 0.17529,
    "14": 0.16817,
    "15": 0.15025,
    "16": 0.14799,
    "17": 0.1609,
    "18": 0.18088,
    "19": 0.188,
    "20": 0.18742,
    "21": 0.18183,
    "22": 0.18115,
    "23": 0.18219
  }
}