{
  "day": "2023-10-19",
  "data": {
    "0": 0.05639,
    "1": 0.03624,
    "2": 0.03757,
    "3": 0.03976,
    "4": 0.03989,
    "5": 0.04198,
    "6": 0.09112,
    "7": 0.10857,
    "8": 0.15827,
    "9": 0.15788,
    "10": 0.15623,
    "11": 0.20253,
    "12": 0.20377,
    "13": 0.20374,
    "14": 0.20501,
    "15": 0.15994,
    "16": 0.16179,
    "17": 0.16053,
    "18": 0.15396,
    "19": 0.19997,
    "20": 0.20511,
    "21": 0.20268,
    "22": 0.18409,
    "23": 0.12688
  }
}