{
  "day": "2023-10-20",
  "data": {
    "0": 0.07215,
    "1": 0.03691,
    "2": 0.03657,
    "3": 0.03868,
    "4": 0.03873,
    "5": 0.03793,
    "6": 0.03558,
    "7": 0.05271,
    "8": 0.09626,
    "9": 0.0906,
    "10": 0.05716,
    "11": 0.10188,
    "12": 0.10114,
    "13": 0.10105,
    "14": 0.09828,
    "15": 0.0532,
    "16": 0.05534,
    "17": 0.05751,
    "18": 0.08645,
    "19": 0.15572,
    "20": 0.18247,
    "21": 0.18085,
    "22": 0.17909,
    "23": 0.11931
  }
}