{
  "day": "2023-10-25",
  "data": {
    "0": 0.10858,
    "1": 0.10622,
    "2": 0.10526,
    "3": 0.10418,
    "4": 0.08562,
    "5": 0.10172,
    "6": 0.10611,
    "7": 0.12619,
    "8": 0.17193,
    "9": 0.15794,
    "10": 0.13012,
    "11": 0.16647,
    "12": 0.14661,
    "13": 0.13472,
    "14": 0.11874,
    "15": 0.0708,
    "16": 0.09555,
    "17": 0.12744,
    "18": 0.14643,
    "19": 0.20702,
    "20": 0.21947,
    "21": 0.21574,
    "22": 0.20733,
    "23": 0.1525
  }
}