{
  "day": "2023-10-26",
  "data": {
    "0": 0.09023,
    "1": 0.08011,
    "2": 0.07627,
    "3": 0.07807,
    "4": 0.07719,
    "5": 0.07725,
    "6": 0.09407,
    "7": 0.11008,
    "8": 0.14263,
    "9": 0.13875,
    "10": 0.13308,
    "11": 0.15911,
    "12": 0.14743,
    "13": 0.13696,
    "14": 0.13427,
    "15": 0.07626,
    "16": 0.09018,
    "17": 0.09905,
    "18": 0.11312,
    "19": 0.15901,
    "20": 0.18186,
    "21": 0.18095,
    "22": 0.18272,
    "23": 0.1185
  }
}