{
  "day": "2023-10-27",
  "data": {
    "0": 0.05538,
    "1": 0.04433,
    "2": 0.03725,
    "3": 0.03949,
    "4": 0.03961,
    "5": 0.03898,
    "6": 0.05975,
    "7": 0.07698,
    "8": 0.11128,
    "9": 0.10206,
    "10": 0.08335,
    "11": 0.10184,
    "12": 0.10143,
    "13": 0.10112,
    "14": 0.10132,
    "15": 0.05634,
    "16": 0.05517,
    "17": 0.06769,
    "18": 0.09951,
    "19": 0.17209,
    "20": 0.20752,
    "21": 0.18164,
    "22": 0.16801,
    "23": 0.10726
  }
}