{
  "day": "2023-10-28",
  "data": {
    "0": 0.04933,
    "1": 0.03914,
    "2": 0.04104,
    "3": 0.04177,
    "4": 0.04243,
    "5": 0.04256,
    "6": 0.04185,
    "7": 0.03967,
    "8": 0.04042,
    "9": 0.03007,
    "10": 0.02876,
    "11": 0.0271,
    "12": 0.02561,
    "13": 0.02442,
    "14": 0.02383,
    "15": 0.02687,
    "16": 0.02723,
    "17": 0.03205,
    "18": 0.02936,
    "19": 0.04413,
    "20": 0.05168,
    "21": 0.04671,
    "22": 0.04054,
    "23": 0.02597
  }
}