{
  "day": "2023-10-29",
  "data": {
    "0": 0.04105,
    "1": 0.03974,
    "2": 0.03998,
    "3": 0.04093,
    "4": 0.03996,
    "5": 0.04036,
    "6": 0.04018,
    "7": 0.03928,
    "8": 0.03807,
    "9": 0.03844,
    "10": 0.03958,
    "11": 0.0369,
    "12": 0.0346,
    "13": 0.03482,
    "14": 0.0352,
    "15": 0.03698,
    "16": 0.04089,
    "17": 0.04221,
    "18": 0.054,
    "19": 0.06792,
    "20": 0.10371,
    "21": 0.10212,
    "22": 0.09438,
    "23": 0.06674,
    "24": 0.06228
  }
}