{
  "day": "2023-10-31",
  "data": {
    "0": 0.10276,
    "1": 0.10241,
    "2": 0.10847,
    "3": 0.11068,
    "4": 0.1124,
    "5": 0.12049,
    "6": 0.13768,
    "7": 0.15264,
    "8": 0.1991,
    "9": 0.17813,
    "10": 0.16652,
    "11": 0.2101,
    "12": 0.20691,
    "13": 0.20638,
    "14": 0.21817,
    "15": 0.18629,
    "16": 0.2069,
    "17": 0.24088,
    "18": 0.24492,
    "19": 0.27011,
    "20": 0.24056,
    "21": 0.23133,
    "22": 0.21378,
    "23": 0.14088
  }
}