{
  "day": "2023-06-04",
  "data": {
    "0": 0.12806,
    "1": 0.12663,
    "2": 0.12823,
    "3": 0.12929,
    "4": 0.12662,
    "5": 0.12444,
    "6": 0.1196,
    "7": 0.11758,
    "8": 0.10669,
    "9": 0.08994,
    "10": 0.05519,
    "11": 0.05354,
    "12": 0.05389,
    "13": 0.06996,
    "14": 0.07011,
    "15": 0.05975,
    "16": 0.06053,
    "17": 0.07794,
    "18": 0.11614,
    "19": 0.11861,
    "20": 0.12346,
    "21": 0.13298,
    "22": 0.13797,
    "23": 0.12877
  }
}