{
  "day": "2023-06-07",
  "data": {
    "0": 0.11485,
    "1": 0.10814,
    "2": 0.10711,
    "3": 0.10315,
    "4": 0.10074,
    "5": 0.10536,
    "6": 0.10741,
    "7": 0.12765,
    "8": 0.15859,
    "9": 0.15373,
    "10": 0.19448,
    "11": 0.18971,
    "12": 0.18968,
    "13": 0.18507,
    "14": 0.13399,
    "15": 0.13579,
    "16": 0.13492,
    "17": 0.14392,
    "18": 0.20316,
    "19": 0.20457,
    "20": 0.21064,
    "21": 0.21292,
    "22": 0.16032,
    "23": 0.15474
  }
}