{
  "day": "2023-06-08",
  "data": {
    "0": 0.12627,
    "1": 0.12217,
    "2": 0.11631,
    "3": 0.10916,
    "4": 0.10778,
    "5": 0.1075,
    "6": 0.12357,
    "7": 0.12545,
    "8": 0.14728,
    "9": 0.13838,
    "10": 0.17467,
    "11": 0.16713,
    "12": 0.16351,
    "13": 0.1636,
    "14": 0.11747,
    "15": 0.12407,
    "16": 0.12749,
    "17": 0.13225,
    "18": 0.17669,
    "19": 0.19508,
    "20": 0.20489,
    "21": 0.20561,
    "22": 0.15618,
    "23": 0.15051
  }
}