{
  "day": "2023-06-09",
  "data": {
    "0": 0.12863,
    "1": 0.12361,
    "2": 0.11519,
    "3": 0.11258,
    "4": 0.11226,
    "5": 0.11246,
    "6": 0.11441,
    "7": 0.12734,
    "8": 0.15053,
    "9": 0.14827,
    "10": 0.18621,
    "11": 0.17279,
    "12": 0.17037,
    "13": 0.16913,
    "14": 0.11832,
    "15": 0.11605,
    "16": 0.11579,
    "17": 0.1203,
    "18": 0.17717,
    "19": 0.1972,
    "20": 0.21047,
    "21": 0.20939,
    "22": 0.16245,
    "23": 0.16044
  }
}