{
  "day": "2023-06-13",
  "data": {
    "0": 0.13587,
    "1": 0.13471,
    "2": 0.13566,
    "3": 0.13628,
    "4": 0.13111,
    "5": 0.12781,
    "6": 0.13721,
    "7": 0.13971,
    "8": 0.16089,
    "9": 0.15904,
    "10": 0.18693,
    "11": 0.1809,
    "12": 0.1809,
    "13": 0.17396,
    "14": 0.12759,
    "15": 0.12446,
    "16": 0.12774,
    "17": 0.12805,
    "18": 0.17746,
    "19": 0.18021,
    "20": 0.20885,
    "21": 0.21082,
    "22": 0.16634,
    "23": 0.15867
  }
}