{
  "day": "2023-06-16",
  "data": {
    "0": 0.16712,
    "1": 0.16534,
    "2": 0.16611,
    "3": 0.1665,
    "4": 0.15424,
    "5": 0.15801,
    "6": 0.17325,
    "7": 0.19169,
    "8": 0.20973,
    "9": 0.18732,
    "10": 0.22045,
    "11": 0.2153,
    "12": 0.21441,
    "13": 0.2139,
    "14": 0.16507,
    "15": 0.15919,
    "16": 0.1587,
    "17": 0.16213,
    "18": 0.23245,
    "19": 0.23661,
    "20": 0.24874,
    "21": 0.27107,
    "22": 0.22082,
    "23": 0.20474
  }
}