{
  "day": "2023-06-17",
  "data": {
    "0": 0.17098,
    "1": 0.16275,
    "2": 0.16071,
    "3": 0.15765,
    "4": 0.15985,
    "5": 0.16262,
    "6": 0.15309,
    "7": 0.14794,
    "8": 0.14043,
    "9": 0.13662,
    "10": 0.12092,
    "11": 0.1023,
    "12": 0.09038,
    "13": 0.07694,
    "14": 0.06718,
    "15": 0.0856,
    "16": 0.07928,
    "17": 0.0908,
    "18": 0.11204,
    "19": 0.13671,
    "20": 0.17517,
    "21": 0.18397,
    "22": 0.18458,
    "23": 0.17871
  }
}