{
  "day": "2023-06-18",
  "data": {
    "0": 0.16909,
    "1": 0.15061,
    "2": 0.14567,
    "3": 0.14445,
    "4": 0.14029,
    "5": 0.13145,
    "6": 0.1384,
    "7": 0.13749,
    "8": 0.13194,
    "9": 0.11822,
    "10": 0.09879,
    "11": 0.08623,
    "12": 0.07667,
    "13": 0.0577,
    "14": 0.05288,
    "15": 0.08003,
    "16": 0.08667,
    "17": 0.10487,
    "18": 0.1211,
    "19": 0.14445,
    "20": 0.1658,
    "21": 0.17406,
    "22": 0.17756,
    "23": 0.16711
  }
}