{
  "day": "2023-06-19",
  "data": {
    "0": 0.14463,
    "1": 0.13171,
    "2": 0.14018,
    "3": 0.14175,
    "4": 0.13042,
    "5": 0.13473,
    "6": 0.14782,
    "7": 0.16921,
    "8": 0.19458,
    "9": 0.17507,
    "10": 0.21024,
    "11": 0.2037,
    "12": 0.19875,
    "13": 0.19473,
    "14": 0.14565,
    "15": 0.14535,
    "16": 0.14562,
    "17": 0.15329,
    "18": 0.19345,
    "19": 0.2171,
    "20": 0.24149,
    "21": 0.25604,
    "22": 0.2092,
    "23": 0.20045
  }
}