{
  "day": "2023-06-20",
  "data": {
    "0": 0.15828,
    "1": 0.1463,
    "2": 0.13949,
    "3": 0.15005,
    "4": 0.14043,
    "5": 0.13685,
    "6": 0.14795,
    "7": 0.16314,
    "8": 0.18973,
    "9": 0.1818,
    "10": 0.22147,
    "11": 0.21537,
    "12": 0.2049,
    "13": 0.20636,
    "14": 0.15577,
    "15": 0.14679,
    "16": 0.14708,
    "17": 0.15273,
    "18": 0.21479,
    "19": 0.21673,
    "20": 0.23751,
    "21": 0.25324,
    "22": 0.20387,
    "23": 0.18384
  }
}