{
  "day": "2023-06-21",
  "data": {
    "0": 0.16032,
    "1": 0.15031,
    "2": 0.14416,
    "3": 0.14409,
    "4": 0.14383,
    "5": 0.14559,
    "6": 0.16107,
    "7": 0.17569,
    "8": 0.2023,
    "9": 0.18827,
    "10": 0.22171,
    "11": 0.2168,
    "12": 0.21099,
    "13": 0.20525,
    "14": 0.15496,
    "15": 0.15993,
    "16": 0.16115,
    "17": 0.17678,
    "18": 0.21946,
    "19": 0.2268,
    "20": 0.24709,
    "21": 0.26131,
    "22": 0.22005,
    "23": 0.20118
  }
}