{
  "day": "2023-06-22",
  "data": {
    "0": 0.17816,
    "1": 0.1762,
    "2": 0.17532,
    "3": 0.17501,
    "4": 0.1718,
    "5": 0.17747,
    "6": 0.17631,
    "7": 0.18203,
    "8": 0.20677,
    "9": 0.18905,
    "10": 0.21905,
    "11": 0.21217,
    "12": 0.20911,
    "13": 0.21036,
    "14": 0.1573,
    "15": 0.15192,
    "16": 0.1514,
    "17": 0.15189,
    "18": 0.19997,
    "19": 0.22995,
    "20": 0.25617,
    "21": 0.26104,
    "22": 0.2058,
    "23": 0.1865
  }
}