{
  "day": "2023-06-24",
  "data": {
    "0": 0.15577,
    "1": 0.14761,
    "2": 0.14299,
    "3": 0.14745,
    "4": 0.14772,
    "5": 0.14757,
    "6": 0.13286,
    "7": 0.1322,
    "8": 0.12956,
    "9": 0.12084,
    "10": 0.09083,
    "11": 0.04862,
    "12": 0.04276,
    "13": 0.04823,
    "14": 0.04871,
    "15": 0.03185,
    "16": 0.05274,
    "17": 0.11548,
    "18": 0.12861,
    "19": 0.14211,
    "20": 0.1536,
    "21": 0.17064,
    "22": 0.17422,
    "23": 0.17264
  }
}