{
  "day": "2023-06-25",
  "data": {
    "0": 0.16868,
    "1": 0.16506,
    "2": 0.15672,
    "3": 0.14643,
    "4": 0.14677,
    "5": 0.14509,
    "6": 0.14775,
    "7": 0.13641,
    "8": 0.11883,
    "9": 0.07264,
    "10": 0.0454,
    "11": 0.0306,
    "12": 0.02972,
    "13": 0.03871,
    "14": 0.03452,
    "15": 0.02865,
    "16": 0.04027,
    "17": 0.1046,
    "18": 0.12327,
    "19": 0.13432,
    "20": 0.14375,
    "21": 0.16059,
    "22": 0.16603,
    "23": 0.15658
  }
}