{
  "day": "2023-06-27",
  "data": {
    "0": 0.15121,
    "1": 0.13279,
    "2": 0.13036,
    "3": 0.12836,
    "4": 0.12537,
    "5": 0.12905,
    "6": 0.14602,
    "7": 0.15196,
    "8": 0.17566,
    "9": 0.15095,
    "10": 0.19511,
    "11": 0.19253,
    "12": 0.18856,
    "13": 0.18864,
    "14": 0.14247,
    "15": 0.14116,
    "16": 0.14923,
    "17": 0.15683,
    "18": 0.21496,
    "19": 0.22451,
    "20": 0.22994,
    "21": 0.23598,
    "22": 0.18844,
    "23": 0.17901
  }
}