{
  "day": "2023-06-28",
  "data": {
    "0": 0.13429,
    "1": 0.12795,
    "2": 0.12459,
    "3": 0.12461,
    "4": 0.12486,
    "5": 0.12969,
    "6": 0.1312,
    "7": 0.14816,
    "8": 0.18117,
    "9": 0.16723,
    "10": 0.20707,
    "11": 0.20354,
    "12": 0.20556,
    "13": 0.2009,
    "14": 0.15206,
    "15": 0.1525,
    "16": 0.1549,
    "17": 0.16438,
    "18": 0.21213,
    "19": 0.22377,
    "20": 0.23264,
    "21": 0.24051,
    "22": 0.19449,
    "23": 0.18524
  }
}