{
  "day": "2023-06-29",
  "data": {
    "0": 0.1566,
    "1": 0.14677,
    "2": 0.14583,
    "3": 0.14332,
    "4": 0.13405,
    "5": 0.13802,
    "6": 0.1523,
    "7": 0.16783,
    "8": 0.18955,
    "9": 0.17662,
    "10": 0.21362,
    "11": 0.20425,
    "12": 0.20335,
    "13": 0.20266,
    "14": 0.14825,
    "15": 0.14411,
    "16": 0.14302,
    "17": 0.1426,
    "18": 0.18897,
    "19": 0.19166,
    "20": 0.20652,
    "21": 0.23102,
    "22": 0.18896,
    "23": 0.17622
  }
}