{
  "day": "2023-06-30",
  "data": {
    "0": 0.15215,
    "1": 0.14031,
    "2": 0.13548,
    "3": 0.12299,
    "4": 0.12073,
    "5": 0.12289,
    "6": 0.12955,
    "7": 0.15295,
    "8": 0.17468,
    "9": 0.15081,
    "10": 0.18349,
    "11": 0.18748,
    "12": 0.19157,
    "13": 0.19373,
    "14": 0.14584,
    "15": 0.13857,
    "16": 0.1388,
    "17": 0.13686,
    "18": 0.19361,
    "19": 0.21915,
    "20": 0.23036,
    "21": 0.2293,
    "22": 0.19016,
    "23": 0.18271
  }
}