{
  "day": "2024-11-03",
  "data": {
    "0": 0.15597,
    "1": 0.14995,
    "2": 0.14655,
    "3": 0.14719,
    "4": 0.13801,
    "5": 0.13648,
    "6": 0.14451,
    "7": 0.14541,
    "8": 0.13033,
    "9": 0.08469,
    "10": 0.06704,
    "11": 0.05432,
    "12": 0.04021,
    "13": 0.05949,
    "14": 0.05937,
    "15": 0.06794,
    "16": 0.11007,
    "17": 0.14312,
    "18": 0.16412,
    "19": 0.16058,
    "20": 0.1566,
    "21": 0.14805,
    "22": 0.14629,
    "23": 0.14781
  }
}