{
  "day": "2024-11-04",
  "data": {
    "0": 0.14044,
    "1": 0.14118,
    "2": 0.14353,
    "3": 0.13875,
    "4": 0.14029,
    "5": 0.1429,
    "6": 0.14886,
    "7": 0.15763,
    "8": 0.18369,
    "9": 0.17445,
    "10": 0.20422,
    "11": 0.19832,
    "12": 0.19524,
    "13": 0.19213,
    "14": 0.14514,
    "15": 0.16649,
    "16": 0.17833,
    "17": 0.19906,
    "18": 0.27808,
    "19": 0.26519,
    "20": 0.23054,
    "21": 0.22577,
    "22": 0.17957,
    "23": 0.17039
  }
}