{
  "day": "2024-11-05",
  "data": {
    "0": 0.13646,
    "1": 0.12965,
    "2": 0.12784,
    "3": 0.12835,
    "4": 0.12843,
    "5": 0.13864,
    "6": 0.15096,
    "7": 0.15927,
    "8": 0.19549,
    "9": 0.17151,
    "10": 0.2095,
    "11": 0.19463,
    "12": 0.19372,
    "13": 0.19916,
    "14": 0.1609,
    "15": 0.16484,
    "16": 0.16837,
    "17": 0.17823,
    "18": 0.31254,
    "19": 0.30523,
    "20": 0.26623,
    "21": 0.23378,
    "22": 0.17777,
    "23": 0.16859
  }
}