{
  "day": "2024-11-07",
  "data": {
    "0": 0.14321,
    "1": 0.13266,
    "2": 0.13826,
    "3": 0.14405,
    "4": 0.14488,
    "5": 0.15153,
    "6": 0.14743,
    "7": 0.161,
    "8": 0.19162,
    "9": 0.17683,
    "10": 0.21182,
    "11": 0.19983,
    "12": 0.19261,
    "13": 0.1926,
    "14": 0.14607,
    "15": 0.16656,
    "16": 0.17981,
    "17": 0.18059,
    "18": 0.26506,
    "19": 0.2571,
    "20": 0.24089,
    "21": 0.2332,
    "22": 0.17312,
    "23": 0.17077
  }
}