{
  "day": "2024-11-09",
  "data": {
    "0": 0.15506,
    "1": 0.15776,
    "2": 0.14947,
    "3": 0.14941,
    "4": 0.14954,
    "5": 0.15078,
    "6": 0.15206,
    "7": 0.14954,
    "8": 0.16595,
    "9": 0.15931,
    "10": 0.14858,
    "11": 0.14007,
    "12": 0.13344,
    "13": 0.12923,
    "14": 0.12623,
    "15": 0.12849,
    "16": 0.15602,
    "17": 0.17735,
    "18": 0.17182,
    "19": 0.17536,
    "20": 0.16759,
    "21": 0.15769,
    "22": 0.15151,
    "23": 0.14851
  }
}