{
  "day": "2024-11-10",
  "data": {
    "0": 0.16257,
    "1": 0.16237,
    "2": 0.16067,
    "3": 0.15687,
    "4": 0.15588,
    "5": 0.15512,
    "6": 0.15798,
    "7": 0.16263,
    "8": 0.16265,
    "9": 0.13024,
    "10": 0.10454,
    "11": 0.084,
    "12": 0.08151,
    "13": 0.0816,
    "14": 0.08162,
    "15": 0.08736,
    "16": 0.13032,
    "17": 0.16651,
    "18": 0.1728,
    "19": 0.17004,
    "20": 0.16766,
    "21": 0.15617,
    "22": 0.15408,
    "23": 0.15206
  }
}