{
  "day": "2024-11-11",
  "data": {
    "0": 0.17226,
    "1": 0.16767,
    "2": 0.16737,
    "3": 0.15468,
    "4": 0.14968,
    "5": 0.14704,
    "6": 0.14117,
    "7": 0.15546,
    "8": 0.18569,
    "9": 0.1502,
    "10": 0.16066,
    "11": 0.15342,
    "12": 0.13982,
    "13": 0.11809,
    "14": 0.05844,
    "15": 0.05823,
    "16": 0.13333,
    "17": 0.18243,
    "18": 0.23399,
    "19": 0.23457,
    "20": 0.2265,
    "21": 0.21417,
    "22": 0.1587,
    "23": 0.14771
  }
}