{
  "day": "2024-11-12",
  "data": {
    "0": 0.11495,
    "1": 0.10001,
    "2": 0.10135,
    "3": 0.09636,
    "4": 0.08045,
    "5": 0.10092,
    "6": 0.11965,
    "7": 0.15255,
    "8": 0.18034,
    "9": 0.14248,
    "10": 0.11254,
    "11": 0.11093,
    "12": 0.11108,
    "13": 0.11093,
    "14": 0.06121,
    "15": 0.0614,
    "16": 0.11747,
    "17": 0.17782,
    "18": 0.23897,
    "19": 0.2452,
    "20": 0.25437,
    "21": 0.24594,
    "22": 0.19639,
    "23": 0.19042
  }
}