{
  "day": "2024-11-13",
  "data": {
    "0": 0.14236,
    "1": 0.14285,
    "2": 0.14698,
    "3": 0.14102,
    "4": 0.13746,
    "5": 0.13975,
    "6": 0.14346,
    "7": 0.15881,
    "8": 0.18704,
    "9": 0.18318,
    "10": 0.21546,
    "11": 0.19347,
    "12": 0.18975,
    "13": 0.19038,
    "14": 0.14314,
    "15": 0.15878,
    "16": 0.17599,
    "17": 0.17943,
    "18": 0.23389,
    "19": 0.2472,
    "20": 0.24823,
    "21": 0.23227,
    "22": 0.17937,
    "23": 0.16455
  }
}