{
  "day": "2024-11-14",
  "data": {
    "0": 0.12984,
    "1": 0.13002,
    "2": 0.13155,
    "3": 0.13145,
    "4": 0.13158,
    "5": 0.13646,
    "6": 0.14937,
    "7": 0.16016,
    "8": 0.19482,
    "9": 0.18202,
    "10": 0.23031,
    "11": 0.2289,
    "12": 0.22703,
    "13": 0.22861,
    "14": 0.17932,
    "15": 0.18687,
    "16": 0.19162,
    "17": 0.19596,
    "18": 0.25718,
    "19": 0.26394,
    "20": 0.25079,
    "21": 0.23887,
    "22": 0.18247,
    "23": 0.17401
  }
}