{
  "day": "2024-11-16",
  "data": {
    "0": 0.14572,
    "1": 0.14144,
    "2": 0.13882,
    "3": 0.14577,
    "4": 0.14578,
    "5": 0.14545,
    "6": 0.13746,
    "7": 0.14484,
    "8": 0.15727,
    "9": 0.15486,
    "10": 0.15011,
    "11": 0.14076,
    "12": 0.13652,
    "13": 0.13442,
    "14": 0.13582,
    "15": 0.14756,
    "16": 0.16006,
    "17": 0.17134,
    "18": 0.17304,
    "19": 0.17556,
    "20": 0.17873,
    "21": 0.17996,
    "22": 0.17129,
    "23": 0.17052
  }
}