{
  "day": "2024-11-19",
  "data": {
    "0": 0.17524,
    "1": 0.17104,
    "2": 0.17078,
    "3": 0.16893,
    "4": 0.15973,
    "5": 0.15939,
    "6": 0.16842,
    "7": 0.17353,
    "8": 0.20237,
    "9": 0.19176,
    "10": 0.24108,
    "11": 0.2427,
    "12": 0.23493,
    "13": 0.20994,
    "14": 0.14773,
    "15": 0.15624,
    "16": 0.19938,
    "17": 0.21674,
    "18": 0.25361,
    "19": 0.25374,
    "20": 0.25418,
    "21": 0.25429,
    "22": 0.19827,
    "23": 0.18461
  }
}