{
  "day": "2024-11-27",
  "data": {
    "0": 0.17597,
    "1": 0.17196,
    "2": 0.1699,
    "3": 0.16489,
    "4": 0.16251,
    "5": 0.16865,
    "6": 0.17806,
    "7": 0.18703,
    "8": 0.21901,
    "9": 0.20299,
    "10": 0.22352,
    "11": 0.2055,
    "12": 0.20501,
    "13": 0.2052,
    "14": 0.15565,
    "15": 0.16579,
    "16": 0.20104,
    "17": 0.20842,
    "18": 0.27577,
    "19": 0.27156,
    "20": 0.27651,
    "21": 0.26842,
    "22": 0.20781,
    "23": 0.20099
  }
}