{
  "day": "2024-11-29",
  "data": {
    "0": 0.15466,
    "1": 0.14321,
    "2": 0.14282,
    "3": 0.14183,
    "4": 0.13847,
    "5": 0.14198,
    "6": 0.1582,
    "7": 0.18157,
    "8": 0.20806,
    "9": 0.19895,
    "10": 0.22492,
    "11": 0.21152,
    "12": 0.21027,
    "13": 0.20912,
    "14": 0.16037,
    "15": 0.17939,
    "16": 0.19767,
    "17": 0.20766,
    "18": 0.26517,
    "19": 0.26841,
    "20": 0.26885,
    "21": 0.2625,
    "22": 0.20786,
    "23": 0.20072
  }
}