{
  "day": "2023-07-01",
  "data": {
    "0": 0.14073,
    "1": 0.14104,
    "2": 0.13004,
    "3": 0.12943,
    "4": 0.12888,
    "5": 0.12725,
    "6": 0.12716,
    "7": 0.12206,
    "8": 0.10532,
    "9": 0.09035,
    "10": 0.07931,
    "11": 0.05756,
    "12": 0.04784,
    "13": 0.03349,
    "14": 0.02887,
    "15": 0.02684,
    "16": 0.02686,
    "17": 0.02944,
    "18": 0.05738,
    "19": 0.10594,
    "20": 0.13063,
    "21": 0.1659,
    "22": 0.16657,
    "23": 0.1619
  }
}