{
  "day": "2023-07-02",
  "data": {
    "0": 0.15013,
    "1": 0.13003,
    "2": 0.12164,
    "3": 0.11752,
    "4": 0.11811,
    "5": 0.1182,
    "6": 0.11874,
    "7": 0.11499,
    "8": 0.07274,
    "9": 0.05702,
    "10": 0.05662,
    "11": 0.04516,
    "12": 0.04968,
    "13": 0.04599,
    "14": 0.05015,
    "15": 0.0498,
    "16": 0.05066,
    "17": 0.045,
    "18": 0.06225,
    "19": 0.07467,
    "20": 0.15358,
    "21": 0.16752,
    "22": 0.17392,
    "23": 0.1701
  }
}