{
  "day": "2023-07-06",
  "data": {
    "0": 0.16357,
    "1": 0.15854,
    "2": 0.14627,
    "3": 0.14509,
    "4": 0.14551,
    "5": 0.15422,
    "6": 0.16704,
    "7": 0.1691,
    "8": 0.18879,
    "9": 0.17556,
    "10": 0.16539,
    "11": 0.1947,
    "12": 0.20219,
    "13": 0.19187,
    "14": 0.18873,
    "15": 0.14129,
    "16": 0.14441,
    "17": 0.15649,
    "18": 0.17169,
    "19": 0.23012,
    "20": 0.24312,
    "21": 0.24255,
    "22": 0.24112,
    "23": 0.19194
  }
}