{
  "day": "2023-07-09",
  "data": {
    "0": 0.15658,
    "1": 0.15126,
    "2": 0.1502,
    "3": 0.15331,
    "4": 0.1485,
    "5": 0.14872,
    "6": 0.14826,
    "7": 0.13766,
    "8": 0.12804,
    "9": 0.11838,
    "10": 0.09333,
    "11": 0.08069,
    "12": 0.07871,
    "13": 0.0693,
    "14": 0.07383,
    "15": 0.08654,
    "16": 0.10734,
    "17": 0.1187,
    "18": 0.12435,
    "19": 0.1405,
    "20": 0.168,
    "21": 0.17793,
    "22": 0.17643,
    "23": 0.17001
  }
}