{
  "day": "2023-07-10",
  "data": {
    "0": 0.15156,
    "1": 0.14371,
    "2": 0.13054,
    "3": 0.12826,
    "4": 0.12982,
    "5": 0.14266,
    "6": 0.1524,
    "7": 0.16574,
    "8": 0.19268,
    "9": 0.17756,
    "10": 0.164,
    "11": 0.20465,
    "12": 0.19758,
    "13": 0.19697,
    "14": 0.19263,
    "15": 0.14743,
    "16": 0.14348,
    "17": 0.1538,
    "18": 0.15729,
    "19": 0.2215,
    "20": 0.24526,
    "21": 0.26479,
    "22": 0.26555,
    "23": 0.19905
  }
}