{
  "day": "2023-07-12",
  "data": {
    "0": 0.13353,
    "1": 0.12569,
    "2": 0.125,
    "3": 0.12623,
    "4": 0.12684,
    "5": 0.12702,
    "6": 0.13744,
    "7": 0.1552,
    "8": 0.18089,
    "9": 0.1658,
    "10": 0.15461,
    "11": 0.1943,
    "12": 0.1987,
    "13": 0.19303,
    "14": 0.19132,
    "15": 0.14409,
    "16": 0.14224,
    "17": 0.14504,
    "18": 0.1548,
    "19": 0.21847,
    "20": 0.22911,
    "21": 0.23619,
    "22": 0.23761,
    "23": 0.18135
  }
}