{
  "day": "2023-07-14",
  "data": {
    "0": 0.15496,
    "1": 0.14511,
    "2": 0.13995,
    "3": 0.13604,
    "4": 0.12596,
    "5": 0.1252,
    "6": 0.1339,
    "7": 0.13867,
    "8": 0.16106,
    "9": 0.1406,
    "10": 0.13632,
    "11": 0.17579,
    "12": 0.17503,
    "13": 0.16424,
    "14": 0.15527,
    "15": 0.1031,
    "16": 0.0967,
    "17": 0.11034,
    "18": 0.12719,
    "19": 0.18369,
    "20": 0.20886,
    "21": 0.22045,
    "22": 0.23105,
    "23": 0.1669
  }
}