{
  "day": "2023-07-15",
  "data": {
    "0": 0.14608,
    "1": 0.13534,
    "2": 0.12913,
    "3": 0.13028,
    "4": 0.12571,
    "5": 0.12595,
    "6": 0.13081,
    "7": 0.12956,
    "8": 0.1129,
    "9": 0.09328,
    "10": 0.07922,
    "11": 0.04822,
    "12": 0.04695,
    "13": 0.03518,
    "14": 0.02232,
    "15": 0.02233,
    "16": 0.01942,
    "17": 0.02289,
    "18": 0.05778,
    "19": 0.10227,
    "20": 0.12812,
    "21": 0.15026,
    "22": 0.15027,
    "23": 0.14685
  }
}