{
  "day": "2023-07-19",
  "data": {
    "0": 0.14368,
    "1": 0.13629,
    "2": 0.13194,
    "3": 0.12691,
    "4": 0.12432,
    "5": 0.12444,
    "6": 0.1322,
    "7": 0.14004,
    "8": 0.16998,
    "9": 0.15673,
    "10": 0.14915,
    "11": 0.18814,
    "12": 0.18887,
    "13": 0.18824,
    "14": 0.18391,
    "15": 0.13576,
    "16": 0.13176,
    "17": 0.13098,
    "18": 0.13962,
    "19": 0.20376,
    "20": 0.20989,
    "21": 0.22107,
    "22": 0.22515,
    "23": 0.1642
  }
}