{
  "day": "2023-07-21",
  "data": {
    "0": 0.14046,
    "1": 0.12695,
    "2": 0.11862,
    "3": 0.11959,
    "4": 0.1194,
    "5": 0.12561,
    "6": 0.13813,
    "7": 0.14526,
    "8": 0.1705,
    "9": 0.16117,
    "10": 0.15306,
    "11": 0.19582,
    "12": 0.19199,
    "13": 0.19585,
    "14": 0.18817,
    "15": 0.13322,
    "16": 0.13103,
    "17": 0.12987,
    "18": 0.14013,
    "19": 0.20003,
    "20": 0.21102,
    "21": 0.21779,
    "22": 0.22406,
    "23": 0.17157
  }
}