{
  "day": "2023-07-22",
  "data": {
    "0": 0.13409,
    "1": 0.14198,
    "2": 0.14281,
    "3": 0.14068,
    "4": 0.13848,
    "5": 0.1333,
    "6": 0.14038,
    "7": 0.14202,
    "8": 0.14017,
    "9": 0.11728,
    "10": 0.11071,
    "11": 0.10345,
    "12": 0.10354,
    "13": 0.1037,
    "14": 0.10363,
    "15": 0.10354,
    "16": 0.10212,
    "17": 0.10459,
    "18": 0.11818,
    "19": 0.13266,
    "20": 0.1523,
    "21": 0.15585,
    "22": 0.15849,
    "23": 0.15504
  }
}