{
  "day": "2023-07-23",
  "data": {
    "0": 0.14366,
    "1": 0.14076,
    "2": 0.13388,
    "3": 0.13332,
    "4": 0.13083,
    "5": 0.13181,
    "6": 0.13063,
    "7": 0.12559,
    "8": 0.11813,
    "9": 0.11104,
    "10": 0.07005,
    "11": 0.0481,
    "12": 0.02815,
    "13": 0.02595,
    "14": 0.02596,
    "15": 0.02557,
    "16": 0.02553,
    "17": 0.03115,
    "18": 0.05197,
    "19": 0.10915,
    "20": 0.12919,
    "21": 0.14206,
    "22": 0.157,
    "23": 0.15965
  }
}