{
  "day": "2023-07-25",
  "data": {
    "0": 0.1362,
    "1": 0.12748,
    "2": 0.12805,
    "3": 0.12876,
    "4": 0.12473,
    "5": 0.12744,
    "6": 0.13909,
    "7": 0.13975,
    "8": 0.16243,
    "9": 0.15799,
    "10": 0.14787,
    "11": 0.18213,
    "12": 0.17979,
    "13": 0.18176,
    "14": 0.17605,
    "15": 0.12917,
    "16": 0.12876,
    "17": 0.13021,
    "18": 0.13405,
    "19": 0.19891,
    "20": 0.2202,
    "21": 0.23685,
    "22": 0.22701,
    "23": 0.17589
  }
}