{
  "day": "2023-07-27",
  "data": {
    "0": 0.15999,
    "1": 0.15155,
    "2": 0.14911,
    "3": 0.14904,
    "4": 0.14631,
    "5": 0.149,
    "6": 0.15173,
    "7": 0.15298,
    "8": 0.17082,
    "9": 0.15746,
    "10": 0.15658,
    "11": 0.19461,
    "12": 0.19141,
    "13": 0.18396,
    "14": 0.18379,
    "15": 0.13521,
    "16": 0.13252,
    "17": 0.13583,
    "18": 0.14056,
    "19": 0.19685,
    "20": 0.21969,
    "21": 0.22703,
    "22": 0.23141,
    "23": 0.17873
  }
}