{
  "day": "2023-07-28",
  "data": {
    "0": 0.14869,
    "1": 0.14779,
    "2": 0.14111,
    "3": 0.1417,
    "4": 0.13613,
    "5": 0.13996,
    "6": 0.14622,
    "7": 0.14962,
    "8": 0.17453,
    "9": 0.16655,
    "10": 0.15893,
    "11": 0.19684,
    "12": 0.19124,
    "13": 0.18264,
    "14": 0.17847,
    "15": 0.13448,
    "16": 0.13705,
    "17": 0.13754,
    "18": 0.1477,
    "19": 0.21004,
    "20": 0.2196,
    "21": 0.22424,
    "22": 0.22441,
    "23": 0.17486
  }
}