{
  "day": "2023-07-29",
  "data": {
    "0": 0.13924,
    "1": 0.13757,
    "2": 0.1372,
    "3": 0.13709,
    "4": 0.13645,
    "5": 0.13721,
    "6": 0.13822,
    "7": 0.1366,
    "8": 0.13646,
    "9": 0.12363,
    "10": 0.11164,
    "11": 0.09495,
    "12": 0.09018,
    "13": 0.06823,
    "14": 0.04916,
    "15": 0.04929,
    "16": 0.05916,
    "17": 0.0803,
    "18": 0.10828,
    "19": 0.12367,
    "20": 0.13976,
    "21": 0.15283,
    "22": 0.1532,
    "23": 0.14467
  }
}