{
  "day": "2022-03-04",
  "data": {
    "0": 0.44638,
    "1": 0.36002,
    "2": 0.36053,
    "3": 0.3581,
    "4": 0.35611,
    "5": 0.35767,
    "6": 0.35512,
    "7": 0.46377,
    "8": 0.49946,
    "9": 0.48433,
    "10": 0.47776,
    "11": 0.50102,
    "12": 0.51693,
    "13": 0.47842,
    "14": 0.48878,
    "15": 0.43982,
    "16": 0.46869,
    "17": 0.50096,
    "18": 0.51533,
    "19": 0.60636,
    "20": 0.59205,
    "21": 0.58201,
    "22": 0.57828,
    "23": 0.49444
  }
}