{
  "day": "2022-03-05",
  "data": {
    "0": 0.4794,
    "1": 0.46951,
    "2": 0.46604,
    "3": 0.44571,
    "4": 0.45633,
    "5": 0.46485,
    "6": 0.4845,
    "7": 0.48784,
    "8": 0.47036,
    "9": 0.45532,
    "10": 0.44611,
    "11": 0.44295,
    "12": 0.44117,
    "13": 0.4475,
    "14": 0.44548,
    "15": 0.38795,
    "16": 0.42993,
    "17": 0.47988,
    "18": 0.50732,
    "19": 0.51099,
    "20": 0.49826,
    "21": 0.48749,
    "22": 0.47836,
    "23": 0.45884
  }
}