{
  "day": "2022-03-06",
  "data": {
    "0": 0.50103,
    "1": 0.46912,
    "2": 0.46546,
    "3": 0.45581,
    "4": 0.46323,
    "5": 0.46694,
    "6": 0.47426,
    "7": 0.49402,
    "8": 0.46742,
    "9": 0.4964,
    "10": 0.44001,
    "11": 0.43384,
    "12": 0.43841,
    "13": 0.42303,
    "14": 0.43765,
    "15": 0.42955,
    "16": 0.432,
    "17": 0.48608,
    "18": 0.54707,
    "19": 0.56818,
    "20": 0.58536,
    "21": 0.58585,
    "22": 0.56867,
    "23": 0.5651
  }
}