{
  "day": "2022-03-07",
  "data": {
    "0": 0.56641,
    "1": 0.55354,
    "2": 0.54815,
    "3": 0.53162,
    "4": 0.52692,
    "5": 0.5525,
    "6": 0.58857,
    "7": 0.61665,
    "8": 0.64409,
    "9": 0.6122,
    "10": 0.5698,
    "11": 0.63874,
    "12": 0.63888,
    "13": 0.63458,
    "14": 0.61091,
    "15": 0.49299,
    "16": 0.51414,
    "17": 0.57771,
    "18": 0.60452,
    "19": 0.71078,
    "20": 0.67816,
    "21": 0.64917,
    "22": 0.62401,
    "23": 0.50356
  }
}