{
  "day": "2022-03-08",
  "data": {
    "0": 0.56816,
    "1": 0.57632,
    "2": 0.58829,
    "3": 0.56163,
    "4": 0.56705,
    "5": 0.57988,
    "6": 0.69685,
    "7": 0.74425,
    "8": 0.81667,
    "9": 0.75551,
    "10": 0.72824,
    "11": 0.75551,
    "12": 0.71622,
    "13": 0.65036,
    "14": 0.6419,
    "15": 0.57391,
    "16": 0.65285,
    "17": 0.76836,
    "18": 0.82356,
    "19": 0.95401,
    "20": 0.89526,
    "21": 0.89142,
    "22": 0.89453,
    "23": 0.76661
  }
}