{
  "day": "2022-03-09",
  "data": {
    "0": 0.64116,
    "1": 0.57789,
    "2": 0.5658,
    "3": 0.55537,
    "4": 0.55524,
    "5": 0.56705,
    "6": 0.65832,
    "7": 0.71412,
    "8": 0.71007,
    "9": 0.63658,
    "10": 0.55669,
    "11": 0.57656,
    "12": 0.53323,
    "13": 0.52884,
    "14": 0.54544,
    "15": 0.50858,
    "16": 0.54826,
    "17": 0.66009,
    "18": 0.69612,
    "19": 0.82793,
    "20": 0.77869,
    "21": 0.76934,
    "22": 0.74269,
    "23": 0.61899
  }
}