{
  "day": "2022-03-12",
  "data": {
    "0": 0.3706,
    "1": 0.3659,
    "2": 0.36113,
    "3": 0.32698,
    "4": 0.32034,
    "5": 0.33489,
    "6": 0.33186,
    "7": 0.34982,
    "8": 0.33165,
    "9": 0.30426,
    "10": 0.26741,
    "11": 0.25933,
    "12": 0.25314,
    "13": 0.25306,
    "14": 0.24869,
    "15": 0.25213,
    "16": 0.26492,
    "17": 0.28062,
    "18": 0.35957,
    "19": 0.36605,
    "20": 0.36755,
    "21": 0.35608,
    "22": 0.34248,
    "23": 0.33492
  }
}