{
  "day": "2022-03-13",
  "data": {
    "0": 0.28826,
    "1": 0.29099,
    "2": 0.2872,
    "3": 0.2691,
    "4": 0.25293,
    "5": 0.28458,
    "6": 0.29623,
    "7": 0.29788,
    "8": 0.2895,
    "9": 0.32076,
    "10": 0.28255,
    "11": 0.27641,
    "12": 0.27657,
    "13": 0.31831,
    "14": 0.28884,
    "15": 0.2906,
    "16": 0.29513,
    "17": 0.3325,
    "18": 0.36496,
    "19": 0.45238,
    "20": 0.48195,
    "21": 0.43644,
    "22": 0.40257,
    "23": 0.38385
  }
}