{
  "day": "2022-03-15",
  "data": {
    "0": 0.27692,
    "1": 0.27701,
    "2": 0.27682,
    "3": 0.27789,
    "4": 0.27766,
    "5": 0.27774,
    "6": 0.27804,
    "7": 0.30585,
    "8": 0.34991,
    "9": 0.34489,
    "10": 0.33824,
    "11": 0.40715,
    "12": 0.39951,
    "13": 0.39844,
    "14": 0.39973,
    "15": 0.33915,
    "16": 0.34088,
    "17": 0.34187,
    "18": 0.37202,
    "19": 0.46401,
    "20": 0.47985,
    "21": 0.47204,
    "22": 0.4484,
    "23": 0.35819
  }
}