{
  "day": "2022-03-21",
  "data": {
    "0": 0.28613,
    "1": 0.26299,
    "2": 0.26305,
    "3": 0.26144,
    "4": 0.25847,
    "5": 0.26316,
    "6": 0.27726,
    "7": 0.30753,
    "8": 0.33467,
    "9": 0.33247,
    "10": 0.32359,
    "11": 0.36487,
    "12": 0.36919,
    "13": 0.3637,
    "14": 0.36199,
    "15": 0.29446,
    "16": 0.32017,
    "17": 0.33474,
    "18": 0.35516,
    "19": 0.44007,
    "20": 0.45156,
    "21": 0.42141,
    "22": 0.39812,
    "23": 0.31737
  }
}