{
  "day": "2022-03-24",
  "data": {
    "0": 0.284,
    "1": 0.27715,
    "2": 0.25143,
    "3": 0.24571,
    "4": 0.24586,
    "5": 0.25966,
    "6": 0.2944,
    "7": 0.30141,
    "8": 0.33088,
    "9": 0.32941,
    "10": 0.32075,
    "11": 0.37011,
    "12": 0.35982,
    "13": 0.36138,
    "14": 0.36304,
    "15": 0.29193,
    "16": 0.31607,
    "17": 0.32957,
    "18": 0.33046,
    "19": 0.40647,
    "20": 0.43114,
    "21": 0.40777,
    "22": 0.3979,
    "23": 0.31938
  }
}