{
  "day": "2022-03-25",
  "data": {
    "0": 0.33593,
    "1": 0.31966,
    "2": 0.30786,
    "3": 0.30384,
    "4": 0.29919,
    "5": 0.32628,
    "6": 0.33448,
    "7": 0.35273,
    "8": 0.38456,
    "9": 0.38294,
    "10": 0.37208,
    "11": 0.42121,
    "12": 0.40798,
    "13": 0.40434,
    "14": 0.40245,
    "15": 0.31916,
    "16": 0.3412,
    "17": 0.37203,
    "18": 0.38231,
    "19": 0.46782,
    "20": 0.47054,
    "21": 0.44998,
    "22": 0.44314,
    "23": 0.37135
  }
}