{
  "day": "2022-03-26",
  "data": {
    "0": 0.33855,
    "1": 0.32707,
    "2": 0.32287,
    "3": 0.29904,
    "4": 0.28342,
    "5": 0.28992,
    "6": 0.30914,
    "7": 0.28685,
    "8": 0.2984,
    "9": 0.28869,
    "10": 0.27259,
    "11": 0.25346,
    "12": 0.25647,
    "13": 0.27334,
    "14": 0.25066,
    "15": 0.25256,
    "16": 0.25645,
    "17": 0.29388,
    "18": 0.33031,
    "19": 0.36582,
    "20": 0.35917,
    "21": 0.3579,
    "22": 0.3411,
    "23": 0.33519
  }
}