{
  "day": "2022-03-28",
  "data": {
    "0": 0.28296,
    "1": 0.27426,
    "2": 0.26973,
    "3": 0.26371,
    "4": 0.26316,
    "5": 0.278,
    "6": 0.3068,
    "7": 0.30449,
    "8": 0.33477,
    "9": 0.33383,
    "10": 0.32686,
    "11": 0.39268,
    "12": 0.38844,
    "13": 0.36498,
    "14": 0.36304,
    "15": 0.28725,
    "16": 0.2872,
    "17": 0.28162,
    "18": 0.32731,
    "19": 0.41407,
    "20": 0.45403,
    "21": 0.44684,
    "22": 0.41611,
    "23": 0.33382
  }
}