{
  "day": "2022-03-29",
  "data": {
    "0": 0.30449,
    "1": 0.2824,
    "2": 0.27649,
    "3": 0.27374,
    "4": 0.27725,
    "5": 0.29108,
    "6": 0.32639,
    "7": 0.32426,
    "8": 0.36677,
    "9": 0.36796,
    "10": 0.36084,
    "11": 0.42984,
    "12": 0.42844,
    "13": 0.40893,
    "14": 0.3994,
    "15": 0.32321,
    "16": 0.31876,
    "17": 0.33254,
    "18": 0.33244,
    "19": 0.40538,
    "20": 0.41921,
    "21": 0.42276,
    "22": 0.40858,
    "23": 0.32508
  }
}