{
  "day": "2022-03-31",
  "data": {
    "0": 0.34653,
    "1": 0.33138,
    "2": 0.33063,
    "3": 0.32335,
    "4": 0.3171,
    "5": 0.32118,
    "6": 0.32683,
    "7": 0.34811,
    "8": 0.38216,
    "9": 0.36546,
    "10": 0.34281,
    "11": 0.37557,
    "12": 0.34165,
    "13": 0.31897,
    "14": 0.31002,
    "15": 0.25855,
    "16": 0.24957,
    "17": 0.25059,
    "18": 0.26821,
    "19": 0.36794,
    "20": 0.41866,
    "21": 0.42199,
    "22": 0.39534,
    "23": 0.30279
  }
}