{
  "day": "2023-04-01",
  "data": {
    "0": 0.12084,
    "1": 0.10072,
    "2": 0.0854,
    "3": 0.07736,
    "4": 0.07418,
    "5": 0.07309,
    "6": 0.07672,
    "7": 0.09493,
    "8": 0.10437,
    "9": 0.09162,
    "10": 0.07054,
    "11": 0.05224,
    "12": 0.04738,
    "13": 0.04543,
    "14": 0.03975,
    "15": 0.03255,
    "16": 0.03336,
    "17": 0.03593,
    "18": 0.03651,
    "19": 0.05174,
    "20": 0.06553,
    "21": 0.07973,
    "22": 0.06626,
    "23": 0.06398
  }
}