{
  "day": "2023-04-02",
  "data": {
    "0": 0.05361,
    "1": 0.05409,
    "2": 0.0552,
    "3": 0.05563,
    "4": 0.05786,
    "5": 0.05901,
    "6": 0.05886,
    "7": 0.05845,
    "8": 0.05631,
    "9": 0.05485,
    "10": 0.03452,
    "11": 0.03333,
    "12": 0.02897,
    "13": 0.02727,
    "14": 0.0274,
    "15": 0.02825,
    "16": 0.03066,
    "17": 0.03554,
    "18": 0.03828,
    "19": 0.05364,
    "20": 0.06941,
    "21": 0.08026,
    "22": 0.0754,
    "23": 0.06622
  }
}