{
  "day": "2023-04-04",
  "data": {
    "0": 0.13337,
    "1": 0.10791,
    "2": 0.12872,
    "3": 0.12399,
    "4": 0.10771,
    "5": 0.10708,
    "6": 0.11591,
    "7": 0.12825,
    "8": 0.15396,
    "9": 0.1155,
    "10": 0.13058,
    "11": 0.12357,
    "12": 0.11033,
    "13": 0.10971,
    "14": 0.06503,
    "15": 0.05963,
    "16": 0.05715,
    "17": 0.06213,
    "18": 0.11611,
    "19": 0.14073,
    "20": 0.21526,
    "21": 0.21178,
    "22": 0.15436,
    "23": 0.15666
  }
}