{
  "day": "2023-04-05",
  "data": {
    "0": 0.1091,
    "1": 0.1535,
    "2": 0.16103,
    "3": 0.16228,
    "4": 0.16371,
    "5": 0.16722,
    "6": 0.16655,
    "7": 0.18053,
    "8": 0.20978,
    "9": 0.18677,
    "10": 0.21597,
    "11": 0.19447,
    "12": 0.17524,
    "13": 0.16476,
    "14": 0.11416,
    "15": 0.09999,
    "16": 0.10012,
    "17": 0.1162,
    "18": 0.18219,
    "19": 0.24054,
    "20": 0.28671,
    "21": 0.28525,
    "22": 0.22815,
    "23": 0.20462
  }
}