{
  "day": "2023-04-06",
  "data": {
    "0": 0.18373,
    "1": 0.17247,
    "2": 0.16972,
    "3": 0.16526,
    "4": 0.16546,
    "5": 0.17713,
    "6": 0.16157,
    "7": 0.14327,
    "8": 0.16504,
    "9": 0.18569,
    "10": 0.16559,
    "11": 0.15336,
    "12": 0.14093,
    "13": 0.1402,
    "14": 0.09551,
    "15": 0.08157,
    "16": 0.07968,
    "17": 0.08419,
    "18": 0.15536,
    "19": 0.24725,
    "20": 0.24017,
    "21": 0.24674,
    "22": 0.19838,
    "23": 0.1934
  }
}