{
  "day": "2023-04-07",
  "data": {
    "0": 0.16505,
    "1": 0.16111,
    "2": 0.16481,
    "3": 0.16686,
    "4": 0.16447,
    "5": 0.16541,
    "6": 0.18459,
    "7": 0.19184,
    "8": 0.21784,
    "9": 0.15971,
    "10": 0.16891,
    "11": 0.13388,
    "12": 0.12726,
    "13": 0.1212,
    "14": 0.06502,
    "15": 0.0648,
    "16": 0.06646,
    "17": 0.07265,
    "18": 0.13903,
    "19": 0.23155,
    "20": 0.25939,
    "21": 0.25899,
    "22": 0.21379,
    "23": 0.20993
  }
}