{
  "day": "2023-04-09",
  "data": {
    "0": 0.18073,
    "1": 0.17347,
    "2": 0.17746,
    "3": 0.17585,
    "4": 0.17624,
    "5": 0.17569,
    "6": 0.17647,
    "7": 0.17368,
    "8": 0.17534,
    "9": 0.14303,
    "10": 0.07964,
    "11": 0.07031,
    "12": 0.06125,
    "13": 0.03813,
    "14": 0.03426,
    "15": 0.0356,
    "16": 0.03582,
    "17": 0.04265,
    "18": 0.0453,
    "19": 0.11046,
    "20": 0.1611,
    "21": 0.1694,
    "22": 0.15733,
    "23": 0.14793
  }
}