{
  "day": "2023-04-12",
  "data": {
    "0": 0.13539,
    "1": 0.10435,
    "2": 0.08052,
    "3": 0.08232,
    "4": 0.08298,
    "5": 0.09039,
    "6": 0.10663,
    "7": 0.13511,
    "8": 0.16258,
    "9": 0.10012,
    "10": 0.12158,
    "11": 0.09813,
    "12": 0.09777,
    "13": 0.09892,
    "14": 0.05122,
    "15": 0.05199,
    "16": 0.0519,
    "17": 0.0575,
    "18": 0.1027,
    "19": 0.1222,
    "20": 0.14048,
    "21": 0.17278,
    "22": 0.12492,
    "23": 0.10114
  }
}