{
  "day": "2023-04-13",
  "data": {
    "0": 0.11745,
    "1": 0.11474,
    "2": 0.11479,
    "3": 0.11651,
    "4": 0.11677,
    "5": 0.12783,
    "6": 0.13094,
    "7": 0.16703,
    "8": 0.17372,
    "9": 0.15369,
    "10": 0.14055,
    "11": 0.10327,
    "12": 0.09715,
    "13": 0.09628,
    "14": 0.04985,
    "15": 0.04956,
    "16": 0.04958,
    "17": 0.05482,
    "18": 0.09881,
    "19": 0.12497,
    "20": 0.20823,
    "21": 0.23364,
    "22": 0.16983,
    "23": 0.17011
  }
}