{
  "day": "2023-04-18",
  "data": {
    "0": 0.14981,
    "1": 0.12411,
    "2": 0.11782,
    "3": 0.11977,
    "4": 0.11977,
    "5": 0.14875,
    "6": 0.14246,
    "7": 0.16346,
    "8": 0.19211,
    "9": 0.1723,
    "10": 0.18116,
    "11": 0.18443,
    "12": 0.18621,
    "13": 0.18813,
    "14": 0.14288,
    "15": 0.14,
    "16": 0.14028,
    "17": 0.15327,
    "18": 0.19161,
    "19": 0.23549,
    "20": 0.25142,
    "21": 0.25612,
    "22": 0.19941,
    "23": 0.18033
  }
}