{
  "day": "2023-04-22",
  "data": {
    "0": 0.16952,
    "1": 0.14781,
    "2": 0.15062,
    "3": 0.13965,
    "4": 0.13979,
    "5": 0.14487,
    "6": 0.14722,
    "7": 0.15293,
    "8": 0.1538,
    "9": 0.14886,
    "10": 0.11707,
    "11": 0.1061,
    "12": 0.08402,
    "13": 0.06474,
    "14": 0.05103,
    "15": 0.03935,
    "16": 0.03343,
    "17": 0.0353,
    "18": 0.067,
    "19": 0.12926,
    "20": 0.17367,
    "21": 0.17188,
    "22": 0.16423,
    "23": 0.14355
  }
}