{
  "day": "2023-04-24",
  "data": {
    "0": 0.1337,
    "1": 0.13759,
    "2": 0.13893,
    "3": 0.14201,
    "4": 0.15112,
    "5": 0.15355,
    "6": 0.16136,
    "7": 0.17949,
    "8": 0.2069,
    "9": 0.19214,
    "10": 0.19855,
    "11": 0.18198,
    "12": 0.17029,
    "13": 0.16298,
    "14": 0.11675,
    "15": 0.07833,
    "16": 0.07852,
    "17": 0.1081,
    "18": 0.17093,
    "19": 0.1962,
    "20": 0.25181,
    "21": 0.25478,
    "22": 0.20622,
    "23": 0.19519
  }
}