{
  "day": "2023-04-26",
  "data": {
    "0": 0.14565,
    "1": 0.13851,
    "2": 0.13315,
    "3": 0.13359,
    "4": 0.13281,
    "5": 0.14248,
    "6": 0.16796,
    "7": 0.18301,
    "8": 0.21333,
    "9": 0.19037,
    "10": 0.22793,
    "11": 0.2175,
    "12": 0.20416,
    "13": 0.20014,
    "14": 0.1521,
    "15": 0.14647,
    "16": 0.14551,
    "17": 0.1496,
    "18": 0.19842,
    "19": 0.23361,
    "20": 0.2489,
    "21": 0.26175,
    "22": 0.20553,
    "23": 0.19143
  }
}