{
  "day": "2023-04-27",
  "data": {
    "0": 0.15445,
    "1": 0.15558,
    "2": 0.14578,
    "3": 0.14077,
    "4": 0.14696,
    "5": 0.14873,
    "6": 0.16664,
    "7": 0.18653,
    "8": 0.20581,
    "9": 0.1757,
    "10": 0.20422,
    "11": 0.20154,
    "12": 0.20273,
    "13": 0.19879,
    "14": 0.15305,
    "15": 0.15174,
    "16": 0.15216,
    "17": 0.15738,
    "18": 0.20905,
    "19": 0.22751,
    "20": 0.2422,
    "21": 0.25145,
    "22": 0.19579,
    "23": 0.19034
  }
}