{
  "day": "2023-04-30",
  "data": {
    "0": 0.14396,
    "1": 0.13648,
    "2": 0.13663,
    "3": 0.13397,
    "4": 0.12192,
    "5": 0.12213,
    "6": 0.13193,
    "7": 0.12769,
    "8": 0.12167,
    "9": 0.09269,
    "10": 0.06327,
    "11": 0.06553,
    "12": 0.08145,
    "13": 0.05713,
    "14": 0.04715,
    "15": 0.03438,
    "16": 0.04754,
    "17": 0.05455,
    "18": 0.08438,
    "19": 0.117,
    "20": 0.1539,
    "21": 0.16501,
    "22": 0.15952,
    "23": 0.15059
  }
}