{
  "day": "2023-05-01",
  "data": {
    "0": 0.15466,
    "1": 0.14695,
    "2": 0.1442,
    "3": 0.14321,
    "4": 0.14107,
    "5": 0.14228,
    "6": 0.14097,
    "7": 0.14167,
    "8": 0.1349,
    "9": 0.09136,
    "10": 0.06767,
    "11": 0.03217,
    "12": 0.03189,
    "13": 0.03142,
    "14": 0.03136,
    "15": 0.03233,
    "16": 0.03246,
    "17": 0.03454,
    "18": 0.04097,
    "19": 0.11065,
    "20": 0.15699,
    "21": 0.16341,
    "22": 0.16346,
    "23": 0.16103
  }
}