{
  "day": "2023-05-02",
  "data": {
    "0": 0.15293,
    "1": 0.1306,
    "2": 0.13172,
    "3": 0.13276,
    "4": 0.13283,
    "5": 0.15232,
    "6": 0.15527,
    "7": 0.16683,
    "8": 0.20138,
    "9": 0.17863,
    "10": 0.17564,
    "11": 0.21504,
    "12": 0.20392,
    "13": 0.19739,
    "14": 0.19235,
    "15": 0.14324,
    "16": 0.14956,
    "17": 0.15582,
    "18": 0.15849,
    "19": 0.23447,
    "20": 0.25542,
    "21": 0.26046,
    "22": 0.23773,
    "23": 0.18257
  }
}