{
  "day": "2023-05-03",
  "data": {
    "0": 0.15496,
    "1": 0.14236,
    "2": 0.14108,
    "3": 0.13876,
    "4": 0.12536,
    "5": 0.1312,
    "6": 0.14047,
    "7": 0.15922,
    "8": 0.18427,
    "9": 0.17315,
    "10": 0.14403,
    "11": 0.18491,
    "12": 0.17168,
    "13": 0.153,
    "14": 0.13781,
    "15": 0.08446,
    "16": 0.07849,
    "17": 0.09509,
    "18": 0.1027,
    "19": 0.18724,
    "20": 0.22753,
    "21": 0.23482,
    "22": 0.23117,
    "23": 0.15303
  }
}