{
  "day": "2023-05-04",
  "data": {
    "0": 0.12458,
    "1": 0.11761,
    "2": 0.12042,
    "3": 0.12173,
    "4": 0.12113,
    "5": 0.12288,
    "6": 0.13838,
    "7": 0.15244,
    "8": 0.18433,
    "9": 0.16334,
    "10": 0.15078,
    "11": 0.18451,
    "12": 0.17405,
    "13": 0.16375,
    "14": 0.16225,
    "15": 0.12488,
    "16": 0.12964,
    "17": 0.13777,
    "18": 0.14345,
    "19": 0.21614,
    "20": 0.22473,
    "21": 0.2399,
    "22": 0.23602,
    "23": 0.18345
  }
}