{
  "day": "2023-05-08",
  "data": {
    "0": 0.15085,
    "1": 0.13383,
    "2": 0.13602,
    "3": 0.13444,
    "4": 0.13266,
    "5": 0.15036,
    "6": 0.15895,
    "7": 0.15799,
    "8": 0.17964,
    "9": 0.16341,
    "10": 0.15441,
    "11": 0.19018,
    "12": 0.18882,
    "13": 0.19166,
    "14": 0.1869,
    "15": 0.14281,
    "16": 0.14474,
    "17": 0.14736,
    "18": 0.14773,
    "19": 0.22105,
    "20": 0.23272,
    "21": 0.23858,
    "22": 0.2358,
    "23": 0.1913
  }
}