{
  "day": "2023-05-09",
  "data": {
    "0": 0.14376,
    "1": 0.1375,
    "2": 0.13503,
    "3": 0.13717,
    "4": 0.13519,
    "5": 0.14554,
    "6": 0.15044,
    "7": 0.15919,
    "8": 0.18264,
    "9": 0.16736,
    "10": 0.16167,
    "11": 0.21409,
    "12": 0.21229,
    "13": 0.1845,
    "14": 0.17744,
    "15": 0.10018,
    "16": 0.08827,
    "17": 0.0881,
    "18": 0.09945,
    "19": 0.17853,
    "20": 0.21019,
    "21": 0.22182,
    "22": 0.21964,
    "23": 0.15921
  }
}