{
  "day": "2023-05-11",
  "data": {
    "0": 0.13802,
    "1": 0.13586,
    "2": 0.13583,
    "3": 0.12522,
    "4": 0.12276,
    "5": 0.12857,
    "6": 0.13515,
    "7": 0.14648,
    "8": 0.16699,
    "9": 0.14763,
    "10": 0.12846,
    "11": 0.16813,
    "12": 0.16723,
    "13": 0.1667,
    "14": 0.16784,
    "15": 0.10661,
    "16": 0.10093,
    "17": 0.10129,
    "18": 0.10346,
    "19": 0.17675,
    "20": 0.20738,
    "21": 0.22076,
    "22": 0.22674,
    "23": 0.1672
  }
}