{
  "day": "2023-05-14",
  "data": {
    "0": 0.11621,
    "1": 0.10812,
    "2": 0.09939,
    "3": 0.1098,
    "4": 0.11006,
    "5": 0.11024,
    "6": 0.11075,
    "7": 0.10529,
    "8": 0.08716,
    "9": 0.05352,
    "10": 0.0435,
    "11": 0.03684,
    "12": 0.03289,
    "13": 0.03394,
    "14": 0.03452,
    "15": 0.03477,
    "16": 0.03623,
    "17": 0.03692,
    "18": 0.04509,
    "19": 0.04792,
    "20": 0.09629,
    "21": 0.1353,
    "22": 0.13729,
    "23": 0.12937
  }
}