{
  "day": "2023-05-16",
  "data": {
    "0": 0.10061,
    "1": 0.09846,
    "2": 0.08303,
    "3": 0.08267,
    "4": 0.08086,
    "5": 0.08256,
    "6": 0.09881,
    "7": 0.10228,
    "8": 0.12438,
    "9": 0.09556,
    "10": 0.06595,
    "11": 0.09906,
    "12": 0.09914,
    "13": 0.10799,
    "14": 0.10884,
    "15": 0.05384,
    "16": 0.05496,
    "17": 0.06561,
    "18": 0.07412,
    "19": 0.14666,
    "20": 0.17754,
    "21": 0.20449,
    "22": 0.18032,
    "23": 0.12452
  }
}