{
  "day": "2023-05-17",
  "data": {
    "0": 0.10463,
    "1": 0.08274,
    "2": 0.07719,
    "3": 0.07858,
    "4": 0.07638,
    "5": 0.07647,
    "6": 0.09866,
    "7": 0.09945,
    "8": 0.11495,
    "9": 0.097,
    "10": 0.0886,
    "11": 0.1215,
    "12": 0.12401,
    "13": 0.13137,
    "14": 0.1241,
    "15": 0.06928,
    "16": 0.08798,
    "17": 0.09451,
    "18": 0.09017,
    "19": 0.15082,
    "20": 0.17641,
    "21": 0.20539,
    "22": 0.19499,
    "23": 0.13027
  }
}