{
  "day": "2023-05-18",
  "data": {
    "0": 0.09833,
    "1": 0.08796,
    "2": 0.08684,
    "3": 0.08833,
    "4": 0.10084,
    "5": 0.10146,
    "6": 0.10163,
    "7": 0.12068,
    "8": 0.12974,
    "9": 0.10382,
    "10": 0.09439,
    "11": 0.13314,
    "12": 0.1273,
    "13": 0.11858,
    "14": 0.11625,
    "15": 0.07111,
    "16": 0.06534,
    "17": 0.07158,
    "18": 0.08137,
    "19": 0.14055,
    "20": 0.17302,
    "21": 0.20029,
    "22": 0.19556,
    "23": 0.13384
  }
}