{
  "day": "2023-05-19",
  "data": {
    "0": 0.10931,
    "1": 0.10634,
    "2": 0.10422,
    "3": 0.10699,
    "4": 0.10393,
    "5": 0.10543,
    "6": 0.10601,
    "7": 0.10804,
    "8": 0.12872,
    "9": 0.10426,
    "10": 0.09745,
    "11": 0.13792,
    "12": 0.14107,
    "13": 0.14083,
    "14": 0.12882,
    "15": 0.08429,
    "16": 0.08429,
    "17": 0.09428,
    "18": 0.1021,
    "19": 0.14893,
    "20": 0.18532,
    "21": 0.20237,
    "22": 0.20516,
    "23": 0.14934
  }
}