{
  "day": "2023-05-22",
  "data": {
    "0": 0.12666,
    "1": 0.1223,
    "2": 0.12339,
    "3": 0.12505,
    "4": 0.12299,
    "5": 0.12439,
    "6": 0.12906,
    "7": 0.14015,
    "8": 0.17932,
    "9": 0.16872,
    "10": 0.15453,
    "11": 0.19221,
    "12": 0.19063,
    "13": 0.1874,
    "14": 0.18582,
    "15": 0.13314,
    "16": 0.14085,
    "17": 0.1421,
    "18": 0.14616,
    "19": 0.19628,
    "20": 0.1964,
    "21": 0.20796,
    "22": 0.20914,
    "23": 0.15348
  }
}