{
  "day": "2023-05-24",
  "data": {
    "0": 0.13027,
    "1": 0.127,
    "2": 0.11666,
    "3": 0.11416,
    "4": 0.1137,
    "5": 0.11373,
    "6": 0.1122,
    "7": 0.13052,
    "8": 0.16204,
    "9": 0.16005,
    "10": 0.14684,
    "11": 0.18634,
    "12": 0.18594,
    "13": 0.18317,
    "14": 0.18181,
    "15": 0.13585,
    "16": 0.13073,
    "17": 0.13115,
    "18": 0.13521,
    "19": 0.19484,
    "20": 0.20297,
    "21": 0.21222,
    "22": 0.21301,
    "23": 0.16302
  }
}