{
  "day": "2023-05-25",
  "data": {
    "0": 0.13389,
    "1": 0.12602,
    "2": 0.1164,
    "3": 0.11466,
    "4": 0.11307,
    "5": 0.115,
    "6": 0.13492,
    "7": 0.14017,
    "8": 0.16659,
    "9": 0.14185,
    "10": 0.12903,
    "11": 0.15671,
    "12": 0.13887,
    "13": 0.13473,
    "14": 0.13606,
    "15": 0.08741,
    "16": 0.09612,
    "17": 0.13248,
    "18": 0.13365,
    "19": 0.18481,
    "20": 0.20047,
    "21": 0.20902,
    "22": 0.21815,
    "23": 0.16417
  }
}