{
  "day": "2023-05-27",
  "data": {
    "0": 0.13483,
    "1": 0.12798,
    "2": 0.12402,
    "3": 0.12221,
    "4": 0.126,
    "5": 0.12818,
    "6": 0.13068,
    "7": 0.12666,
    "8": 0.12522,
    "9": 0.12217,
    "10": 0.1207,
    "11": 0.1196,
    "12": 0.12121,
    "13": 0.11605,
    "14": 0.09855,
    "15": 0.09311,
    "16": 0.08967,
    "17": 0.09132,
    "18": 0.12105,
    "19": 0.12981,
    "20": 0.13673,
    "21": 0.14491,
    "22": 0.14693,
    "23": 0.14845
  }
}