{
  "day": "2023-05-28",
  "data": {
    "0": 0.14569,
    "1": 0.14129,
    "2": 0.14141,
    "3": 0.14219,
    "4": 0.14184,
    "5": 0.14193,
    "6": 0.13952,
    "7": 0.13067,
    "8": 0.12491,
    "9": 0.12017,
    "10": 0.11599,
    "11": 0.11308,
    "12": 0.10386,
    "13": 0.10273,
    "14": 0.10083,
    "15": 0.08663,
    "16": 0.08365,
    "17": 0.08552,
    "18": 0.09336,
    "19": 0.11233,
    "20": 0.13902,
    "21": 0.14411,
    "22": 0.15245,
    "23": 0.14374
  }
}