{
  "day": "2023-05-30",
  "data": {
    "0": 0.12778,
    "1": 0.12123,
    "2": 0.12151,
    "3": 0.12256,
    "4": 0.12253,
    "5": 0.12195,
    "6": 0.13576,
    "7": 0.1455,
    "8": 0.17281,
    "9": 0.15573,
    "10": 0.15077,
    "11": 0.18689,
    "12": 0.18757,
    "13": 0.18395,
    "14": 0.18432,
    "15": 0.13276,
    "16": 0.13318,
    "17": 0.13897,
    "18": 0.14481,
    "19": 0.20626,
    "20": 0.2124,
    "21": 0.23391,
    "22": 0.23673,
    "23": 0.16472
  }
}