{
  "day": "2021-10-01",
  "data": {
    "0": 0.27272,
    "1": 0.27036,
    "2": 0.26974,
    "3": 0.26713,
    "4": 0.26617,
    "5": 0.26664,
    "6": 0.2697,
    "7": 0.27186,
    "8": 0.30325,
    "9": 0.28874,
    "10": 0.29474,
    "11": 0.28763,
    "12": 0.28163,
    "13": 0.27598,
    "14": 0.26016,
    "15": 0.26145,
    "16": 0.26124,
    "17": 0.26346,
    "18": 0.28032,
    "19": 0.29972,
    "20": 0.3099,
    "21": 0.31154,
    "22": 0.29701,
    "23": 0.29325
  }
}