{
  "day": "2021-10-02",
  "data": {
    "0": 0.28816,
    "1": 0.2859,
    "2": 0.28002,
    "3": 0.27713,
    "4": 0.27526,
    "5": 0.27342,
    "6": 0.27302,
    "7": 0.27031,
    "8": 0.26686,
    "9": 0.26136,
    "10": 0.24964,
    "11": 0.19732,
    "12": 0.17434,
    "13": 0.16344,
    "14": 0.15945,
    "15": 0.08432,
    "16": 0.07611,
    "17": 0.12201,
    "18": 0.17002,
    "19": 0.19756,
    "20": 0.25657,
    "21": 0.2558,
    "22": 0.201,
    "23": 0.18261
  }
}