{
  "day": "2021-10-06",
  "data": {
    "0": 0.29567,
    "1": 0.29586,
    "2": 0.29412,
    "3": 0.28985,
    "4": 0.28619,
    "5": 0.28579,
    "6": 0.2936,
    "7": 0.29483,
    "8": 0.32476,
    "9": 0.30923,
    "10": 0.30696,
    "11": 0.2784,
    "12": 0.27217,
    "13": 0.26465,
    "14": 0.25791,
    "15": 0.25815,
    "16": 0.2625,
    "17": 0.29577,
    "18": 0.32154,
    "19": 0.34269,
    "20": 0.34887,
    "21": 0.3328,
    "22": 0.31937,
    "23": 0.30866
  }
}