{
  "day": "2021-10-11",
  "data": {
    "0": 0.19484,
    "1": 0.1887,
    "2": 0.17083,
    "3": 0.17195,
    "4": 0.18104,
    "5": 0.1954,
    "6": 0.22799,
    "7": 0.27457,
    "8": 0.3023,
    "9": 0.29116,
    "10": 0.28866,
    "11": 0.25828,
    "12": 0.24528,
    "13": 0.24274,
    "14": 0.22723,
    "15": 0.20938,
    "16": 0.21406,
    "17": 0.25635,
    "18": 0.30959,
    "19": 0.32488,
    "20": 0.32745,
    "21": 0.31869,
    "22": 0.28884,
    "23": 0.25212
  }
}