{
  "day": "2021-10-23",
  "data": {
    "0": 0.2582,
    "1": 0.24565,
    "2": 0.24384,
    "3": 0.23599,
    "4": 0.2423,
    "5": 0.23648,
    "6": 0.25202,
    "7": 0.27262,
    "8": 0.28202,
    "9": 0.28713,
    "10": 0.26553,
    "11": 0.2408,
    "12": 0.23099,
    "13": 0.22754,
    "14": 0.2251,
    "15": 0.21565,
    "16": 0.21792,
    "17": 0.24713,
    "18": 0.28991,
    "19": 0.31177,
    "20": 0.31038,
    "21": 0.31004,
    "22": 0.29274,
    "23": 0.27203
  }
}