{
  "day": "2021-10-25",
  "data": {
    "0": 0.28118,
    "1": 0.28278,
    "2": 0.26623,
    "3": 0.26622,
    "4": 0.26573,
    "5": 0.26487,
    "6": 0.25952,
    "7": 0.2922,
    "8": 0.32548,
    "9": 0.31134,
    "10": 0.30951,
    "11": 0.29668,
    "12": 0.28575,
    "13": 0.27143,
    "14": 0.26875,
    "15": 0.2623,
    "16": 0.28232,
    "17": 0.2988,
    "18": 0.32046,
    "19": 0.34874,
    "20": 0.33532,
    "21": 0.32289,
    "22": 0.29348,
    "23": 0.27804
  }
}