{
  "day": "2021-10-27",
  "data": {
    "0": 0.29352,
    "1": 0.28923,
    "2": 0.27659,
    "3": 0.27383,
    "4": 0.27379,
    "5": 0.27281,
    "6": 0.27437,
    "7": 0.30111,
    "8": 0.33413,
    "9": 0.32039,
    "10": 0.3104,
    "11": 0.29641,
    "12": 0.29149,
    "13": 0.26535,
    "14": 0.24128,
    "15": 0.2381,
    "16": 0.24022,
    "17": 0.27125,
    "18": 0.31349,
    "19": 0.34728,
    "20": 0.34284,
    "21": 0.33486,
    "22": 0.30685,
    "23": 0.28844
  }
}