{
  "day": "2021-10-28",
  "data": {
    "0": 0.26927,
    "1": 0.24122,
    "2": 0.228,
    "3": 0.22664,
    "4": 0.21714,
    "5": 0.22523,
    "6": 0.2504,
    "7": 0.28382,
    "8": 0.32696,
    "9": 0.30533,
    "10": 0.29568,
    "11": 0.27916,
    "12": 0.26559,
    "13": 0.2524,
    "14": 0.23208,
    "15": 0.22622,
    "16": 0.23092,
    "17": 0.26312,
    "18": 0.29635,
    "19": 0.32455,
    "20": 0.33265,
    "21": 0.31514,
    "22": 0.25788,
    "23": 0.2498
  }
}