{
  "day": "2021-10-30",
  "data": {
    "0": 0.13104,
    "1": 0.12055,
    "2": 0.10397,
    "3": 0.09251,
    "4": 0.08743,
    "5": 0.09089,
    "6": 0.10838,
    "7": 0.12568,
    "8": 0.15316,
    "9": 0.18485,
    "10": 0.18857,
    "11": 0.18009,
    "12": 0.17628,
    "13": 0.16096,
    "14": 0.14934,
    "15": 0.13481,
    "16": 0.16428,
    "17": 0.18968,
    "18": 0.2064,
    "19": 0.2275,
    "20": 0.23331,
    "21": 0.2187,
    "22": 0.1891,
    "23": 0.1687
  }
}