{
  "day": "2022-05-05",
  "data": {
    "0": 0.24695,
    "1": 0.24182,
    "2": 0.23757,
    "3": 0.24725,
    "4": 0.25579,
    "5": 0.2545,
    "6": 0.2532,
    "7": 0.26144,
    "8": 0.29439,
    "9": 0.27778,
    "10": 0.31858,
    "11": 0.28198,
    "12": 0.29494,
    "13": 0.293,
    "14": 0.22875,
    "15": 0.23156,
    "16": 0.22918,
    "17": 0.23159,
    "18": 0.28903,
    "19": 0.31178,
    "20": 0.33471,
    "21": 0.34489,
    "22": 0.2875,
    "23": 0.27859
  }
}