{
  "day": "2022-05-09",
  "data": {
    "0": 0.26148,
    "1": 0.25496,
    "2": 0.25399,
    "3": 0.24927,
    "4": 0.25226,
    "5": 0.26896,
    "6": 0.27711,
    "7": 0.28464,
    "8": 0.30794,
    "9": 0.28928,
    "10": 0.31437,
    "11": 0.3103,
    "12": 0.31426,
    "13": 0.31289,
    "14": 0.26033,
    "15": 0.25614,
    "16": 0.26491,
    "17": 0.27659,
    "18": 0.324,
    "19": 0.33095,
    "20": 0.34725,
    "21": 0.37148,
    "22": 0.30652,
    "23": 0.29164
  }
}