{
  "day": "2022-05-11",
  "data": {
    "0": 0.25456,
    "1": 0.24145,
    "2": 0.23525,
    "3": 0.22998,
    "4": 0.2309,
    "5": 0.23734,
    "6": 0.26901,
    "7": 0.27849,
    "8": 0.30458,
    "9": 0.26932,
    "10": 0.29397,
    "11": 0.28181,
    "12": 0.2756,
    "13": 0.27251,
    "14": 0.22502,
    "15": 0.22092,
    "16": 0.22211,
    "17": 0.22474,
    "18": 0.28217,
    "19": 0.28968,
    "20": 0.3371,
    "21": 0.33679,
    "22": 0.27722,
    "23": 0.26365
  }
}