{
  "day": "2022-05-16",
  "data": {
    "0": 0.23097,
    "1": 0.22283,
    "2": 0.22402,
    "3": 0.22674,
    "4": 0.22606,
    "5": 0.23865,
    "6": 0.28527,
    "7": 0.30198,
    "8": 0.32166,
    "9": 0.30266,
    "10": 0.32726,
    "11": 0.29976,
    "12": 0.29317,
    "13": 0.28031,
    "14": 0.22635,
    "15": 0.22973,
    "16": 0.23122,
    "17": 0.23177,
    "18": 0.28044,
    "19": 0.31917,
    "20": 0.35194,
    "21": 0.36727,
    "22": 0.31477,
    "23": 0.30727
  }
}