{
  "day": "2022-05-17",
  "data": {
    "0": 0.2505,
    "1": 0.24519,
    "2": 0.23938,
    "3": 0.2364,
    "4": 0.24176,
    "5": 0.25504,
    "6": 0.28328,
    "7": 0.29142,
    "8": 0.31269,
    "9": 0.28184,
    "10": 0.29454,
    "11": 0.27255,
    "12": 0.27146,
    "13": 0.27028,
    "14": 0.22486,
    "15": 0.2287,
    "16": 0.2305,
    "17": 0.23942,
    "18": 0.30479,
    "19": 0.34551,
    "20": 0.37001,
    "21": 0.38916,
    "22": 0.32341,
    "23": 0.31204
  }
}