{
  "day": "2022-05-18",
  "data": {
    "0": 0.25335,
    "1": 0.23415,
    "2": 0.22713,
    "3": 0.22505,
    "4": 0.22217,
    "5": 0.22869,
    "6": 0.27365,
    "7": 0.28738,
    "8": 0.3124,
    "9": 0.29242,
    "10": 0.32524,
    "11": 0.28586,
    "12": 0.28264,
    "13": 0.27819,
    "14": 0.2316,
    "15": 0.23768,
    "16": 0.23975,
    "17": 0.24386,
    "18": 0.29728,
    "19": 0.3339,
    "20": 0.35121,
    "21": 0.35699,
    "22": 0.30059,
    "23": 0.26549
  }
}