{
  "day": "2022-05-19",
  "data": {
    "0": 0.24171,
    "1": 0.23033,
    "2": 0.226,
    "3": 0.22239,
    "4": 0.22436,
    "5": 0.23168,
    "6": 0.27497,
    "7": 0.28824,
    "8": 0.31306,
    "9": 0.2874,
    "10": 0.31613,
    "11": 0.28473,
    "12": 0.27975,
    "13": 0.27556,
    "14": 0.228,
    "15": 0.22683,
    "16": 0.22716,
    "17": 0.23148,
    "18": 0.28358,
    "19": 0.2993,
    "20": 0.34465,
    "21": 0.35748,
    "22": 0.30191,
    "23": 0.28816
  }
}