{
  "day": "2022-05-20",
  "data": {
    "0": 0.25801,
    "1": 0.24356,
    "2": 0.23761,
    "3": 0.23799,
    "4": 0.23973,
    "5": 0.26164,
    "6": 0.28013,
    "7": 0.28166,
    "8": 0.3136,
    "9": 0.29769,
    "10": 0.32219,
    "11": 0.31575,
    "12": 0.31005,
    "13": 0.30316,
    "14": 0.24593,
    "15": 0.24234,
    "16": 0.25071,
    "17": 0.26146,
    "18": 0.33527,
    "19": 0.34973,
    "20": 0.35158,
    "21": 0.33681,
    "22": 0.27804,
    "23": 0.26136
  }
}