{
  "day": "2022-05-22",
  "data": {
    "0": 0.26543,
    "1": 0.22852,
    "2": 0.22326,
    "3": 0.22718,
    "4": 0.2278,
    "5": 0.2323,
    "6": 0.23817,
    "7": 0.238,
    "8": 0.23612,
    "9": 0.21756,
    "10": 0.20847,
    "11": 0.19973,
    "12": 0.18772,
    "13": 0.17944,
    "14": 0.13298,
    "15": 0.13946,
    "16": 0.17494,
    "17": 0.18517,
    "18": 0.19997,
    "19": 0.21841,
    "20": 0.27379,
    "21": 0.27765,
    "22": 0.26731,
    "23": 0.26364
  }
}