{
  "day": "2022-05-25",
  "data": {
    "0": 0.24732,
    "1": 0.24037,
    "2": 0.23306,
    "3": 0.23282,
    "4": 0.23528,
    "5": 0.24074,
    "6": 0.27625,
    "7": 0.28653,
    "8": 0.31178,
    "9": 0.2915,
    "10": 0.3139,
    "11": 0.29527,
    "12": 0.30632,
    "13": 0.30594,
    "14": 0.23698,
    "15": 0.24044,
    "16": 0.23801,
    "17": 0.23999,
    "18": 0.29434,
    "19": 0.31586,
    "20": 0.33665,
    "21": 0.34212,
    "22": 0.28934,
    "23": 0.27474
  }
}