{
  "day": "2022-05-26",
  "data": {
    "0": 0.2328,
    "1": 0.22587,
    "2": 0.21861,
    "3": 0.21001,
    "4": 0.2099,
    "5": 0.21154,
    "6": 0.24018,
    "7": 0.24938,
    "8": 0.27206,
    "9": 0.23502,
    "10": 0.28306,
    "11": 0.29502,
    "12": 0.28376,
    "13": 0.2726,
    "14": 0.22861,
    "15": 0.22876,
    "16": 0.23188,
    "17": 0.23884,
    "18": 0.28344,
    "19": 0.32309,
    "20": 0.32987,
    "21": 0.34204,
    "22": 0.29288,
    "23": 0.29444
  }
}