{
  "day": "2022-05-29",
  "data": {
    "0": 0.23846,
    "1": 0.23897,
    "2": 0.22309,
    "3": 0.22002,
    "4": 0.21655,
    "5": 0.22829,
    "6": 0.24618,
    "7": 0.22802,
    "8": 0.20156,
    "9": 0.18954,
    "10": 0.18562,
    "11": 0.19049,
    "12": 0.1857,
    "13": 0.17821,
    "14": 0.16715,
    "15": 0.16847,
    "16": 0.16847,
    "17": 0.19168,
    "18": 0.20048,
    "19": 0.23852,
    "20": 0.27004,
    "21": 0.27735,
    "22": 0.28013,
    "23": 0.26724
  }
}